ISO-10303-21;
HEADER;
/* Generated by software containing ST-Developer
 * from STEP Tools, Inc. (www.steptools.com) 
 */
/* OPTION: using custom renumber hook */

FILE_DESCRIPTION(
/* description */ ('STEP AP242 Edition 2',
'CAx-IF Rec.Pracs.---Representation and Presentation of Product Manufa
cturing Information (PMI)---4.0---2014-10-13',
'CAx-IF Rec.Pracs.---3D Tessellated Geometry---0.4---2014-09-14','2;1',
'CAx-IF Rec.Pracs.---User Defined Attributes---1.5---2016-08-15'),
/* implementation_level */ '2;1');

FILE_NAME(
/* name */ 'Assembly 1 - window',
/* time_stamp */ '2026-09-07T22:10:45Z',
/* author */ (''),
/* organization */ (''),
/* preprocessor_version */ 'ST-DEVELOPER v20',
/* originating_system */ 'ONSHAPE BY PTC INC, 1.220',
/* authorisation */ '  ');

FILE_SCHEMA (('AP242_MANAGED_MODEL_BASED_3D_ENGINEERING_MIM_LF { 1 0 10303 442 3 1 4 }'));
ENDSEC;

DATA;
#10=SHAPE_REPRESENTATION_RELATIONSHIP('','',#976,#11);
#11=ADVANCED_BREP_SHAPE_REPRESENTATION('',(#974),#2709);
#12=LINE('',#1882,#40);
#13=LINE('',#1886,#41);
#14=LINE('',#1890,#42);
#15=LINE('',#1894,#43);
#16=LINE('',#1902,#44);
#17=LINE('',#1909,#45);
#18=LINE('',#1921,#46);
#19=LINE('',#1925,#47);
#20=LINE('',#1929,#48);
#21=LINE('',#1934,#49);
#22=LINE('',#1937,#50);
#23=LINE('',#1941,#51);
#24=LINE('',#1946,#52);
#25=LINE('',#1965,#53);
#26=LINE('',#1969,#54);
#27=LINE('',#1975,#55);
#28=LINE('',#1981,#56);
#29=LINE('',#1986,#57);
#30=LINE('',#1990,#58);
#31=LINE('',#2005,#59);
#32=LINE('',#2010,#60);
#33=LINE('',#2129,#61);
#34=LINE('',#2259,#62);
#35=LINE('',#2267,#63);
#36=LINE('',#2269,#64);
#37=LINE('',#2298,#65);
#38=LINE('',#2300,#66);
#39=LINE('',#2308,#67);
#40=VECTOR('',#1096,1.);
#41=VECTOR('',#1099,1.);
#42=VECTOR('',#1102,1.);
#43=VECTOR('',#1107,1.);
#44=VECTOR('',#1110,1.);
#45=VECTOR('',#1111,1.);
#46=VECTOR('',#1112,1.);
#47=VECTOR('',#1115,1.);
#48=VECTOR('',#1120,1.);
#49=VECTOR('',#1123,1.);
#50=VECTOR('',#1126,1.);
#51=VECTOR('',#1131,1.);
#52=VECTOR('',#1134,1.);
#53=VECTOR('',#1135,1.);
#54=VECTOR('',#1140,1.);
#55=VECTOR('',#1147,1.);
#56=VECTOR('',#1154,1.);
#57=VECTOR('',#1159,1.);
#58=VECTOR('',#1162,1.);
#59=VECTOR('',#1167,1.);
#60=VECTOR('',#1174,1.);
#61=VECTOR('',#1193,1.);
#62=VECTOR('',#1222,1.);
#63=VECTOR('',#1223,1.);
#64=VECTOR('',#1226,1.);
#65=VECTOR('',#1229,1.);
#66=VECTOR('',#1232,1.);
#67=VECTOR('',#1235,1.);
#68=CYLINDRICAL_SURFACE('',#988,0.023);
#69=CYLINDRICAL_SURFACE('',#991,0.044);
#70=CYLINDRICAL_SURFACE('',#993,0.013);
#71=CYLINDRICAL_SURFACE('',#996,0.072);
#72=CYLINDRICAL_SURFACE('',#1000,0.036);
#73=CYLINDRICAL_SURFACE('',#1003,0.019);
#74=CYLINDRICAL_SURFACE('',#1006,0.016);
#75=CYLINDRICAL_SURFACE('',#1009,0.059);
#76=CYLINDRICAL_SURFACE('',#1013,0.01);
#77=CYLINDRICAL_SURFACE('',#1017,0.019);
#78=CYLINDRICAL_SURFACE('',#1023,0.00693042593889283);
#79=CYLINDRICAL_SURFACE('',#1026,0.0239265549098314);
#80=CYLINDRICAL_SURFACE('',#1037,0.00276566212137249);
#81=CYLINDRICAL_SURFACE('',#1041,0.0127656621213725);
#82=CYLINDRICAL_SURFACE('',#1043,0.039);
#83=CYLINDRICAL_SURFACE('',#1053,0.000577859583776839);
#84=CYLINDRICAL_SURFACE('',#1055,0.000112208368561932);
#85=CYLINDRICAL_SURFACE('',#1057,0.000337989898732234);
#86=CYLINDRICAL_SURFACE('',#1071,0.000337989898732234);
#87=B_SPLINE_SURFACE_WITH_KNOTS('',3,3,((#1435,#1436,#1437,#1438,#1439,
#1440,#1441,#1442,#1443,#1444,#1445,#1446,#1447),(#1448,#1449,#1450,#1451,
#1452,#1453,#1454,#1455,#1456,#1457,#1458,#1459,#1460),(#1461,#1462,#1463,
#1464,#1465,#1466,#1467,#1468,#1469,#1470,#1471,#1472,#1473),(#1474,#1475,
#1476,#1477,#1478,#1479,#1480,#1481,#1482,#1483,#1484,#1485,#1486),(#1487,
#1488,#1489,#1490,#1491,#1492,#1493,#1494,#1495,#1496,#1497,#1498,#1499),
(#1500,#1501,#1502,#1503,#1504,#1505,#1506,#1507,#1508,#1509,#1510,#1511,
#1512),(#1513,#1514,#1515,#1516,#1517,#1518,#1519,#1520,#1521,#1522,#1523,
#1524,#1525),(#1526,#1527,#1528,#1529,#1530,#1531,#1532,#1533,#1534,#1535,
#1536,#1537,#1538),(#1539,#1540,#1541,#1542,#1543,#1544,#1545,#1546,#1547,
#1548,#1549,#1550,#1551),(#1552,#1553,#1554,#1555,#1556,#1557,#1558,#1559,
#1560,#1561,#1562,#1563,#1564),(#1565,#1566,#1567,#1568,#1569,#1570,#1571,
#1572,#1573,#1574,#1575,#1576,#1577),(#1578,#1579,#1580,#1581,#1582,#1583,
#1584,#1585,#1586,#1587,#1588,#1589,#1590),(#1591,#1592,#1593,#1594,#1595,
#1596,#1597,#1598,#1599,#1600,#1601,#1602,#1603),(#1604,#1605,#1606,#1607,
#1608,#1609,#1610,#1611,#1612,#1613,#1614,#1615,#1616),(#1617,#1618,#1619,
#1620,#1621,#1622,#1623,#1624,#1625,#1626,#1627,#1628,#1629),(#1630,#1631,
#1632,#1633,#1634,#1635,#1636,#1637,#1638,#1639,#1640,#1641,#1642),(#1643,
#1644,#1645,#1646,#1647,#1648,#1649,#1650,#1651,#1652,#1653,#1654,#1655),
(#1656,#1657,#1658,#1659,#1660,#1661,#1662,#1663,#1664,#1665,#1666,#1667,
#1668),(#1669,#1670,#1671,#1672,#1673,#1674,#1675,#1676,#1677,#1678,#1679,
#1680,#1681),(#1682,#1683,#1684,#1685,#1686,#1687,#1688,#1689,#1690,#1691,
#1692,#1693,#1694),(#1695,#1696,#1697,#1698,#1699,#1700,#1701,#1702,#1703,
#1704,#1705,#1706,#1707)),.UNSPECIFIED.,.F.,.F.,.F.,(4,1,1,1,1,1,1,1,1,
1,1,1,1,1,1,1,1,1,4),(4,1,1,1,1,1,1,1,1,1,4),(0.0305743675158732,0.0343395179758463,
0.0381046684358193,0.0399872436658058,0.0418698188957924,0.0456349693557654,
0.0494001198157385,0.051282695045725,0.0531652702757115,0.0550478455056981,
0.0569304207356846,0.0578717083506778,0.0588129959656711,0.0597542835806644,
0.060224927388161,0.0604602492919093,0.0605190797678464,0.0605779102437835,
0.0606955711956576),(0.,0.0664665334311251,0.13293306686225,0.2658661337245,
0.398799200586751,0.531732267449001,0.664665334311251,0.797598401173501,
0.930531468035751,0.996998001466876,1.063464534898),.UNSPECIFIED.);
#88=B_SPLINE_SURFACE_WITH_KNOTS('',3,3,((#1753,#1754,#1755,#1756,#1757,
#1758),(#1759,#1760,#1761,#1762,#1763,#1764),(#1765,#1766,#1767,#1768,#1769,
#1770),(#1771,#1772,#1773,#1774,#1775,#1776),(#1777,#1778,#1779,#1780,#1781,
#1782),(#1783,#1784,#1785,#1786,#1787,#1788),(#1789,#1790,#1791,#1792,#1793,
#1794),(#1795,#1796,#1797,#1798,#1799,#1800),(#1801,#1802,#1803,#1804,#1805,
#1806),(#1807,#1808,#1809,#1810,#1811,#1812)),.UNSPECIFIED.,.F.,.F.,.F.,
(4,2,2,2,4),(4,2,4),(0.,0.25,0.5,0.75,0.867219541170224),(0.351468080953866,
0.75,1.),.UNSPECIFIED.);
#89=B_SPLINE_SURFACE_WITH_KNOTS('',3,1,((#2116,#2117),(#2118,#2119),(#2120,
#2121),(#2122,#2123)),.SURF_OF_LINEAR_EXTRUSION.,.F.,.F.,.F.,(4,4),(2,2),
(0.0835279007067724,0.735353528477647),(0.,1.),.PIECEWISE_BEZIER_KNOTS.);
#90=B_SPLINE_SURFACE_WITH_KNOTS('',3,1,((#2141,#2142),(#2143,#2144),(#2145,
#2146),(#2147,#2148)),.SURF_OF_LINEAR_EXTRUSION.,.F.,.F.,.F.,(4,4),(2,2),
(0.,0.802228532228976),(0.,1.),.PIECEWISE_BEZIER_KNOTS.);
#91=B_SPLINE_SURFACE_WITH_KNOTS('',3,1,((#2242,#2243),(#2244,#2245),(#2246,
#2247),(#2248,#2249),(#2250,#2251)),.SURF_OF_LINEAR_EXTRUSION.,.F.,.F.,
 .F.,(4,1,4),(2,2),(0.0257031547238978,0.44821837746228,0.870733600200662),
(0.,1.),.UNSPECIFIED.);
#92=B_SPLINE_SURFACE_WITH_KNOTS('',3,1,((#2285,#2286),(#2287,#2288),(#2289,
#2290),(#2291,#2292)),.SURF_OF_LINEAR_EXTRUSION.,.F.,.F.,.F.,(4,4),(2,2),
(0.13111147398952,1.),(0.,1.),.PIECEWISE_BEZIER_KNOTS.);
#93=B_SPLINE_SURFACE_WITH_KNOTS('',3,1,((#2309,#2310),(#2311,#2312),(#2313,
#2314),(#2315,#2316),(#2317,#2318),(#2319,#2320),(#2321,#2322),(#2323,#2324),
(#2325,#2326),(#2327,#2328)),.SURF_OF_LINEAR_EXTRUSION.,.F.,.F.,.F.,(4,
1,1,1,1,1,1,4),(2,2),(0.,0.125,0.25,0.5,0.625,0.75,0.875,1.),(0.,1.),
 .UNSPECIFIED.);
#94=(
BOUNDED_SURFACE()
B_SPLINE_SURFACE(3,2,((#1330,#1331,#1332),(#1333,#1334,#1335),(#1336,#1337,
#1338),(#1339,#1340,#1341),(#1342,#1343,#1344),(#1345,#1346,#1347),(#1348,
#1349,#1350),(#1351,#1352,#1353),(#1354,#1355,#1356),(#1357,#1358,#1359)),
 .UNSPECIFIED.,.F.,.F.,.F.)
B_SPLINE_SURFACE_WITH_KNOTS((4,1,1,1,1,1,1,4),(3,3),(0.0244959116654077,
0.0255224500868371,0.0265489885082665,0.0286020653511254,0.0306551421939843,
0.0327082190368432,0.0368143727225609,0.0409205264082786),(0.,1.),
 .UNSPECIFIED.)
GEOMETRIC_REPRESENTATION_ITEM()
RATIONAL_B_SPLINE_SURFACE(((1.,0.815318339427453,1.),(1.,0.816462948285162,
1.),(1.,0.819080584699235,1.),(1.,0.823979682543672,1.),(1.,0.830131653700372,
1.),(1.,0.837386104692782,1.),(1.,0.847004386805602,1.),(1.,0.858955674041153,
1.),(1.,0.868668623912575,1.),(1.,0.87350615384715,1.)))
REPRESENTATION_ITEM('')
SURFACE()
);
#95=(
BOUNDED_SURFACE()
B_SPLINE_SURFACE(3,2,((#1374,#1375,#1376),(#1377,#1378,#1379),(#1380,#1381,
#1382),(#1383,#1384,#1385),(#1386,#1387,#1388),(#1389,#1390,#1391),(#1392,
#1393,#1394),(#1395,#1396,#1397)),.UNSPECIFIED.,.F.,.F.,.F.)
B_SPLINE_SURFACE_WITH_KNOTS((4,1,1,1,1,4),(3,3),(1.73472347597681E-18,0.0141873919274205,
0.0177342399092756,0.0212810878911307,0.0248279358729858,0.0283747838548409),
(0.,1.),.UNSPECIFIED.)
GEOMETRIC_REPRESENTATION_ITEM()
RATIONAL_B_SPLINE_SURFACE(((1.,0.873506153847423,1.),(1.,0.916010273897369,
1.),(1.,0.955099908843126,1.),(1.,0.982996394133288,1.),(1.,0.992807786537624,
1.),(1.,0.998696829758722,1.),(1.,1.00000000000059,1.),(1.,1.,1.)))
REPRESENTATION_ITEM('')
SURFACE()
);
#96=(
BOUNDED_SURFACE()
B_SPLINE_SURFACE(3,2,((#1414,#1415,#1416),(#1417,#1418,#1419),(#1420,#1421,
#1422),(#1423,#1424,#1425)),.UNSPECIFIED.,.F.,.F.,.F.)
B_SPLINE_SURFACE_WITH_KNOTS((4,4),(3,3),(0.0102365095863741,0.0118511050389475),
(0.777690535366104,1.),.PIECEWISE_BEZIER_KNOTS.)
GEOMETRIC_REPRESENTATION_ITEM()
RATIONAL_B_SPLINE_SURFACE(((0.936548934036606,0.959205453147553,1.),(0.936548933795059,
0.959205452992256,1.),(0.93302559182762,0.956940193350269,1.),(0.927437021815661,
0.953347138170982,1.)))
REPRESENTATION_ITEM('')
SURFACE()
);
#97=(
BOUNDED_SURFACE()
B_SPLINE_SURFACE(3,2,((#2039,#2040,#2041),(#2042,#2043,#2044),(#2045,#2046,
#2047),(#2048,#2049,#2050),(#2051,#2052,#2053),(#2054,#2055,#2056),(#2057,
#2058,#2059),(#2060,#2061,#2062),(#2063,#2064,#2065),(#2066,#2067,#2068),
(#2069,#2070,#2071),(#2072,#2073,#2074),(#2075,#2076,#2077),(#2078,#2079,
#2080),(#2081,#2082,#2083),(#2084,#2085,#2086),(#2087,#2088,#2089),(#2090,
#2091,#2092),(#2093,#2094,#2095),(#2096,#2097,#2098),(#2099,#2100,#2101),
(#2102,#2103,#2104),(#2105,#2106,#2107),(#2108,#2109,#2110),(#2111,#2112,
#2113)),.UNSPECIFIED.,.F.,.F.,.F.)
B_SPLINE_SURFACE_WITH_KNOTS((4,1,1,1,1,1,1,1,1,1,1,1,1,1,1,1,1,1,1,1,1,
1,4),(3,3),(0.131622349388444,0.131833472115341,0.132044594842237,0.13246684029603,
0.132889085749823,0.133311331203616,0.134155822111202,0.135000313018788,
0.135844803926374,0.13668929483396,0.138378276649132,0.140067258464304,
0.141756240279476,0.14513420390982,0.148512167540164,0.151890131170508,
0.155268094800852,0.158646058431196,0.16202402206154,0.165401985691884,
0.172157912952572,0.17891384021326,0.185669767473948),(0.,1.),
 .UNSPECIFIED.)
GEOMETRIC_REPRESENTATION_ITEM()
RATIONAL_B_SPLINE_SURFACE(((1.,0.999998903872766,1.),(1.,0.999998903810038,
1.),(1.,0.999994023923128,1.),(1.,0.999979174716363,1.),(1.,0.999947907233799,
1.),(1.,0.999891287832099,1.),(1.,0.999789982574279,1.),(1.,0.999615144620839,
1.),(1.,0.999328215562223,1.),(1.,0.998963816592556,1.),(1.,0.998375784659759,
1.),(1.,0.997450891689705,1.),(1.,0.996038867530452,1.),(1.,0.993752713405349,
1.),(1.,0.990143062960838,1.),(1.,0.984552459875472,1.),(1.,0.977768923111927,
1.),(1.,0.969851479168441,1.),(1.,0.960763542765476,1.),(1.,0.950491625202238,
1.),(1.,0.93502643811622,1.),(1.,0.913160245479557,1.),(1.,0.882656929058979,
1.),(1.,0.859276942364022,1.),(1.,0.847221320832444,1.)))
REPRESENTATION_ITEM('')
SURFACE()
);
#98=(
BOUNDED_SURFACE()
B_SPLINE_SURFACE(3,2,((#2181,#2182,#2183),(#2184,#2185,#2186),(#2187,#2188,
#2189),(#2190,#2191,#2192),(#2193,#2194,#2195),(#2196,#2197,#2198),(#2199,
#2200,#2201),(#2202,#2203,#2204),(#2205,#2206,#2207),(#2208,#2209,#2210),
(#2211,#2212,#2213),(#2214,#2215,#2216)),.UNSPECIFIED.,.F.,.F.,.F.)
B_SPLINE_SURFACE_WITH_KNOTS((4,1,1,1,1,1,1,1,1,4),(3,3),(0.000950227307891936,
0.00118251761785347,0.00141480792781501,0.00187938854773808,0.00234396916766115,
0.00280854978758423,0.00373771102743037,0.00466687226727652,0.00652519474696881,
0.0083835172266611),(0.,1.),.UNSPECIFIED.)
GEOMETRIC_REPRESENTATION_ITEM()
RATIONAL_B_SPLINE_SURFACE(((1.,0.744352727107025,1.),(1.,0.746871588318146,
1.),(1.,0.74617060483122,1.),(1.,0.748759584069894,1.),(1.,0.751258983757631,
1.),(1.,0.755864748769994,1.),(1.,0.762333901391261,1.),(1.,0.7714822624478,
1.),(1.,0.786539585688444,1.),(1.,0.802772791719389,1.),(1.,0.80796302494638,
1.),(1.,0.807963025024141,1.)))
REPRESENTATION_ITEM('')
SURFACE()
);
#99=(
BOUNDED_SURFACE()
B_SPLINE_SURFACE(3,2,((#2222,#2223,#2224),(#2225,#2226,#2227),(#2228,#2229,
#2230),(#2231,#2232,#2233)),.UNSPECIFIED.,.F.,.F.,.F.)
B_SPLINE_SURFACE_WITH_KNOTS((4,4),(3,3),(-4.83193286184241E-6,0.0014874662567385),
(0.,1.),.PIECEWISE_BEZIER_KNOTS.)
GEOMETRIC_REPRESENTATION_ITEM()
RATIONAL_B_SPLINE_SURFACE(((1.,0.745951453676622,1.),(1.,0.738928872431407,
1.),(1.,0.723888973354299,1.),(1.,0.707106781186547,1.)))
REPRESENTATION_ITEM('')
SURFACE()
);
#100=(
BOUNDED_SURFACE()
B_SPLINE_SURFACE(3,2,((#2368,#2369,#2370),(#2371,#2372,#2373),(#2374,#2375,
#2376),(#2377,#2378,#2379)),.UNSPECIFIED.,.F.,.F.,.F.)
B_SPLINE_SURFACE_WITH_KNOTS((4,4),(3,3),(0.00859345474552684,0.00969470414862449),
(0.,1.),.PIECEWISE_BEZIER_KNOTS.)
GEOMETRIC_REPRESENTATION_ITEM()
RATIONAL_B_SPLINE_SURFACE(((1.,0.965957647508675,1.),(1.,0.965957640342283,
1.),(1.,0.947859744157951,1.),(1.,0.926568741300324,1.)))
REPRESENTATION_ITEM('')
SURFACE()
);
#101=(
BOUNDED_SURFACE()
B_SPLINE_SURFACE(3,2,((#2382,#2383,#2384),(#2385,#2386,#2387),(#2388,#2389,
#2390),(#2391,#2392,#2393),(#2394,#2395,#2396),(#2397,#2398,#2399),(#2400,
#2401,#2402),(#2403,#2404,#2405),(#2406,#2407,#2408),(#2409,#2410,#2411)),
 .UNSPECIFIED.,.F.,.F.,.F.)
B_SPLINE_SURFACE_WITH_KNOTS((4,1,1,1,1,1,1,4),(3,3),(0.0284328567173593,
0.0293397165098823,0.0302465763024053,0.0311534360949283,0.0320602958874513,
0.0329671556799743,0.0338740154724974,0.0356877350575434),(0.,1.),
 .UNSPECIFIED.)
GEOMETRIC_REPRESENTATION_ITEM()
RATIONAL_B_SPLINE_SURFACE(((1.,0.707106781186549,1.),(1.,0.707106781186549,
1.),(1.,0.707106781186548,1.),(1.,0.707106781186549,1.),(1.,0.707106781186549,
1.),(1.,0.707106781186548,1.),(1.,0.707106781186549,1.),(1.,0.707106781186548,
1.),(1.,0.707106781186549,1.),(1.,0.707106781186549,1.)))
REPRESENTATION_ITEM('')
SURFACE()
);
#102=(
BOUNDED_SURFACE()
B_SPLINE_SURFACE(3,2,((#2434,#2435,#2436),(#2437,#2438,#2439),(#2440,#2441,
#2442),(#2443,#2444,#2445)),.UNSPECIFIED.,.F.,.F.,.F.)
B_SPLINE_SURFACE_WITH_KNOTS((4,4),(3,3),(0.0116885798324599,0.0219873605723819),
(0.,1.),.PIECEWISE_BEZIER_KNOTS.)
GEOMETRIC_REPRESENTATION_ITEM()
RATIONAL_B_SPLINE_SURFACE(((1.,0.707106781186548,1.),(1.,0.707106781186548,
1.),(1.,0.707106781186547,1.),(1.,0.707106781186547,1.)))
REPRESENTATION_ITEM('')
SURFACE()
);
#103=(
BOUNDED_SURFACE()
B_SPLINE_SURFACE(3,2,((#2462,#2463,#2464),(#2465,#2466,#2467),(#2468,#2469,
#2470),(#2471,#2472,#2473),(#2474,#2475,#2476),(#2477,#2478,#2479),(#2480,
#2481,#2482),(#2483,#2484,#2485),(#2486,#2487,#2488),(#2489,#2490,#2491),
(#2492,#2493,#2494),(#2495,#2496,#2497),(#2498,#2499,#2500),(#2501,#2502,
#2503),(#2504,#2505,#2506),(#2507,#2508,#2509),(#2510,#2511,#2512),(#2513,
#2514,#2515),(#2516,#2517,#2518),(#2519,#2520,#2521),(#2522,#2523,#2524),
(#2525,#2526,#2527),(#2528,#2529,#2530),(#2531,#2532,#2533),(#2534,#2535,
#2536),(#2537,#2538,#2539),(#2540,#2541,#2542),(#2543,#2544,#2545),(#2546,
#2547,#2548),(#2549,#2550,#2551),(#2552,#2553,#2554),(#2555,#2556,#2557)),
 .UNSPECIFIED.,.F.,.F.,.F.)
B_SPLINE_SURFACE_WITH_KNOTS((4,1,1,1,1,1,1,1,1,1,1,1,1,1,1,1,1,1,1,1,1,
1,1,1,1,1,1,1,1,4),(3,3),(-6.79481359957927E-17,5.25064758357203E-6,1.0501295167212E-5,
2.1002590334492E-5,3.15038855017719E-5,4.20051806690519E-5,5.25064758363319E-5,
6.30077710036118E-5,8.40103613381717E-5,0.000105012951672732,0.000126015542007292,
0.000168020722676411,0.000210025903345531,0.000252031084014651,0.000294036264683771,
0.000336041445352891,0.000420051806691131,0.00050406216802937,0.00058807252936761,
0.00067208289070585,0.000756093252044089,0.000840103613382329,0.00100812433605881,
0.00117614505873529,0.00134416578141177,0.00151218650408825,0.00168020722676473,
0.00201624867211768,0.00235229011747064,0.0026883315628236),(0.,1.),
 .UNSPECIFIED.)
GEOMETRIC_REPRESENTATION_ITEM()
RATIONAL_B_SPLINE_SURFACE(((1.,0.0766080031615915,1.),(1.,0.0766143881586948,
1.),(1.,0.0790730254725791,1.),(1.,0.0912572156598195,1.),(1.,0.11130587126254,
1.),(1.,0.133883053755075,1.),(1.,0.154775336628164,1.),(1.,0.173601912869545,
1.),(1.,0.196737347889303,1.),(1.,0.222593901203324,1.),(1.,0.250291477889289,
1.),(1.,0.283662927587553,1.),(1.,0.320215752576483,1.),(1.,0.358703280192796,
1.),(1.,0.393243822414495,1.),(1.,0.424751048966389,1.),(1.,0.463501383509111,
1.),(1.,0.506918541545268,1.),(1.,0.553053171148942,1.),(1.,0.594554997874135,
1.),(1.,0.632288098697965,1.),(1.,0.666858215942733,1.),(1.,0.709315035243265,
1.),(1.,0.756423881173309,1.),(1.,0.805239939333702,1.),(1.,0.847467164584271,
1.),(1.,0.883864797062776,1.),(1.,0.925332803568317,1.),(1.,0.96473892944326,
1.),(1.,0.993380911812017,1.),(1.,0.999999998288212,1.),(1.,1.,1.)))
REPRESENTATION_ITEM('')
SURFACE()
);
#104=(
BOUNDED_SURFACE()
B_SPLINE_SURFACE(3,2,((#2570,#2571,#2572),(#2573,#2574,#2575),(#2576,#2577,
#2578),(#2579,#2580,#2581)),.UNSPECIFIED.,.F.,.F.,.F.)
B_SPLINE_SURFACE_WITH_KNOTS((4,4),(3,3),(-1.66967134562768E-17,0.00253349457451041),
(0.,1.),.PIECEWISE_BEZIER_KNOTS.)
GEOMETRIC_REPRESENTATION_ITEM()
RATIONAL_B_SPLINE_SURFACE(((1.,0.840354488517631,1.),(1.,0.864864218541303,
1.),(1.,0.880834234931039,1.),(1.,0.880834235497936,1.)))
REPRESENTATION_ITEM('')
SURFACE()
);
#105=(
BOUNDED_SURFACE()
B_SPLINE_SURFACE(3,2,((#2593,#2594,#2595),(#2596,#2597,#2598),(#2599,#2600,
#2601),(#2602,#2603,#2604)),.UNSPECIFIED.,.F.,.F.,.F.)
B_SPLINE_SURFACE_WITH_KNOTS((4,4),(3,3),(2.12503625807159E-17,0.00454533341618152),
(0.,1.),.PIECEWISE_BEZIER_KNOTS.)
GEOMETRIC_REPRESENTATION_ITEM()
RATIONAL_B_SPLINE_SURFACE(((1.,0.707106781186624,1.),(1.,0.756684217468833,
1.),(1.,0.808517278042907,1.),(1.,0.84035448851763,1.)))
REPRESENTATION_ITEM('')
SURFACE()
);
#106=(
BOUNDED_SURFACE()
B_SPLINE_SURFACE(3,2,((#2616,#2617,#2618),(#2619,#2620,#2621),(#2622,#2623,
#2624),(#2625,#2626,#2627),(#2628,#2629,#2630),(#2631,#2632,#2633),(#2634,
#2635,#2636),(#2637,#2638,#2639),(#2640,#2641,#2642)),.UNSPECIFIED.,.F.,
 .F.,.F.)
B_SPLINE_SURFACE_WITH_KNOTS((4,1,1,1,1,1,4),(3,3),(6.93889390390723E-18,
0.00951155577872554,0.0142673336680883,0.0190231115574511,0.0285346673361766,
0.0332904452255394,0.0380462231149021),(0.,1.),.UNSPECIFIED.)
GEOMETRIC_REPRESENTATION_ITEM()
RATIONAL_B_SPLINE_SURFACE(((1.,0.70710678118662,1.),(1.,0.70710678118662,
1.),(1.,0.707106781186532,1.),(1.,0.707106781186549,1.),(1.,0.707106781186553,
1.),(1.,0.707106781186504,1.),(1.,0.707106781186579,1.),(1.,0.707106781186548,
1.),(1.,0.707106781186548,1.)))
REPRESENTATION_ITEM('')
SURFACE()
);
#107=(
BOUNDED_SURFACE()
B_SPLINE_SURFACE(3,2,((#2674,#2675,#2676),(#2677,#2678,#2679),(#2680,#2681,
#2682),(#2683,#2684,#2685),(#2686,#2687,#2688),(#2689,#2690,#2691),(#2692,
#2693,#2694),(#2695,#2696,#2697),(#2698,#2699,#2700)),.UNSPECIFIED.,.F.,
 .F.,.F.)
B_SPLINE_SURFACE_WITH_KNOTS((4,1,1,1,1,1,4),(3,3),(6.50521303491303E-18,
0.00100676814500306,0.00201353629000611,0.00302030443500916,0.0040270725800122,
0.0060406088700183,0.0080541451600244),(0.,1.),.UNSPECIFIED.)
GEOMETRIC_REPRESENTATION_ITEM()
RATIONAL_B_SPLINE_SURFACE(((1.,0.342483026571603,1.),(1.,0.342483027303826,
1.),(1.,0.352803340293521,1.),(1.,0.392753405079582,1.),(1.,0.446555817199349,
1.),(1.,0.52293893793573,1.),(1.,0.616221472913316,1.),(1.,0.680295746921826,
1.),(1.,0.707106781186547,1.)))
REPRESENTATION_ITEM('')
SURFACE()
);
#108=TOROIDAL_SURFACE('',#981,0.0415,0.0025);
#109=TOROIDAL_SURFACE('',#986,0.039,0.005);
#110=TOROIDAL_SURFACE('',#1032,0.0101029437251523,0.00289705627484772);
#111=TOROIDAL_SURFACE('',#1034,0.00403336966404512,0.00289705627484772);
#112=TOROIDAL_SURFACE('',#1036,0.0691029437251523,0.00289705627484772);
#113=TOROIDAL_SURFACE('',#1039,0.0127656621213725,0.00276566212137249);
#114=TOROIDAL_SURFACE('',#1052,0.02082721,0.00217279);
#115=TOROIDAL_SURFACE('',#1059,0.0716620101012678,0.000337989898732234);
#116=TOROIDAL_SURFACE('',#1060,0.0593379898987323,0.000337989898732234);
#117=TOROIDAL_SURFACE('',#1063,0.0186620101012678,0.000337989898732234);
#118=TOROIDAL_SURFACE('',#1064,0.0163379898987323,0.000337989898732234);
#119=TOROIDAL_SURFACE('',#1065,0.0386620101012677,0.000337989898732234);
#120=TOROIDAL_SURFACE('',#1066,0.0193379898987323,0.000337989898732234);
#121=TOROIDAL_SURFACE('',#1067,0.0363379898987322,0.000337989898732234);
#122=TOROIDAL_SURFACE('',#1068,0.0131036520201047,0.000337989898732234);
#123=CIRCLE('',#979,0.0131036520201047);
#124=CIRCLE('',#980,0.0363379898987322);
#125=CIRCLE('',#982,0.0025);
#126=CIRCLE('',#983,0.0406666666666665);
#127=CIRCLE('',#984,0.039);
#128=CIRCLE('',#985,0.0025);
#129=CIRCLE('',#987,0.044);
#130=CIRCLE('',#989,0.023);
#131=CIRCLE('',#990,0.023);
#132=CIRCLE('',#992,0.044);
#133=CIRCLE('',#994,0.013);
#134=CIRCLE('',#995,0.013);
#135=CIRCLE('',#997,0.072);
#136=CIRCLE('',#998,0.072);
#137=CIRCLE('',#999,0.072);
#138=CIRCLE('',#1001,0.036);
#139=CIRCLE('',#1002,0.036);
#140=CIRCLE('',#1004,0.019);
#141=CIRCLE('',#1005,0.019);
#142=CIRCLE('',#1007,0.016);
#143=CIRCLE('',#1008,0.016);
#144=CIRCLE('',#1010,0.059);
#145=CIRCLE('',#1011,0.059);
#146=CIRCLE('',#1012,0.059);
#147=CIRCLE('',#1014,0.01);
#148=CIRCLE('',#1015,0.01);
#149=CIRCLE('',#1016,0.01);
#150=CIRCLE('',#1018,0.019);
#151=CIRCLE('',#1019,0.019);
#152=CIRCLE('',#1021,0.00693042593889283);
#153=CIRCLE('',#1022,0.0239265549098314);
#154=CIRCLE('',#1024,0.00693042593889283);
#155=CIRCLE('',#1025,0.0239265549098314);
#156=CIRCLE('',#1028,0.00276566212137249);
#157=CIRCLE('',#1029,0.0101029437251523);
#158=CIRCLE('',#1030,0.00403336966404512);
#159=CIRCLE('',#1031,0.0691029437251523);
#160=CIRCLE('',#1033,0.00289705627484772);
#161=CIRCLE('',#1035,0.00289705627484772);
#162=CIRCLE('',#1038,0.00276566212137249);
#163=CIRCLE('',#1040,0.0127656621213725);
#164=CIRCLE('',#1042,0.0127656621213725);
#165=CIRCLE('',#1044,0.039);
#166=CIRCLE('',#1046,0.0716620101012678);
#167=CIRCLE('',#1047,0.0186620101012678);
#168=CIRCLE('',#1048,0.0386620101012677);
#169=CIRCLE('',#1049,0.0193379898987323);
#170=CIRCLE('',#1050,0.0163379898987323);
#171=CIRCLE('',#1051,0.0593379898987323);
#172=CIRCLE('',#1054,0.000577859583776839);
#173=CIRCLE('',#1056,0.000112208368561932);
#174=CIRCLE('',#1058,0.000337989898732234);
#175=CIRCLE('',#1061,0.000337989898732234);
#176=CIRCLE('',#1062,0.000337989898732234);
#177=CIRCLE('',#1069,0.000337989898732234);
#178=CIRCLE('',#1070,0.000337989898732234);
#179=ORIENTED_EDGE('',*,*,#472,.T.);
#180=ORIENTED_EDGE('',*,*,#473,.T.);
#181=ORIENTED_EDGE('',*,*,#474,.T.);
#182=ORIENTED_EDGE('',*,*,#475,.T.);
#183=ORIENTED_EDGE('',*,*,#476,.F.);
#184=ORIENTED_EDGE('',*,*,#477,.F.);
#185=ORIENTED_EDGE('',*,*,#478,.F.);
#186=ORIENTED_EDGE('',*,*,#479,.T.);
#187=ORIENTED_EDGE('',*,*,#480,.F.);
#188=ORIENTED_EDGE('',*,*,#479,.F.);
#189=ORIENTED_EDGE('',*,*,#481,.F.);
#190=ORIENTED_EDGE('',*,*,#482,.T.);
#191=ORIENTED_EDGE('',*,*,#483,.F.);
#192=ORIENTED_EDGE('',*,*,#482,.F.);
#193=ORIENTED_EDGE('',*,*,#484,.F.);
#194=ORIENTED_EDGE('',*,*,#485,.F.);
#195=ORIENTED_EDGE('',*,*,#486,.F.);
#196=ORIENTED_EDGE('',*,*,#487,.T.);
#197=ORIENTED_EDGE('',*,*,#476,.T.);
#198=ORIENTED_EDGE('',*,*,#488,.F.);
#199=ORIENTED_EDGE('',*,*,#489,.T.);
#200=ORIENTED_EDGE('',*,*,#490,.T.);
#201=ORIENTED_EDGE('',*,*,#491,.F.);
#202=ORIENTED_EDGE('',*,*,#492,.T.);
#203=ORIENTED_EDGE('',*,*,#493,.T.);
#204=ORIENTED_EDGE('',*,*,#494,.F.);
#205=ORIENTED_EDGE('',*,*,#495,.T.);
#206=ORIENTED_EDGE('',*,*,#496,.T.);
#207=ORIENTED_EDGE('',*,*,#497,.F.);
#208=ORIENTED_EDGE('',*,*,#498,.T.);
#209=ORIENTED_EDGE('',*,*,#481,.T.);
#210=ORIENTED_EDGE('',*,*,#478,.T.);
#211=ORIENTED_EDGE('',*,*,#499,.F.);
#212=ORIENTED_EDGE('',*,*,#500,.F.);
#213=ORIENTED_EDGE('',*,*,#487,.F.);
#214=ORIENTED_EDGE('',*,*,#501,.T.);
#215=ORIENTED_EDGE('',*,*,#502,.T.);
#216=ORIENTED_EDGE('',*,*,#503,.T.);
#217=ORIENTED_EDGE('',*,*,#504,.T.);
#218=ORIENTED_EDGE('',*,*,#505,.F.);
#219=ORIENTED_EDGE('',*,*,#499,.T.);
#220=ORIENTED_EDGE('',*,*,#477,.T.);
#221=ORIENTED_EDGE('',*,*,#506,.T.);
#222=ORIENTED_EDGE('',*,*,#507,.T.);
#223=ORIENTED_EDGE('',*,*,#500,.T.);
#224=ORIENTED_EDGE('',*,*,#505,.T.);
#225=ORIENTED_EDGE('',*,*,#508,.F.);
#226=ORIENTED_EDGE('',*,*,#509,.T.);
#227=ORIENTED_EDGE('',*,*,#510,.T.);
#228=ORIENTED_EDGE('',*,*,#511,.T.);
#229=ORIENTED_EDGE('',*,*,#512,.T.);
#230=ORIENTED_EDGE('',*,*,#513,.T.);
#231=ORIENTED_EDGE('',*,*,#514,.T.);
#232=ORIENTED_EDGE('',*,*,#515,.T.);
#233=ORIENTED_EDGE('',*,*,#516,.T.);
#234=ORIENTED_EDGE('',*,*,#517,.F.);
#235=ORIENTED_EDGE('',*,*,#518,.T.);
#236=ORIENTED_EDGE('',*,*,#519,.T.);
#237=ORIENTED_EDGE('',*,*,#490,.F.);
#238=ORIENTED_EDGE('',*,*,#520,.T.);
#239=ORIENTED_EDGE('',*,*,#521,.T.);
#240=ORIENTED_EDGE('',*,*,#522,.T.);
#241=ORIENTED_EDGE('',*,*,#523,.F.);
#242=ORIENTED_EDGE('',*,*,#524,.T.);
#243=ORIENTED_EDGE('',*,*,#525,.T.);
#244=ORIENTED_EDGE('',*,*,#526,.T.);
#245=ORIENTED_EDGE('',*,*,#527,.T.);
#246=ORIENTED_EDGE('',*,*,#528,.F.);
#247=ORIENTED_EDGE('',*,*,#529,.F.);
#248=ORIENTED_EDGE('',*,*,#530,.T.);
#249=ORIENTED_EDGE('',*,*,#523,.T.);
#250=ORIENTED_EDGE('',*,*,#531,.F.);
#251=ORIENTED_EDGE('',*,*,#532,.F.);
#252=ORIENTED_EDGE('',*,*,#533,.T.);
#253=ORIENTED_EDGE('',*,*,#529,.T.);
#254=ORIENTED_EDGE('',*,*,#534,.F.);
#255=ORIENTED_EDGE('',*,*,#535,.T.);
#256=ORIENTED_EDGE('',*,*,#536,.T.);
#257=ORIENTED_EDGE('',*,*,#532,.T.);
#258=ORIENTED_EDGE('',*,*,#537,.F.);
#259=ORIENTED_EDGE('',*,*,#538,.F.);
#260=ORIENTED_EDGE('',*,*,#539,.T.);
#261=ORIENTED_EDGE('',*,*,#540,.T.);
#262=ORIENTED_EDGE('',*,*,#493,.F.);
#263=ORIENTED_EDGE('',*,*,#527,.F.);
#264=ORIENTED_EDGE('',*,*,#541,.T.);
#265=ORIENTED_EDGE('',*,*,#542,.T.);
#266=ORIENTED_EDGE('',*,*,#543,.T.);
#267=ORIENTED_EDGE('',*,*,#544,.T.);
#268=ORIENTED_EDGE('',*,*,#545,.T.);
#269=ORIENTED_EDGE('',*,*,#538,.T.);
#270=ORIENTED_EDGE('',*,*,#546,.F.);
#271=ORIENTED_EDGE('',*,*,#547,.F.);
#272=ORIENTED_EDGE('',*,*,#548,.T.);
#273=ORIENTED_EDGE('',*,*,#517,.T.);
#274=ORIENTED_EDGE('',*,*,#549,.T.);
#275=ORIENTED_EDGE('',*,*,#503,.F.);
#276=ORIENTED_EDGE('',*,*,#550,.T.);
#277=ORIENTED_EDGE('',*,*,#551,.T.);
#278=ORIENTED_EDGE('',*,*,#528,.T.);
#279=ORIENTED_EDGE('',*,*,#546,.T.);
#280=ORIENTED_EDGE('',*,*,#537,.T.);
#281=ORIENTED_EDGE('',*,*,#534,.T.);
#282=ORIENTED_EDGE('',*,*,#531,.T.);
#283=ORIENTED_EDGE('',*,*,#522,.F.);
#284=ORIENTED_EDGE('',*,*,#552,.T.);
#285=ORIENTED_EDGE('',*,*,#514,.F.);
#286=ORIENTED_EDGE('',*,*,#553,.T.);
#287=ORIENTED_EDGE('',*,*,#506,.F.);
#288=ORIENTED_EDGE('',*,*,#504,.F.);
#289=ORIENTED_EDGE('',*,*,#549,.F.);
#290=ORIENTED_EDGE('',*,*,#521,.F.);
#291=ORIENTED_EDGE('',*,*,#554,.T.);
#292=ORIENTED_EDGE('',*,*,#515,.F.);
#293=ORIENTED_EDGE('',*,*,#552,.F.);
#294=ORIENTED_EDGE('',*,*,#512,.F.);
#295=ORIENTED_EDGE('',*,*,#484,.T.);
#296=ORIENTED_EDGE('',*,*,#498,.F.);
#297=ORIENTED_EDGE('',*,*,#555,.F.);
#298=ORIENTED_EDGE('',*,*,#555,.T.);
#299=ORIENTED_EDGE('',*,*,#507,.F.);
#300=ORIENTED_EDGE('',*,*,#553,.F.);
#301=ORIENTED_EDGE('',*,*,#513,.F.);
#302=ORIENTED_EDGE('',*,*,#556,.T.);
#303=ORIENTED_EDGE('',*,*,#557,.T.);
#304=ORIENTED_EDGE('',*,*,#494,.T.);
#305=ORIENTED_EDGE('',*,*,#558,.T.);
#306=ORIENTED_EDGE('',*,*,#559,.T.);
#307=ORIENTED_EDGE('',*,*,#560,.T.);
#308=ORIENTED_EDGE('',*,*,#561,.T.);
#309=ORIENTED_EDGE('',*,*,#488,.T.);
#310=ORIENTED_EDGE('',*,*,#540,.F.);
#311=ORIENTED_EDGE('',*,*,#545,.F.);
#312=ORIENTED_EDGE('',*,*,#562,.T.);
#313=ORIENTED_EDGE('',*,*,#556,.F.);
#314=ORIENTED_EDGE('',*,*,#563,.T.);
#315=ORIENTED_EDGE('',*,*,#564,.T.);
#316=ORIENTED_EDGE('',*,*,#565,.T.);
#317=ORIENTED_EDGE('',*,*,#560,.F.);
#318=ORIENTED_EDGE('',*,*,#539,.F.);
#319=ORIENTED_EDGE('',*,*,#566,.F.);
#320=ORIENTED_EDGE('',*,*,#516,.F.);
#321=ORIENTED_EDGE('',*,*,#567,.F.);
#322=ORIENTED_EDGE('',*,*,#563,.F.);
#323=ORIENTED_EDGE('',*,*,#559,.F.);
#324=ORIENTED_EDGE('',*,*,#567,.T.);
#325=ORIENTED_EDGE('',*,*,#554,.F.);
#326=ORIENTED_EDGE('',*,*,#568,.F.);
#327=ORIENTED_EDGE('',*,*,#564,.F.);
#328=ORIENTED_EDGE('',*,*,#568,.T.);
#329=ORIENTED_EDGE('',*,*,#520,.F.);
#330=ORIENTED_EDGE('',*,*,#489,.F.);
#331=ORIENTED_EDGE('',*,*,#561,.F.);
#332=ORIENTED_EDGE('',*,*,#565,.F.);
#333=ORIENTED_EDGE('',*,*,#562,.F.);
#334=ORIENTED_EDGE('',*,*,#544,.F.);
#335=ORIENTED_EDGE('',*,*,#569,.F.);
#336=ORIENTED_EDGE('',*,*,#557,.F.);
#337=ORIENTED_EDGE('',*,*,#569,.T.);
#338=ORIENTED_EDGE('',*,*,#543,.F.);
#339=ORIENTED_EDGE('',*,*,#570,.F.);
#340=ORIENTED_EDGE('',*,*,#496,.F.);
#341=ORIENTED_EDGE('',*,*,#495,.F.);
#342=ORIENTED_EDGE('',*,*,#570,.T.);
#343=ORIENTED_EDGE('',*,*,#542,.F.);
#344=ORIENTED_EDGE('',*,*,#571,.F.);
#345=ORIENTED_EDGE('',*,*,#572,.F.);
#346=ORIENTED_EDGE('',*,*,#526,.F.);
#347=ORIENTED_EDGE('',*,*,#573,.F.);
#348=ORIENTED_EDGE('',*,*,#571,.T.);
#349=ORIENTED_EDGE('',*,*,#541,.F.);
#350=ORIENTED_EDGE('',*,*,#574,.T.);
#351=ORIENTED_EDGE('',*,*,#575,.T.);
#352=ORIENTED_EDGE('',*,*,#576,.T.);
#353=ORIENTED_EDGE('',*,*,#577,.T.);
#354=ORIENTED_EDGE('',*,*,#578,.T.);
#355=ORIENTED_EDGE('',*,*,#579,.T.);
#356=ORIENTED_EDGE('',*,*,#573,.T.);
#357=ORIENTED_EDGE('',*,*,#525,.F.);
#358=ORIENTED_EDGE('',*,*,#580,.T.);
#359=ORIENTED_EDGE('',*,*,#581,.T.);
#360=ORIENTED_EDGE('',*,*,#519,.F.);
#361=ORIENTED_EDGE('',*,*,#582,.T.);
#362=ORIENTED_EDGE('',*,*,#583,.T.);
#363=ORIENTED_EDGE('',*,*,#491,.T.);
#364=ORIENTED_EDGE('',*,*,#584,.F.);
#365=ORIENTED_EDGE('',*,*,#585,.T.);
#366=ORIENTED_EDGE('',*,*,#547,.T.);
#367=ORIENTED_EDGE('',*,*,#586,.T.);
#368=ORIENTED_EDGE('',*,*,#587,.T.);
#369=ORIENTED_EDGE('',*,*,#480,.T.);
#370=ORIENTED_EDGE('',*,*,#511,.F.);
#371=ORIENTED_EDGE('',*,*,#588,.T.);
#372=ORIENTED_EDGE('',*,*,#589,.T.);
#373=ORIENTED_EDGE('',*,*,#584,.T.);
#374=ORIENTED_EDGE('',*,*,#483,.T.);
#375=ORIENTED_EDGE('',*,*,#485,.T.);
#376=ORIENTED_EDGE('',*,*,#590,.T.);
#377=ORIENTED_EDGE('',*,*,#591,.T.);
#378=ORIENTED_EDGE('',*,*,#592,.T.);
#379=ORIENTED_EDGE('',*,*,#593,.T.);
#380=ORIENTED_EDGE('',*,*,#594,.T.);
#381=ORIENTED_EDGE('',*,*,#595,.T.);
#382=ORIENTED_EDGE('',*,*,#596,.T.);
#383=ORIENTED_EDGE('',*,*,#502,.F.);
#384=ORIENTED_EDGE('',*,*,#597,.T.);
#385=ORIENTED_EDGE('',*,*,#550,.F.);
#386=ORIENTED_EDGE('',*,*,#501,.F.);
#387=ORIENTED_EDGE('',*,*,#486,.T.);
#388=ORIENTED_EDGE('',*,*,#587,.F.);
#389=ORIENTED_EDGE('',*,*,#598,.F.);
#390=ORIENTED_EDGE('',*,*,#551,.F.);
#391=ORIENTED_EDGE('',*,*,#597,.F.);
#392=ORIENTED_EDGE('',*,*,#598,.T.);
#393=ORIENTED_EDGE('',*,*,#586,.F.);
#394=ORIENTED_EDGE('',*,*,#583,.F.);
#395=ORIENTED_EDGE('',*,*,#599,.T.);
#396=ORIENTED_EDGE('',*,*,#535,.F.);
#397=ORIENTED_EDGE('',*,*,#492,.F.);
#398=ORIENTED_EDGE('',*,*,#576,.F.);
#399=ORIENTED_EDGE('',*,*,#600,.T.);
#400=ORIENTED_EDGE('',*,*,#472,.F.);
#401=ORIENTED_EDGE('',*,*,#601,.T.);
#402=ORIENTED_EDGE('',*,*,#602,.T.);
#403=ORIENTED_EDGE('',*,*,#603,.F.);
#404=ORIENTED_EDGE('',*,*,#577,.F.);
#405=ORIENTED_EDGE('',*,*,#604,.F.);
#406=ORIENTED_EDGE('',*,*,#509,.F.);
#407=ORIENTED_EDGE('',*,*,#605,.F.);
#408=ORIENTED_EDGE('',*,*,#582,.F.);
#409=ORIENTED_EDGE('',*,*,#606,.F.);
#410=ORIENTED_EDGE('',*,*,#590,.F.);
#411=ORIENTED_EDGE('',*,*,#599,.F.);
#412=ORIENTED_EDGE('',*,*,#605,.T.);
#413=ORIENTED_EDGE('',*,*,#607,.F.);
#414=ORIENTED_EDGE('',*,*,#604,.T.);
#415=ORIENTED_EDGE('',*,*,#602,.F.);
#416=ORIENTED_EDGE('',*,*,#608,.F.);
#417=ORIENTED_EDGE('',*,*,#510,.F.);
#418=ORIENTED_EDGE('',*,*,#606,.T.);
#419=ORIENTED_EDGE('',*,*,#518,.F.);
#420=ORIENTED_EDGE('',*,*,#609,.F.);
#421=ORIENTED_EDGE('',*,*,#591,.F.);
#422=ORIENTED_EDGE('',*,*,#607,.T.);
#423=ORIENTED_EDGE('',*,*,#596,.F.);
#424=ORIENTED_EDGE('',*,*,#610,.F.);
#425=ORIENTED_EDGE('',*,*,#536,.F.);
#426=ORIENTED_EDGE('',*,*,#608,.T.);
#427=ORIENTED_EDGE('',*,*,#601,.F.);
#428=ORIENTED_EDGE('',*,*,#611,.F.);
#429=ORIENTED_EDGE('',*,*,#588,.F.);
#430=ORIENTED_EDGE('',*,*,#609,.T.);
#431=ORIENTED_EDGE('',*,*,#548,.F.);
#432=ORIENTED_EDGE('',*,*,#612,.F.);
#433=ORIENTED_EDGE('',*,*,#592,.F.);
#434=ORIENTED_EDGE('',*,*,#610,.T.);
#435=ORIENTED_EDGE('',*,*,#595,.F.);
#436=ORIENTED_EDGE('',*,*,#613,.F.);
#437=ORIENTED_EDGE('',*,*,#533,.F.);
#438=ORIENTED_EDGE('',*,*,#614,.F.);
#439=ORIENTED_EDGE('',*,*,#589,.F.);
#440=ORIENTED_EDGE('',*,*,#611,.T.);
#441=ORIENTED_EDGE('',*,*,#475,.F.);
#442=ORIENTED_EDGE('',*,*,#615,.F.);
#443=ORIENTED_EDGE('',*,*,#616,.F.);
#444=ORIENTED_EDGE('',*,*,#593,.F.);
#445=ORIENTED_EDGE('',*,*,#612,.T.);
#446=ORIENTED_EDGE('',*,*,#585,.F.);
#447=ORIENTED_EDGE('',*,*,#614,.T.);
#448=ORIENTED_EDGE('',*,*,#617,.F.);
#449=ORIENTED_EDGE('',*,*,#594,.F.);
#450=ORIENTED_EDGE('',*,*,#616,.T.);
#451=ORIENTED_EDGE('',*,*,#618,.F.);
#452=ORIENTED_EDGE('',*,*,#530,.F.);
#453=ORIENTED_EDGE('',*,*,#613,.T.);
#454=ORIENTED_EDGE('',*,*,#615,.T.);
#455=ORIENTED_EDGE('',*,*,#474,.F.);
#456=ORIENTED_EDGE('',*,*,#619,.F.);
#457=ORIENTED_EDGE('',*,*,#524,.F.);
#458=ORIENTED_EDGE('',*,*,#618,.T.);
#459=ORIENTED_EDGE('',*,*,#617,.T.);
#460=ORIENTED_EDGE('',*,*,#619,.T.);
#461=ORIENTED_EDGE('',*,*,#473,.F.);
#462=ORIENTED_EDGE('',*,*,#620,.F.);
#463=ORIENTED_EDGE('',*,*,#580,.F.);
#464=ORIENTED_EDGE('',*,*,#620,.T.);
#465=ORIENTED_EDGE('',*,*,#600,.F.);
#466=ORIENTED_EDGE('',*,*,#621,.F.);
#467=ORIENTED_EDGE('',*,*,#581,.F.);
#468=ORIENTED_EDGE('',*,*,#621,.T.);
#469=ORIENTED_EDGE('',*,*,#575,.F.);
#470=ORIENTED_EDGE('',*,*,#622,.F.);
#471=ORIENTED_EDGE('',*,*,#578,.F.);
#472=EDGE_CURVE('',#623,#624,#715,.T.);
#473=EDGE_CURVE('',#624,#625,#123,.F.);
#474=EDGE_CURVE('',#625,#626,#124,.F.);
#475=EDGE_CURVE('',#626,#623,#716,.T.);
#476=EDGE_CURVE('',#627,#628,#125,.T.);
#477=EDGE_CURVE('',#629,#627,#717,.T.);
#478=EDGE_CURVE('',#630,#629,#126,.T.);
#479=EDGE_CURVE('',#630,#631,#718,.F.);
#480=EDGE_CURVE('',#628,#631,#127,.F.);
#481=EDGE_CURVE('',#632,#630,#719,.T.);
#482=EDGE_CURVE('',#632,#633,#128,.T.);
#483=EDGE_CURVE('',#631,#633,#720,.T.);
#484=EDGE_CURVE('',#634,#632,#721,.F.);
#485=EDGE_CURVE('',#633,#634,#722,.T.);
#486=EDGE_CURVE('',#635,#628,#723,.T.);
#487=EDGE_CURVE('',#635,#627,#724,.F.);
#488=EDGE_CURVE('',#636,#637,#725,.T.);
#489=EDGE_CURVE('',#636,#638,#726,.T.);
#490=EDGE_CURVE('',#638,#639,#727,.F.);
#491=EDGE_CURVE('',#640,#639,#728,.T.);
#492=EDGE_CURVE('',#640,#641,#729,.T.);
#493=EDGE_CURVE('',#641,#637,#730,.F.);
#494=EDGE_CURVE('',#642,#643,#731,.T.);
#495=EDGE_CURVE('',#642,#644,#732,.T.);
#496=EDGE_CURVE('',#644,#645,#733,.T.);
#497=EDGE_CURVE('',#643,#645,#734,.T.);
#498=EDGE_CURVE('',#646,#632,#735,.T.);
#499=EDGE_CURVE('',#647,#629,#736,.T.);
#500=EDGE_CURVE('',#646,#647,#129,.F.);
#501=EDGE_CURVE('',#635,#648,#12,.F.);
#502=EDGE_CURVE('',#648,#649,#130,.F.);
#503=EDGE_CURVE('',#649,#650,#13,.T.);
#504=EDGE_CURVE('',#650,#651,#131,.T.);
#505=EDGE_CURVE('',#647,#651,#14,.T.);
#506=EDGE_CURVE('',#651,#652,#132,.T.);
#507=EDGE_CURVE('',#652,#646,#15,.F.);
#508=EDGE_CURVE('',#653,#654,#737,.F.);
#509=EDGE_CURVE('',#653,#655,#16,.F.);
#510=EDGE_CURVE('',#655,#656,#738,.T.);
#511=EDGE_CURVE('',#656,#634,#17,.T.);
#512=EDGE_CURVE('',#634,#657,#739,.T.);
#513=EDGE_CURVE('',#657,#658,#18,.T.);
#514=EDGE_CURVE('',#658,#659,#133,.T.);
#515=EDGE_CURVE('',#659,#660,#19,.F.);
#516=EDGE_CURVE('',#660,#654,#134,.F.);
#517=EDGE_CURVE('',#661,#662,#20,.T.);
#518=EDGE_CURVE('',#661,#663,#135,.F.);
#519=EDGE_CURVE('',#663,#639,#21,.T.);
#520=EDGE_CURVE('',#638,#664,#136,.F.);
#521=EDGE_CURVE('',#664,#665,#22,.T.);
#522=EDGE_CURVE('',#665,#662,#137,.T.);
#523=EDGE_CURVE('',#666,#667,#23,.T.);
#524=EDGE_CURVE('',#666,#668,#138,.T.);
#525=EDGE_CURVE('',#668,#669,#24,.T.);
#526=EDGE_CURVE('',#669,#670,#740,.T.);
#527=EDGE_CURVE('',#670,#671,#25,.T.);
#528=EDGE_CURVE('',#667,#671,#139,.T.);
#529=EDGE_CURVE('',#672,#673,#26,.T.);
#530=EDGE_CURVE('',#672,#666,#140,.T.);
#531=EDGE_CURVE('',#673,#667,#141,.T.);
#532=EDGE_CURVE('',#674,#675,#27,.T.);
#533=EDGE_CURVE('',#674,#672,#142,.T.);
#534=EDGE_CURVE('',#675,#673,#143,.T.);
#535=EDGE_CURVE('',#641,#676,#28,.F.);
#536=EDGE_CURVE('',#676,#674,#144,.T.);
#537=EDGE_CURVE('',#677,#675,#145,.T.);
#538=EDGE_CURVE('',#678,#677,#29,.T.);
#539=EDGE_CURVE('',#678,#679,#146,.T.);
#540=EDGE_CURVE('',#679,#637,#30,.T.);
#541=EDGE_CURVE('',#670,#680,#147,.T.);
#542=EDGE_CURVE('',#680,#681,#741,.T.);
#543=EDGE_CURVE('',#681,#682,#742,.T.);
#544=EDGE_CURVE('',#682,#683,#31,.F.);
#545=EDGE_CURVE('',#683,#678,#148,.T.);
#546=EDGE_CURVE('',#671,#677,#149,.T.);
#547=EDGE_CURVE('',#684,#685,#32,.T.);
#548=EDGE_CURVE('',#684,#661,#150,.F.);
#549=EDGE_CURVE('',#662,#650,#151,.T.);
#550=EDGE_CURVE('',#649,#686,#743,.T.);
#551=EDGE_CURVE('',#686,#685,#744,.T.);
#552=EDGE_CURVE('',#665,#659,#152,.F.);
#553=EDGE_CURVE('',#658,#652,#153,.T.);
#554=EDGE_CURVE('',#664,#660,#154,.F.);
#555=EDGE_CURVE('',#657,#646,#155,.T.);
#556=EDGE_CURVE('',#687,#688,#745,.T.);
#557=EDGE_CURVE('',#688,#642,#33,.T.);
#558=EDGE_CURVE('',#643,#689,#746,.T.);
#559=EDGE_CURVE('',#689,#687,#747,.T.);
#560=EDGE_CURVE('',#679,#690,#748,.T.);
#561=EDGE_CURVE('',#690,#636,#749,.T.);
#562=EDGE_CURVE('',#683,#688,#156,.T.);
#563=EDGE_CURVE('',#687,#691,#157,.T.);
#564=EDGE_CURVE('',#691,#692,#158,.T.);
#565=EDGE_CURVE('',#692,#690,#159,.T.);
#566=EDGE_CURVE('',#654,#689,#750,.T.);
#567=EDGE_CURVE('',#691,#660,#160,.T.);
#568=EDGE_CURVE('',#692,#664,#161,.T.);
#569=EDGE_CURVE('',#642,#682,#751,.F.);
#570=EDGE_CURVE('',#645,#681,#752,.F.);
#571=EDGE_CURVE('',#693,#680,#162,.T.);
#572=EDGE_CURVE('',#645,#693,#753,.T.);
#573=EDGE_CURVE('',#693,#669,#163,.F.);
#574=EDGE_CURVE('',#694,#695,#754,.T.);
#575=EDGE_CURVE('',#695,#696,#34,.F.);
#576=EDGE_CURVE('',#696,#697,#755,.T.);
#577=EDGE_CURVE('',#697,#694,#35,.T.);
#578=EDGE_CURVE('',#698,#699,#36,.T.);
#579=EDGE_CURVE('',#699,#693,#756,.T.);
#580=EDGE_CURVE('',#668,#700,#164,.T.);
#581=EDGE_CURVE('',#700,#698,#757,.T.);
#582=EDGE_CURVE('',#663,#701,#758,.T.);
#583=EDGE_CURVE('',#701,#640,#37,.T.);
#584=EDGE_CURVE('',#702,#631,#38,.T.);
#585=EDGE_CURVE('',#702,#684,#165,.F.);
#586=EDGE_CURVE('',#685,#703,#759,.T.);
#587=EDGE_CURVE('',#703,#628,#39,.T.);
#588=EDGE_CURVE('',#656,#704,#760,.T.);
#589=EDGE_CURVE('',#704,#702,#761,.T.);
#590=EDGE_CURVE('',#705,#706,#762,.T.);
#591=EDGE_CURVE('',#706,#707,#166,.T.);
#592=EDGE_CURVE('',#707,#708,#167,.T.);
#593=EDGE_CURVE('',#708,#709,#168,.T.);
#594=EDGE_CURVE('',#709,#710,#169,.F.);
#595=EDGE_CURVE('',#710,#711,#170,.F.);
#596=EDGE_CURVE('',#711,#705,#171,.F.);
#597=EDGE_CURVE('',#648,#686,#763,.T.);
#598=EDGE_CURVE('',#648,#703,#172,.T.);
#599=EDGE_CURVE('',#701,#676,#173,.T.);
#600=EDGE_CURVE('',#696,#624,#764,.T.);
#601=EDGE_CURVE('',#623,#712,#765,.T.);
#602=EDGE_CURVE('',#712,#697,#766,.T.);
#603=EDGE_CURVE('',#694,#653,#767,.T.);
#604=EDGE_CURVE('',#655,#697,#174,.T.);
#605=EDGE_CURVE('',#701,#705,#768,.T.);
#606=EDGE_CURVE('',#706,#663,#769,.F.);
#607=EDGE_CURVE('',#676,#705,#770,.T.);
#608=EDGE_CURVE('',#656,#712,#771,.F.);
#609=EDGE_CURVE('',#707,#661,#772,.F.);
#610=EDGE_CURVE('',#674,#711,#175,.T.);
#611=EDGE_CURVE('',#704,#623,#176,.T.);
#612=EDGE_CURVE('',#708,#684,#773,.F.);
#613=EDGE_CURVE('',#672,#710,#774,.T.);
#614=EDGE_CURVE('',#702,#713,#775,.T.);
#615=EDGE_CURVE('',#713,#626,#776,.F.);
#616=EDGE_CURVE('',#709,#714,#777,.F.);
#617=EDGE_CURVE('',#714,#713,#778,.F.);
#618=EDGE_CURVE('',#666,#714,#779,.T.);
#619=EDGE_CURVE('',#668,#625,#780,.T.);
#620=EDGE_CURVE('',#700,#624,#177,.T.);
#621=EDGE_CURVE('',#698,#696,#178,.T.);
#622=EDGE_CURVE('',#699,#695,#781,.T.);
#623=VERTEX_POINT('',#1296);
#624=VERTEX_POINT('',#1297);
#625=VERTEX_POINT('',#1299);
#626=VERTEX_POINT('',#1301);
#627=VERTEX_POINT('',#1312);
#628=VERTEX_POINT('',#1313);
#629=VERTEX_POINT('',#1320);
#630=VERTEX_POINT('',#1322);
#631=VERTEX_POINT('',#1328);
#632=VERTEX_POINT('',#1365);
#633=VERTEX_POINT('',#1367);
#634=VERTEX_POINT('',#1405);
#635=VERTEX_POINT('',#1430);
#636=VERTEX_POINT('',#1714);
#637=VERTEX_POINT('',#1715);
#638=VERTEX_POINT('',#1721);
#639=VERTEX_POINT('',#1726);
#640=VERTEX_POINT('',#1731);
#641=VERTEX_POINT('',#1737);
#642=VERTEX_POINT('',#1817);
#643=VERTEX_POINT('',#1818);
#644=VERTEX_POINT('',#1824);
#645=VERTEX_POINT('',#1829);
#646=VERTEX_POINT('',#1867);
#647=VERTEX_POINT('',#1879);
#648=VERTEX_POINT('',#1883);
#649=VERTEX_POINT('',#1885);
#650=VERTEX_POINT('',#1887);
#651=VERTEX_POINT('',#1889);
#652=VERTEX_POINT('',#1893);
#653=VERTEX_POINT('',#1900);
#654=VERTEX_POINT('',#1901);
#655=VERTEX_POINT('',#1903);
#656=VERTEX_POINT('',#1908);
#657=VERTEX_POINT('',#1920);
#658=VERTEX_POINT('',#1922);
#659=VERTEX_POINT('',#1924);
#660=VERTEX_POINT('',#1926);
#661=VERTEX_POINT('',#1930);
#662=VERTEX_POINT('',#1931);
#663=VERTEX_POINT('',#1933);
#664=VERTEX_POINT('',#1936);
#665=VERTEX_POINT('',#1938);
#666=VERTEX_POINT('',#1942);
#667=VERTEX_POINT('',#1943);
#668=VERTEX_POINT('',#1945);
#669=VERTEX_POINT('',#1947);
#670=VERTEX_POINT('',#1964);
#671=VERTEX_POINT('',#1966);
#672=VERTEX_POINT('',#1970);
#673=VERTEX_POINT('',#1971);
#674=VERTEX_POINT('',#1976);
#675=VERTEX_POINT('',#1977);
#676=VERTEX_POINT('',#1982);
#677=VERTEX_POINT('',#1985);
#678=VERTEX_POINT('',#1987);
#679=VERTEX_POINT('',#1989);
#680=VERTEX_POINT('',#1993);
#681=VERTEX_POINT('',#1998);
#682=VERTEX_POINT('',#2004);
#683=VERTEX_POINT('',#2006);
#684=VERTEX_POINT('',#2011);
#685=VERTEX_POINT('',#2012);
#686=VERTEX_POINT('',#2028);
#687=VERTEX_POINT('',#2127);
#688=VERTEX_POINT('',#2128);
#689=VERTEX_POINT('',#2136);
#690=VERTEX_POINT('',#2152);
#691=VERTEX_POINT('',#2161);
#692=VERTEX_POINT('',#2163);
#693=VERTEX_POINT('',#2235);
#694=VERTEX_POINT('',#2257);
#695=VERTEX_POINT('',#2258);
#696=VERTEX_POINT('',#2260);
#697=VERTEX_POINT('',#2266);
#698=VERTEX_POINT('',#2270);
#699=VERTEX_POINT('',#2271);
#700=VERTEX_POINT('',#2277);
#701=VERTEX_POINT('',#2297);
#702=VERTEX_POINT('',#2301);
#703=VERTEX_POINT('',#2307);
#704=VERTEX_POINT('',#2334);
#705=VERTEX_POINT('',#2348);
#706=VERTEX_POINT('',#2349);
#707=VERTEX_POINT('',#2351);
#708=VERTEX_POINT('',#2353);
#709=VERTEX_POINT('',#2355);
#710=VERTEX_POINT('',#2357);
#711=VERTEX_POINT('',#2359);
#712=VERTEX_POINT('',#2423);
#713=VERTEX_POINT('',#2647);
#714=VERTEX_POINT('',#2657);
#715=B_SPLINE_CURVE_WITH_KNOTS('',3,(#1292,#1293,#1294,#1295),
 .UNSPECIFIED.,.F.,.F.,(4,4),(0.000373874531332533,0.00395960071819838),
 .UNSPECIFIED.);
#716=B_SPLINE_CURVE_WITH_KNOTS('',3,(#1302,#1303,#1304,#1305,#1306,#1307,
#1308,#1309),.UNSPECIFIED.,.F.,.F.,(4,1,1,1,1,4),(0.00333611923843228,0.0120678031523316,
0.0207994870662309,0.0251653290231806,0.0295311709801302,0.0382628548940295),
 .UNSPECIFIED.);
#717=B_SPLINE_CURVE_WITH_KNOTS('',3,(#1314,#1315,#1316,#1317,#1318,#1319),
 .UNSPECIFIED.,.F.,.F.,(4,1,1,4),(8.3581274163407E-16,0.0019748278672346,
0.00296224180085148,0.00394965573446836),.UNSPECIFIED.);
#718=B_SPLINE_CURVE_WITH_KNOTS('',3,(#1323,#1324,#1325,#1326,#1327),
 .UNSPECIFIED.,.F.,.F.,(4,1,4),(0.,0.00153201401506721,0.00306402803013441),
 .UNSPECIFIED.);
#719=B_SPLINE_CURVE_WITH_KNOTS('',3,(#1360,#1361,#1362,#1363,#1364),
 .UNSPECIFIED.,.F.,.F.,(4,1,4),(0.,0.00787827963685313,0.0157565592737063),
 .UNSPECIFIED.);
#720=B_SPLINE_CURVE_WITH_KNOTS('',3,(#1368,#1369,#1370,#1371,#1372,#1373),
 .UNSPECIFIED.,.F.,.F.,(4,1,1,4),(-6.00000000112043E-8,0.00379426942694385,
0.00758859885388772,0.0151772577077755),.UNSPECIFIED.);
#721=B_SPLINE_CURVE_WITH_KNOTS('',3,(#1398,#1399,#1400,#1401,#1402,#1403,
#1404),.UNSPECIFIED.,.F.,.F.,(4,1,1,1,4),(0.,0.013677574539521,0.0205163618092815,
0.0239357554441617,0.027355149079042),.UNSPECIFIED.);
#722=B_SPLINE_CURVE_WITH_KNOTS('',3,(#1406,#1407,#1408,#1409,#1410,#1411,
#1412,#1413),.UNSPECIFIED.,.F.,.F.,(4,1,1,1,1,4),(0.,0.0134682845673262,
0.0168353557091578,0.0202024268509894,0.0235694979928209,0.0269365691346525),
 .UNSPECIFIED.);
#723=B_SPLINE_CURVE_WITH_KNOTS('',3,(#1426,#1427,#1428,#1429),
 .UNSPECIFIED.,.F.,.F.,(4,4),(0.,0.000331809450530877),.UNSPECIFIED.);
#724=B_SPLINE_CURVE_WITH_KNOTS('',3,(#1431,#1432,#1433,#1434),
 .UNSPECIFIED.,.F.,.F.,(4,4),(0.,0.000844206698082638),.UNSPECIFIED.);
#725=B_SPLINE_CURVE_WITH_KNOTS('',3,(#1708,#1709,#1710,#1711,#1712,#1713),
 .UNSPECIFIED.,.F.,.F.,(4,1,1,4),(0.00581142014016691,0.0136999603246026,
0.0176442304168204,0.0215885005090382),.UNSPECIFIED.);
#726=B_SPLINE_CURVE_WITH_KNOTS('',3,(#1716,#1717,#1718,#1719,#1720),
 .UNSPECIFIED.,.F.,.F.,(4,1,4),(0.,0.00584737929880523,0.0116947585976105),
 .UNSPECIFIED.);
#727=B_SPLINE_CURVE_WITH_KNOTS('',3,(#1722,#1723,#1724,#1725),
 .UNSPECIFIED.,.F.,.F.,(4,4),(0.,0.00406227900185185),.UNSPECIFIED.);
#728=B_SPLINE_CURVE_WITH_KNOTS('',3,(#1727,#1728,#1729,#1730),
 .UNSPECIFIED.,.F.,.F.,(4,4),(0.00153582518777636,0.0117138679432999),
 .UNSPECIFIED.);
#729=B_SPLINE_CURVE_WITH_KNOTS('',3,(#1732,#1733,#1734,#1735,#1736),
 .UNSPECIFIED.,.F.,.F.,(4,1,4),(0.,0.000166930332659627,0.000333860665319255),
 .UNSPECIFIED.);
#730=B_SPLINE_CURVE_WITH_KNOTS('',3,(#1738,#1739,#1740,#1741,#1742,#1743,
#1744,#1745,#1746,#1747,#1748,#1749,#1750,#1751,#1752),.UNSPECIFIED.,.F.,
 .F.,(4,1,1,1,1,1,1,1,1,1,1,1,4),(0.,0.000670535547543839,0.00134107109508768,
0.00268214219017536,0.00402321328526303,0.00536428438035071,0.00670535547543839,
0.00804642657052607,0.0107285687607014,0.0134107109508768,0.0160928531410521,
0.0187749953312275,0.0214571375214028),.UNSPECIFIED.);
#731=B_SPLINE_CURVE_WITH_KNOTS('',3,(#1813,#1814,#1815,#1816),
 .UNSPECIFIED.,.F.,.F.,(4,4),(0.355336064566467,1.),.UNSPECIFIED.);
#732=B_SPLINE_CURVE_WITH_KNOTS('',3,(#1819,#1820,#1821,#1822,#1823),
 .UNSPECIFIED.,.F.,.F.,(4,1,4),(-6.00000000011694E-8,0.00157433267032838,
0.00314872534065677),.UNSPECIFIED.);
#733=B_SPLINE_CURVE_WITH_KNOTS('',3,(#1825,#1826,#1827,#1828),
 .UNSPECIFIED.,.F.,.F.,(4,4),(-6.00000000092929E-8,0.00035403856343649),
 .UNSPECIFIED.);
#734=B_SPLINE_CURVE_WITH_KNOTS('',3,(#1830,#1831,#1832,#1833,#1834,#1835,
#1836,#1837,#1838,#1839),.UNSPECIFIED.,.F.,.F.,(4,2,2,2,4),(0.,0.25,0.5,
0.75,1.),.UNSPECIFIED.);
#735=B_SPLINE_CURVE_WITH_KNOTS('',3,(#1841,#1842,#1843,#1844,#1845,#1846,
#1847,#1848,#1849,#1850,#1851,#1852,#1853,#1854,#1855,#1856,#1857,#1858,
#1859,#1860,#1861,#1862,#1863,#1864,#1865,#1866),.UNSPECIFIED.,.F.,.F.,
(4,1,1,1,1,1,1,1,1,1,1,1,1,1,1,1,1,1,1,1,1,1,1,4),(0.,6.17936476616141E-5,
0.000123587295323228,0.000247174590646456,0.000370761885969684,0.000494349181292912,
0.000741523771939369,0.000988698362585825,0.00148304754387874,0.00197739672517165,
0.00247174590646456,0.00296609508775748,0.0039547934503433,0.00494349181292912,
0.00593219017551495,0.0079095869006866,0.00988698362585825,0.0118643803510299,
0.0138417770762015,0.0158191738013732,0.0197739672517165,0.0237287607020598,
0.0276835541524031,0.0316383476027464),.UNSPECIFIED.);
#736=B_SPLINE_CURVE_WITH_KNOTS('',3,(#1868,#1869,#1870,#1871,#1872,#1873,
#1874,#1875,#1876,#1877,#1878),.UNSPECIFIED.,.F.,.F.,(4,1,1,1,1,1,1,1,4),
(0.,0.000754299106646405,0.00150859821329281,0.00301719642658562,0.00452579463987843,
0.00603439285317124,0.00754299106646405,0.00905158927975687,0.0120687857063425),
 .UNSPECIFIED.);
#737=B_SPLINE_CURVE_WITH_KNOTS('',3,(#1896,#1897,#1898,#1899),
 .UNSPECIFIED.,.F.,.F.,(4,4),(0.00302374757398323,0.00474328150536769),
 .UNSPECIFIED.);
#738=B_SPLINE_CURVE_WITH_KNOTS('',3,(#1904,#1905,#1906,#1907),
 .UNSPECIFIED.,.F.,.F.,(4,4),(0.,0.00254244096608037),.UNSPECIFIED.);
#739=B_SPLINE_CURVE_WITH_KNOTS('',3,(#1910,#1911,#1912,#1913,#1914,#1915,
#1916,#1917,#1918,#1919),.UNSPECIFIED.,.F.,.F.,(4,1,1,1,1,1,1,4),(0.,0.00144313833357928,
0.00288627666715856,0.00360784583394819,0.00432941500073783,0.00505098416752747,
0.00541176875092229,0.00577255333431711),.UNSPECIFIED.);
#740=B_SPLINE_CURVE_WITH_KNOTS('',3,(#1948,#1949,#1950,#1951,#1952,#1953,
#1954,#1955,#1956,#1957,#1958,#1959,#1960,#1961,#1962,#1963),
 .UNSPECIFIED.,.F.,.F.,(4,1,1,1,1,1,1,1,1,1,1,1,1,4),(0.,0.00240841778597791,
0.00361262667896686,0.00481683557195582,0.00602104446494477,0.00662314891143925,
0.00722525335793372,0.0078273578044282,0.00842946225092268,0.00873051447416992,
0.00903156669741716,0.00933261892066439,0.00948314503228801,0.00963367114391163),
 .UNSPECIFIED.);
#741=B_SPLINE_CURVE_WITH_KNOTS('',3,(#1994,#1995,#1996,#1997),
 .UNSPECIFIED.,.F.,.F.,(4,4),(0.,0.00116068859303962),.UNSPECIFIED.);
#742=B_SPLINE_CURVE_WITH_KNOTS('',3,(#1999,#2000,#2001,#2002,#2003),
 .UNSPECIFIED.,.F.,.F.,(4,1,4),(0.,0.00334336556961808,0.00668673113923616),
 .UNSPECIFIED.);
#743=B_SPLINE_CURVE_WITH_KNOTS('',3,(#2015,#2016,#2017,#2018,#2019,#2020,
#2021,#2022,#2023,#2024,#2025,#2026,#2027),.UNSPECIFIED.,.F.,.F.,(4,1,1,
1,1,1,1,1,1,1,4),(1.38777878078145E-17,0.000181656073181866,0.000363312146363717,
0.000726624292727421,0.00108993643909112,0.00145324858545483,0.00217987287818223,
0.00290649717090964,0.00363312146363705,0.00435974575636446,0.00581299434181927),
 .UNSPECIFIED.);
#744=B_SPLINE_CURVE_WITH_KNOTS('',3,(#2029,#2030,#2031,#2032,#2033),
 .UNSPECIFIED.,.F.,.F.,(4,1,4),(1.52055216886395E-15,0.000243559908947629,
0.000487119817893737),.UNSPECIFIED.);
#745=B_SPLINE_CURVE_WITH_KNOTS('',2,(#2124,#2125,#2126),.UNSPECIFIED.,.F.,
 .F.,(3,3),(0.,1.),.PIECEWISE_BEZIER_KNOTS.);
#746=B_SPLINE_CURVE_WITH_KNOTS('',3,(#2130,#2131,#2132,#2133,#2134,#2135),
 .UNSPECIFIED.,.F.,.F.,(4,1,1,4),(3.46944695195361E-18,0.00142239611556357,
0.00284479223112713,0.00568958446225425),.UNSPECIFIED.);
#747=B_SPLINE_CURVE_WITH_KNOTS('',3,(#2137,#2138,#2139,#2140),
 .UNSPECIFIED.,.F.,.F.,(4,4),(1.23067597089091E-16,0.00325838643564958),
 .UNSPECIFIED.);
#748=B_SPLINE_CURVE_WITH_KNOTS('',2,(#2149,#2150,#2151),.UNSPECIFIED.,.F.,
 .F.,(3,3),(0.,1.),.PIECEWISE_BEZIER_KNOTS.);
#749=B_SPLINE_CURVE_WITH_KNOTS('',3,(#2153,#2154,#2155,#2156,#2157),
 .UNSPECIFIED.,.F.,.F.,(4,1,4),(0.,0.00569845492689842,0.0113969098537968),
 .UNSPECIFIED.);
#750=B_SPLINE_CURVE_WITH_KNOTS('',3,(#2166,#2167,#2168,#2169,#2170),
 .UNSPECIFIED.,.F.,.F.,(4,1,4),(5.4884194479314E-17,0.00197895656405103,
0.00395791312810201),.UNSPECIFIED.);
#751=B_SPLINE_CURVE_WITH_KNOTS('',3,(#2176,#2177,#2178,#2179,#2180),
 .UNSPECIFIED.,.F.,.F.,(4,1,4),(0.,0.5,1.),.UNSPECIFIED.);
#752=B_SPLINE_CURVE_WITH_KNOTS('',3,(#2217,#2218,#2219,#2220,#2221),
 .UNSPECIFIED.,.F.,.F.,(4,1,4),(0.,0.5,1.),.UNSPECIFIED.);
#753=B_SPLINE_CURVE_WITH_KNOTS('',3,(#2236,#2237,#2238,#2239),
 .UNSPECIFIED.,.F.,.F.,(4,4),(2.13999057689583E-6,0.000996997719884435),
 .UNSPECIFIED.);
#754=B_SPLINE_CURVE_WITH_KNOTS('',3,(#2252,#2253,#2254,#2255,#2256),
 .UNSPECIFIED.,.F.,.F.,(4,1,4),(0.000180109909459227,0.00314080402501789,
0.00610149814057655),.UNSPECIFIED.);
#755=B_SPLINE_CURVE_WITH_KNOTS('',3,(#2261,#2262,#2263,#2264,#2265),
 .UNSPECIFIED.,.F.,.F.,(4,1,4),(0.000907111792570416,0.00386008248154402,
0.00681305317051762),.UNSPECIFIED.);
#756=B_SPLINE_CURVE_WITH_KNOTS('',3,(#2272,#2273,#2274,#2275),
 .UNSPECIFIED.,.F.,.F.,(4,4),(0.,0.000877607917116821),.UNSPECIFIED.);
#757=B_SPLINE_CURVE_WITH_KNOTS('',3,(#2278,#2279,#2280,#2281,#2282,#2283,
#2284),.UNSPECIFIED.,.F.,.F.,(4,1,1,1,4),(0.,0.00197805878403981,0.00395611756807962,
0.00593417635211943,0.00791223513615924),.UNSPECIFIED.);
#758=B_SPLINE_CURVE_WITH_KNOTS('',3,(#2293,#2294,#2295,#2296),
 .UNSPECIFIED.,.F.,.F.,(4,4),(0.,0.0101783927792972),.UNSPECIFIED.);
#759=B_SPLINE_CURVE_WITH_KNOTS('',3,(#2303,#2304,#2305,#2306),
 .UNSPECIFIED.,.F.,.F.,(4,4),(0.,0.00104572566680699),.UNSPECIFIED.);
#760=B_SPLINE_CURVE_WITH_KNOTS('',3,(#2329,#2330,#2331,#2332,#2333),
 .UNSPECIFIED.,.F.,.F.,(4,1,4),(-5.99999999899143E-8,0.00230383950948059,
0.00460773901896116),.UNSPECIFIED.);
#761=B_SPLINE_CURVE_WITH_KNOTS('',3,(#2335,#2336,#2337,#2338,#2339,#2340,
#2341,#2342),.UNSPECIFIED.,.F.,.F.,(4,1,1,1,1,4),(0.,0.00952552903357357,
0.0142882935503604,0.0190510580671471,0.0285765871007207,0.0381021161342943),
 .UNSPECIFIED.);
#762=B_SPLINE_CURVE_WITH_KNOTS('',3,(#2344,#2345,#2346,#2347),
 .UNSPECIFIED.,.F.,.F.,(4,4),(4.563344992841E-17,0.00749542771131656),
 .UNSPECIFIED.);
#763=B_SPLINE_CURVE_WITH_KNOTS('',3,(#2362,#2363,#2364,#2365),
 .UNSPECIFIED.,.F.,.F.,(4,4),(1.38777878078145E-17,0.00123697329509865),
 .UNSPECIFIED.);
#764=B_SPLINE_CURVE_WITH_KNOTS('',3,(#2412,#2413,#2414,#2415,#2416,#2417,
#2418),.UNSPECIFIED.,.F.,.F.,(4,1,1,1,4),(0.,0.00213195914076382,0.00426391828152763,
0.00639587742229145,0.00852783656305526),.UNSPECIFIED.);
#765=B_SPLINE_CURVE_WITH_KNOTS('',3,(#2419,#2420,#2421,#2422),
 .UNSPECIFIED.,.F.,.F.,(4,4),(0.,0.00484832139510645),.UNSPECIFIED.);
#766=B_SPLINE_CURVE_WITH_KNOTS('',3,(#2424,#2425,#2426,#2427),
 .UNSPECIFIED.,.F.,.F.,(4,4),(0.,0.00272776523253637),.UNSPECIFIED.);
#767=B_SPLINE_CURVE_WITH_KNOTS('',3,(#2429,#2430,#2431,#2432),
 .UNSPECIFIED.,.F.,.F.,(4,4),(0.,0.000331724417070024),.UNSPECIFIED.);
#768=B_SPLINE_CURVE_WITH_KNOTS('',3,(#2446,#2447,#2448,#2449,#2450,#2451,
#2452,#2453,#2454,#2455,#2456,#2457),.UNSPECIFIED.,.F.,.F.,(4,1,1,1,1,1,
1,1,1,4),(0.,8.62669318186587E-5,0.000172533863637317,0.000345067727274635,
0.000517601590911952,0.00069013545454927,0.0010352031818239,0.00138027090909854,
0.00207040636364781,0.00276054181819708),.UNSPECIFIED.);
#769=B_SPLINE_CURVE_WITH_KNOTS('',3,(#2458,#2459,#2460,#2461),
 .UNSPECIFIED.,.F.,.F.,(4,4),(0.,0.000531588356861792),.UNSPECIFIED.);
#770=B_SPLINE_CURVE_WITH_KNOTS('',3,(#2558,#2559,#2560,#2561,#2562,#2563,
#2564,#2565,#2566,#2567,#2568,#2569),.UNSPECIFIED.,.F.,.F.,(4,1,1,1,1,1,
1,1,1,4),(0.,8.61805780916173E-5,0.000172361156183235,0.000344722312366469,
0.000517083468549704,0.000689444624732938,0.00103416693709941,0.00137888924946588,
0.00206833387419882,0.00275777849893175),.UNSPECIFIED.);
#771=B_SPLINE_CURVE_WITH_KNOTS('',3,(#2582,#2583,#2584,#2585),
 .UNSPECIFIED.,.F.,.F.,(4,4),(0.,1.),.UNSPECIFIED.);
#772=B_SPLINE_CURVE_WITH_KNOTS('',3,(#2587,#2588,#2589,#2590),
 .UNSPECIFIED.,.F.,.F.,(4,4),(0.,0.000528206116089641),.UNSPECIFIED.);
#773=B_SPLINE_CURVE_WITH_KNOTS('',3,(#2607,#2608,#2609,#2610),
 .UNSPECIFIED.,.F.,.F.,(4,4),(0.,0.000534108909305368),.UNSPECIFIED.);
#774=B_SPLINE_CURVE_WITH_KNOTS('',3,(#2612,#2613,#2614,#2615),
 .UNSPECIFIED.,.F.,.F.,(4,4),(0.,0.000528129571245331),.UNSPECIFIED.);
#775=B_SPLINE_CURVE_WITH_KNOTS('',3,(#2643,#2644,#2645,#2646),
 .UNSPECIFIED.,.F.,.F.,(4,4),(0.,0.656478049500159),.UNSPECIFIED.);
#776=B_SPLINE_CURVE_WITH_KNOTS('',3,(#2648,#2649,#2650,#2651),
 .UNSPECIFIED.,.F.,.F.,(4,4),(-1.05403320025366E-5,0.00334605768801626),
 .UNSPECIFIED.);
#777=B_SPLINE_CURVE_WITH_KNOTS('',3,(#2653,#2654,#2655,#2656),
 .UNSPECIFIED.,.F.,.F.,(4,4),(7.06786102470069E-5,0.00214736736800248),
 .UNSPECIFIED.);
#778=B_SPLINE_CURVE_WITH_KNOTS('',3,(#2658,#2659,#2660,#2661),
 .UNSPECIFIED.,.F.,.F.,(4,4),(6.07818999498169E-5,0.00855359901882858),
 .UNSPECIFIED.);
#779=B_SPLINE_CURVE_WITH_KNOTS('',3,(#2663,#2664,#2665,#2666),
 .UNSPECIFIED.,.F.,.F.,(4,4),(0.,0.000256011932537478),.UNSPECIFIED.);
#780=B_SPLINE_CURVE_WITH_KNOTS('',3,(#2668,#2669,#2670,#2671),
 .UNSPECIFIED.,.F.,.F.,(4,4),(0.,0.000538185689837245),.UNSPECIFIED.);
#781=B_SPLINE_CURVE_WITH_KNOTS('',3,(#2703,#2704,#2705,#2706,#2707),
 .UNSPECIFIED.,.F.,.F.,(4,1,4),(0.,0.000413182506452049,0.000826365012904099),
 .UNSPECIFIED.);
#782=EDGE_LOOP('',(#179,#180,#181,#182));
#783=EDGE_LOOP('',(#183,#184,#185,#186,#187));
#784=EDGE_LOOP('',(#188,#189,#190,#191));
#785=EDGE_LOOP('',(#192,#193,#194));
#786=EDGE_LOOP('',(#195,#196,#197));
#787=EDGE_LOOP('',(#198,#199,#200,#201,#202,#203));
#788=EDGE_LOOP('',(#204,#205,#206,#207));
#789=EDGE_LOOP('',(#208,#209,#210,#211,#212));
#790=EDGE_LOOP('',(#213,#214,#215,#216,#217,#218,#219,#220));
#791=EDGE_LOOP('',(#221,#222,#223,#224));
#792=EDGE_LOOP('',(#225,#226,#227,#228,#229,#230,#231,#232,#233));
#793=EDGE_LOOP('',(#234,#235,#236,#237,#238,#239,#240));
#794=EDGE_LOOP('',(#241,#242,#243,#244,#245,#246));
#795=EDGE_LOOP('',(#247,#248,#249,#250));
#796=EDGE_LOOP('',(#251,#252,#253,#254));
#797=EDGE_LOOP('',(#255,#256,#257,#258,#259,#260,#261,#262));
#798=EDGE_LOOP('',(#263,#264,#265,#266,#267,#268,#269,#270));
#799=EDGE_LOOP('',(#271,#272,#273,#274,#275,#276,#277));
#800=EDGE_LOOP('',(#278,#279,#280,#281,#282));
#801=EDGE_LOOP('',(#283,#284,#285,#286,#287,#288,#289));
#802=EDGE_LOOP('',(#290,#291,#292,#293));
#803=EDGE_LOOP('',(#294,#295,#296,#297));
#804=EDGE_LOOP('',(#298,#299,#300,#301));
#805=EDGE_LOOP('',(#302,#303,#304,#305,#306));
#806=EDGE_LOOP('',(#307,#308,#309,#310));
#807=EDGE_LOOP('',(#311,#312,#313,#314,#315,#316,#317,#318));
#808=EDGE_LOOP('',(#319,#320,#321,#322,#323));
#809=EDGE_LOOP('',(#324,#325,#326,#327));
#810=EDGE_LOOP('',(#328,#329,#330,#331,#332));
#811=EDGE_LOOP('',(#333,#334,#335,#336));
#812=EDGE_LOOP('',(#337,#338,#339,#340,#341));
#813=EDGE_LOOP('',(#342,#343,#344,#345));
#814=EDGE_LOOP('',(#346,#347,#348,#349));
#815=EDGE_LOOP('',(#350,#351,#352,#353));
#816=EDGE_LOOP('',(#354,#355,#356,#357,#358,#359));
#817=EDGE_LOOP('',(#360,#361,#362,#363));
#818=EDGE_LOOP('',(#364,#365,#366,#367,#368,#369));
#819=EDGE_LOOP('',(#370,#371,#372,#373,#374,#375));
#820=EDGE_LOOP('',(#376,#377,#378,#379,#380,#381,#382));
#821=EDGE_LOOP('',(#383,#384,#385));
#822=EDGE_LOOP('',(#386,#387,#388,#389));
#823=EDGE_LOOP('',(#390,#391,#392,#393));
#824=EDGE_LOOP('',(#394,#395,#396,#397));
#825=EDGE_LOOP('',(#398,#399,#400,#401,#402));
#826=EDGE_LOOP('',(#403,#404,#405,#406));
#827=EDGE_LOOP('',(#407,#408,#409,#410));
#828=EDGE_LOOP('',(#411,#412,#413));
#829=EDGE_LOOP('',(#414,#415,#416,#417));
#830=EDGE_LOOP('',(#418,#419,#420,#421));
#831=EDGE_LOOP('',(#422,#423,#424,#425));
#832=EDGE_LOOP('',(#426,#427,#428,#429));
#833=EDGE_LOOP('',(#430,#431,#432,#433));
#834=EDGE_LOOP('',(#434,#435,#436,#437));
#835=EDGE_LOOP('',(#438,#439,#440,#441,#442));
#836=EDGE_LOOP('',(#443,#444,#445,#446,#447,#448));
#837=EDGE_LOOP('',(#449,#450,#451,#452,#453));
#838=EDGE_LOOP('',(#454,#455,#456,#457,#458,#459));
#839=EDGE_LOOP('',(#460,#461,#462,#463));
#840=EDGE_LOOP('',(#464,#465,#466,#467));
#841=EDGE_LOOP('',(#468,#469,#470,#471));
#842=FACE_BOUND('',#782,.T.);
#843=FACE_BOUND('',#783,.T.);
#844=FACE_BOUND('',#784,.T.);
#845=FACE_BOUND('',#785,.T.);
#846=FACE_BOUND('',#786,.T.);
#847=FACE_BOUND('',#787,.T.);
#848=FACE_BOUND('',#788,.T.);
#849=FACE_BOUND('',#789,.T.);
#850=FACE_BOUND('',#790,.T.);
#851=FACE_BOUND('',#791,.T.);
#852=FACE_BOUND('',#792,.T.);
#853=FACE_BOUND('',#793,.T.);
#854=FACE_BOUND('',#794,.T.);
#855=FACE_BOUND('',#795,.T.);
#856=FACE_BOUND('',#796,.T.);
#857=FACE_BOUND('',#797,.T.);
#858=FACE_BOUND('',#798,.T.);
#859=FACE_BOUND('',#799,.T.);
#860=FACE_BOUND('',#800,.T.);
#861=FACE_BOUND('',#801,.T.);
#862=FACE_BOUND('',#802,.T.);
#863=FACE_BOUND('',#803,.T.);
#864=FACE_BOUND('',#804,.T.);
#865=FACE_BOUND('',#805,.T.);
#866=FACE_BOUND('',#806,.T.);
#867=FACE_BOUND('',#807,.T.);
#868=FACE_BOUND('',#808,.T.);
#869=FACE_BOUND('',#809,.T.);
#870=FACE_BOUND('',#810,.T.);
#871=FACE_BOUND('',#811,.T.);
#872=FACE_BOUND('',#812,.T.);
#873=FACE_BOUND('',#813,.T.);
#874=FACE_BOUND('',#814,.T.);
#875=FACE_BOUND('',#815,.T.);
#876=FACE_BOUND('',#816,.T.);
#877=FACE_BOUND('',#817,.T.);
#878=FACE_BOUND('',#818,.T.);
#879=FACE_BOUND('',#819,.T.);
#880=FACE_BOUND('',#820,.T.);
#881=FACE_BOUND('',#821,.T.);
#882=FACE_BOUND('',#822,.T.);
#883=FACE_BOUND('',#823,.T.);
#884=FACE_BOUND('',#824,.T.);
#885=FACE_BOUND('',#825,.T.);
#886=FACE_BOUND('',#826,.T.);
#887=FACE_BOUND('',#827,.T.);
#888=FACE_BOUND('',#828,.T.);
#889=FACE_BOUND('',#829,.T.);
#890=FACE_BOUND('',#830,.T.);
#891=FACE_BOUND('',#831,.T.);
#892=FACE_BOUND('',#832,.T.);
#893=FACE_BOUND('',#833,.T.);
#894=FACE_BOUND('',#834,.T.);
#895=FACE_BOUND('',#835,.T.);
#896=FACE_BOUND('',#836,.T.);
#897=FACE_BOUND('',#837,.T.);
#898=FACE_BOUND('',#838,.T.);
#899=FACE_BOUND('',#839,.T.);
#900=FACE_BOUND('',#840,.T.);
#901=FACE_BOUND('',#841,.T.);
#902=PLANE('',#978);
#903=PLANE('',#1020);
#904=PLANE('',#1027);
#905=PLANE('',#1045);
#906=ADVANCED_FACE('',(#842),#902,.T.);
#907=ADVANCED_FACE('',(#843),#108,.F.);
#908=ADVANCED_FACE('',(#844),#94,.F.);
#909=ADVANCED_FACE('',(#845),#95,.F.);
#910=ADVANCED_FACE('',(#846),#96,.F.);
#911=ADVANCED_FACE('',(#847),#87,.F.);
#912=ADVANCED_FACE('',(#848),#88,.T.);
#913=ADVANCED_FACE('',(#849),#109,.T.);
#914=ADVANCED_FACE('',(#850),#68,.T.);
#915=ADVANCED_FACE('',(#851),#69,.T.);
#916=ADVANCED_FACE('',(#852),#70,.T.);
#917=ADVANCED_FACE('',(#853),#71,.T.);
#918=ADVANCED_FACE('',(#854),#72,.F.);
#919=ADVANCED_FACE('',(#855),#73,.F.);
#920=ADVANCED_FACE('',(#856),#74,.F.);
#921=ADVANCED_FACE('',(#857),#75,.F.);
#922=ADVANCED_FACE('',(#858),#76,.F.);
#923=ADVANCED_FACE('',(#859),#77,.T.);
#924=ADVANCED_FACE('',(#860,#861),#903,.F.);
#925=ADVANCED_FACE('',(#862),#78,.T.);
#926=ADVANCED_FACE('',(#863),#97,.F.);
#927=ADVANCED_FACE('',(#864),#79,.F.);
#928=ADVANCED_FACE('',(#865),#89,.T.);
#929=ADVANCED_FACE('',(#866),#90,.T.);
#930=ADVANCED_FACE('',(#867),#904,.T.);
#931=ADVANCED_FACE('',(#868),#110,.T.);
#932=ADVANCED_FACE('',(#869),#111,.T.);
#933=ADVANCED_FACE('',(#870),#112,.T.);
#934=ADVANCED_FACE('',(#871),#80,.T.);
#935=ADVANCED_FACE('',(#872),#98,.T.);
#936=ADVANCED_FACE('',(#873),#99,.T.);
#937=ADVANCED_FACE('',(#874),#113,.T.);
#938=ADVANCED_FACE('',(#875),#91,.F.);
#939=ADVANCED_FACE('',(#876),#81,.F.);
#940=ADVANCED_FACE('',(#877),#92,.F.);
#941=ADVANCED_FACE('',(#878),#82,.T.);
#942=ADVANCED_FACE('',(#879),#93,.T.);
#943=ADVANCED_FACE('',(#880),#905,.T.);
#944=ADVANCED_FACE('',(#881),#114,.T.);
#945=ADVANCED_FACE('',(#882),#83,.T.);
#946=ADVANCED_FACE('',(#883),#100,.T.);
#947=ADVANCED_FACE('',(#884),#84,.T.);
#948=ADVANCED_FACE('',(#885),#101,.T.);
#949=ADVANCED_FACE('',(#886),#85,.T.);
#950=ADVANCED_FACE('',(#887),#102,.T.);
#951=ADVANCED_FACE('',(#888),#103,.T.);
#952=ADVANCED_FACE('',(#889),#104,.T.);
#953=ADVANCED_FACE('',(#890),#115,.T.);
#954=ADVANCED_FACE('',(#891),#116,.T.);
#955=ADVANCED_FACE('',(#892),#105,.T.);
#956=ADVANCED_FACE('',(#893),#117,.T.);
#957=ADVANCED_FACE('',(#894),#118,.T.);
#958=ADVANCED_FACE('',(#895),#106,.T.);
#959=ADVANCED_FACE('',(#896),#119,.T.);
#960=ADVANCED_FACE('',(#897),#120,.T.);
#961=ADVANCED_FACE('',(#898),#121,.T.);
#962=ADVANCED_FACE('',(#899),#122,.T.);
#963=ADVANCED_FACE('',(#900),#107,.T.);
#964=ADVANCED_FACE('',(#901),#86,.T.);
#965=CLOSED_SHELL('',(#906,#907,#908,#909,#910,#911,#912,#913,#914,#915,
#916,#917,#918,#919,#920,#921,#922,#923,#924,#925,#926,#927,#928,#929,#930,
#931,#932,#933,#934,#935,#936,#937,#938,#939,#940,#941,#942,#943,#944,#945,
#946,#947,#948,#949,#950,#951,#952,#953,#954,#955,#956,#957,#958,#959,#960,
#961,#962,#963,#964));
#966=STYLED_ITEM('',(#967),#974);
#967=PRESENTATION_STYLE_ASSIGNMENT((#968));
#968=SURFACE_STYLE_USAGE(.BOTH.,#969);
#969=SURFACE_SIDE_STYLE('',(#970));
#970=SURFACE_STYLE_FILL_AREA(#971);
#971=FILL_AREA_STYLE('',(#972));
#972=FILL_AREA_STYLE_COLOUR('',#973);
#973=COLOUR_RGB('',0.372549019607843,0.654901960784314,0.23921568627451);
#974=MANIFOLD_SOLID_BREP('window',#965);
#975=SHAPE_DEFINITION_REPRESENTATION(#2714,#976);
#976=SHAPE_REPRESENTATION('window',(#977),#2709);
#977=AXIS2_PLACEMENT_3D('',#1290,#1072,#1073);
#978=AXIS2_PLACEMENT_3D('',#1291,#1074,#1075);
#979=AXIS2_PLACEMENT_3D('',#1298,#1076,#1077);
#980=AXIS2_PLACEMENT_3D('',#1300,#1078,#1079);
#981=AXIS2_PLACEMENT_3D('',#1310,#1080,#1081);
#982=AXIS2_PLACEMENT_3D('',#1311,#1082,#1083);
#983=AXIS2_PLACEMENT_3D('',#1321,#1084,#1085);
#984=AXIS2_PLACEMENT_3D('',#1329,#1086,#1087);
#985=AXIS2_PLACEMENT_3D('',#1366,#1088,#1089);
#986=AXIS2_PLACEMENT_3D('',#1840,#1090,#1091);
#987=AXIS2_PLACEMENT_3D('',#1880,#1092,#1093);
#988=AXIS2_PLACEMENT_3D('',#1881,#1094,#1095);
#989=AXIS2_PLACEMENT_3D('',#1884,#1097,#1098);
#990=AXIS2_PLACEMENT_3D('',#1888,#1100,#1101);
#991=AXIS2_PLACEMENT_3D('',#1891,#1103,#1104);
#992=AXIS2_PLACEMENT_3D('',#1892,#1105,#1106);
#993=AXIS2_PLACEMENT_3D('',#1895,#1108,#1109);
#994=AXIS2_PLACEMENT_3D('',#1923,#1113,#1114);
#995=AXIS2_PLACEMENT_3D('',#1927,#1116,#1117);
#996=AXIS2_PLACEMENT_3D('',#1928,#1118,#1119);
#997=AXIS2_PLACEMENT_3D('',#1932,#1121,#1122);
#998=AXIS2_PLACEMENT_3D('',#1935,#1124,#1125);
#999=AXIS2_PLACEMENT_3D('',#1939,#1127,#1128);
#1000=AXIS2_PLACEMENT_3D('',#1940,#1129,#1130);
#1001=AXIS2_PLACEMENT_3D('',#1944,#1132,#1133);
#1002=AXIS2_PLACEMENT_3D('',#1967,#1136,#1137);
#1003=AXIS2_PLACEMENT_3D('',#1968,#1138,#1139);
#1004=AXIS2_PLACEMENT_3D('',#1972,#1141,#1142);
#1005=AXIS2_PLACEMENT_3D('',#1973,#1143,#1144);
#1006=AXIS2_PLACEMENT_3D('',#1974,#1145,#1146);
#1007=AXIS2_PLACEMENT_3D('',#1978,#1148,#1149);
#1008=AXIS2_PLACEMENT_3D('',#1979,#1150,#1151);
#1009=AXIS2_PLACEMENT_3D('',#1980,#1152,#1153);
#1010=AXIS2_PLACEMENT_3D('',#1983,#1155,#1156);
#1011=AXIS2_PLACEMENT_3D('',#1984,#1157,#1158);
#1012=AXIS2_PLACEMENT_3D('',#1988,#1160,#1161);
#1013=AXIS2_PLACEMENT_3D('',#1991,#1163,#1164);
#1014=AXIS2_PLACEMENT_3D('',#1992,#1165,#1166);
#1015=AXIS2_PLACEMENT_3D('',#2007,#1168,#1169);
#1016=AXIS2_PLACEMENT_3D('',#2008,#1170,#1171);
#1017=AXIS2_PLACEMENT_3D('',#2009,#1172,#1173);
#1018=AXIS2_PLACEMENT_3D('',#2013,#1175,#1176);
#1019=AXIS2_PLACEMENT_3D('',#2014,#1177,#1178);
#1020=AXIS2_PLACEMENT_3D('',#2034,#1179,#1180);
#1021=AXIS2_PLACEMENT_3D('',#2035,#1181,#1182);
#1022=AXIS2_PLACEMENT_3D('',#2036,#1183,#1184);
#1023=AXIS2_PLACEMENT_3D('',#2037,#1185,#1186);
#1024=AXIS2_PLACEMENT_3D('',#2038,#1187,#1188);
#1025=AXIS2_PLACEMENT_3D('',#2114,#1189,#1190);
#1026=AXIS2_PLACEMENT_3D('',#2115,#1191,#1192);
#1027=AXIS2_PLACEMENT_3D('',#2158,#1194,#1195);
#1028=AXIS2_PLACEMENT_3D('',#2159,#1196,#1197);
#1029=AXIS2_PLACEMENT_3D('',#2160,#1198,#1199);
#1030=AXIS2_PLACEMENT_3D('',#2162,#1200,#1201);
#1031=AXIS2_PLACEMENT_3D('',#2164,#1202,#1203);
#1032=AXIS2_PLACEMENT_3D('',#2165,#1204,#1205);
#1033=AXIS2_PLACEMENT_3D('',#2171,#1206,#1207);
#1034=AXIS2_PLACEMENT_3D('',#2172,#1208,#1209);
#1035=AXIS2_PLACEMENT_3D('',#2173,#1210,#1211);
#1036=AXIS2_PLACEMENT_3D('',#2174,#1212,#1213);
#1037=AXIS2_PLACEMENT_3D('',#2175,#1214,#1215);
#1038=AXIS2_PLACEMENT_3D('',#2234,#1216,#1217);
#1039=AXIS2_PLACEMENT_3D('',#2240,#1218,#1219);
#1040=AXIS2_PLACEMENT_3D('',#2241,#1220,#1221);
#1041=AXIS2_PLACEMENT_3D('',#2268,#1224,#1225);
#1042=AXIS2_PLACEMENT_3D('',#2276,#1227,#1228);
#1043=AXIS2_PLACEMENT_3D('',#2299,#1230,#1231);
#1044=AXIS2_PLACEMENT_3D('',#2302,#1233,#1234);
#1045=AXIS2_PLACEMENT_3D('',#2343,#1236,#1237);
#1046=AXIS2_PLACEMENT_3D('',#2350,#1238,#1239);
#1047=AXIS2_PLACEMENT_3D('',#2352,#1240,#1241);
#1048=AXIS2_PLACEMENT_3D('',#2354,#1242,#1243);
#1049=AXIS2_PLACEMENT_3D('',#2356,#1244,#1245);
#1050=AXIS2_PLACEMENT_3D('',#2358,#1246,#1247);
#1051=AXIS2_PLACEMENT_3D('',#2360,#1248,#1249);
#1052=AXIS2_PLACEMENT_3D('',#2361,#1250,#1251);
#1053=AXIS2_PLACEMENT_3D('',#2366,#1252,#1253);
#1054=AXIS2_PLACEMENT_3D('',#2367,#1254,#1255);
#1055=AXIS2_PLACEMENT_3D('',#2380,#1256,#1257);
#1056=AXIS2_PLACEMENT_3D('',#2381,#1258,#1259);
#1057=AXIS2_PLACEMENT_3D('',#2428,#1260,#1261);
#1058=AXIS2_PLACEMENT_3D('',#2433,#1262,#1263);
#1059=AXIS2_PLACEMENT_3D('',#2586,#1264,#1265);
#1060=AXIS2_PLACEMENT_3D('',#2591,#1266,#1267);
#1061=AXIS2_PLACEMENT_3D('',#2592,#1268,#1269);
#1062=AXIS2_PLACEMENT_3D('',#2605,#1270,#1271);
#1063=AXIS2_PLACEMENT_3D('',#2606,#1272,#1273);
#1064=AXIS2_PLACEMENT_3D('',#2611,#1274,#1275);
#1065=AXIS2_PLACEMENT_3D('',#2652,#1276,#1277);
#1066=AXIS2_PLACEMENT_3D('',#2662,#1278,#1279);
#1067=AXIS2_PLACEMENT_3D('',#2667,#1280,#1281);
#1068=AXIS2_PLACEMENT_3D('',#2672,#1282,#1283);
#1069=AXIS2_PLACEMENT_3D('',#2673,#1284,#1285);
#1070=AXIS2_PLACEMENT_3D('',#2701,#1286,#1287);
#1071=AXIS2_PLACEMENT_3D('',#2702,#1288,#1289);
#1072=DIRECTION('',(0.,0.,1.));
#1073=DIRECTION('',(1.,0.,0.));
#1074=DIRECTION('',(1.,0.,0.));
#1075=DIRECTION('',(0.,1.,0.));
#1076=DIRECTION('',(1.,0.,0.));
#1077=DIRECTION('',(0.,0.,-1.));
#1078=DIRECTION('',(1.,0.,0.));
#1079=DIRECTION('',(0.,0.,-1.));
#1080=DIRECTION('',(-1.,0.,0.));
#1081=DIRECTION('',(0.,0.,1.));
#1082=DIRECTION('',(2.87492515628133E-16,-0.775626777040709,0.631191811367544));
#1083=DIRECTION('',(0.,-0.631191811367544,-0.775626777040709));
#1084=DIRECTION('',(-1.,0.,0.));
#1085=DIRECTION('',(0.,0.,1.));
#1086=DIRECTION('',(-1.,0.,0.));
#1087=DIRECTION('',(0.,0.,1.));
#1088=DIRECTION('',(-0.058347747128714,-0.990489393447763,-0.124604582068583));
#1089=DIRECTION('',(0.,0.124817230820954,-0.992179751300231));
#1090=DIRECTION('',(1.,0.,0.));
#1091=DIRECTION('',(0.,0.,-1.));
#1092=DIRECTION('',(1.,0.,0.));
#1093=DIRECTION('',(0.,0.,-1.));
#1094=DIRECTION('',(-1.,0.,0.));
#1095=DIRECTION('',(0.,0.,1.));
#1096=DIRECTION('',(-1.,0.,0.));
#1097=DIRECTION('',(1.,0.,0.));
#1098=DIRECTION('',(0.,0.,-1.));
#1099=DIRECTION('',(-1.,0.,0.));
#1100=DIRECTION('',(1.,0.,0.));
#1101=DIRECTION('',(0.,0.,-1.));
#1102=DIRECTION('',(-1.,0.,0.));
#1103=DIRECTION('',(-1.,0.,0.));
#1104=DIRECTION('',(0.,0.,1.));
#1105=DIRECTION('',(1.,0.,0.));
#1106=DIRECTION('',(0.,0.,-1.));
#1107=DIRECTION('',(-1.,0.,0.));
#1108=DIRECTION('',(-1.,0.,0.));
#1109=DIRECTION('',(0.,0.,1.));
#1110=DIRECTION('',(-1.,0.,0.));
#1111=DIRECTION('',(-1.,0.,0.));
#1112=DIRECTION('',(-1.,0.,0.));
#1113=DIRECTION('',(1.,0.,0.));
#1114=DIRECTION('',(0.,0.,-1.));
#1115=DIRECTION('',(-1.,0.,0.));
#1116=DIRECTION('',(1.,0.,0.));
#1117=DIRECTION('',(0.,0.,-1.));
#1118=DIRECTION('',(-1.,0.,0.));
#1119=DIRECTION('',(0.,0.,1.));
#1120=DIRECTION('',(-1.,0.,0.));
#1121=DIRECTION('',(1.,0.,0.));
#1122=DIRECTION('',(0.,0.,-1.));
#1123=DIRECTION('',(-1.,0.,0.));
#1124=DIRECTION('',(1.,0.,0.));
#1125=DIRECTION('',(0.,0.,-1.));
#1126=DIRECTION('',(-1.,0.,0.));
#1127=DIRECTION('',(1.,0.,0.));
#1128=DIRECTION('',(0.,0.,-1.));
#1129=DIRECTION('',(-1.,0.,0.));
#1130=DIRECTION('',(0.,0.,1.));
#1131=DIRECTION('',(-1.,0.,0.));
#1132=DIRECTION('',(1.,0.,0.));
#1133=DIRECTION('',(0.,0.,-1.));
#1134=DIRECTION('',(-1.,0.,0.));
#1135=DIRECTION('',(-1.,0.,0.));
#1136=DIRECTION('',(1.,0.,0.));
#1137=DIRECTION('',(0.,0.,-1.));
#1138=DIRECTION('',(-1.,0.,0.));
#1139=DIRECTION('',(0.,0.,1.));
#1140=DIRECTION('',(-1.,0.,0.));
#1141=DIRECTION('',(1.,0.,0.));
#1142=DIRECTION('',(0.,0.,-1.));
#1143=DIRECTION('',(1.,0.,0.));
#1144=DIRECTION('',(0.,0.,-1.));
#1145=DIRECTION('',(-1.,0.,0.));
#1146=DIRECTION('',(0.,0.,1.));
#1147=DIRECTION('',(-1.,0.,0.));
#1148=DIRECTION('',(1.,0.,0.));
#1149=DIRECTION('',(0.,0.,-1.));
#1150=DIRECTION('',(1.,0.,0.));
#1151=DIRECTION('',(0.,0.,-1.));
#1152=DIRECTION('',(-1.,0.,0.));
#1153=DIRECTION('',(0.,0.,1.));
#1154=DIRECTION('',(-1.,0.,0.));
#1155=DIRECTION('',(1.,0.,0.));
#1156=DIRECTION('',(0.,0.,-1.));
#1157=DIRECTION('',(1.,0.,0.));
#1158=DIRECTION('',(0.,0.,-1.));
#1159=DIRECTION('',(-1.,0.,0.));
#1160=DIRECTION('',(1.,0.,0.));
#1161=DIRECTION('',(0.,0.,-1.));
#1162=DIRECTION('',(-1.,0.,0.));
#1163=DIRECTION('',(-1.,0.,0.));
#1164=DIRECTION('',(0.,0.,1.));
#1165=DIRECTION('',(1.,0.,0.));
#1166=DIRECTION('',(0.,0.,-1.));
#1167=DIRECTION('',(-1.,0.,0.));
#1168=DIRECTION('',(1.,0.,0.));
#1169=DIRECTION('',(0.,0.,-1.));
#1170=DIRECTION('',(1.,0.,0.));
#1171=DIRECTION('',(0.,0.,-1.));
#1172=DIRECTION('',(-1.,0.,0.));
#1173=DIRECTION('',(0.,0.,1.));
#1174=DIRECTION('',(-1.,0.,0.));
#1175=DIRECTION('',(1.,0.,0.));
#1176=DIRECTION('',(0.,0.,-1.));
#1177=DIRECTION('',(1.,0.,0.));
#1178=DIRECTION('',(0.,0.,-1.));
#1179=DIRECTION('',(1.,0.,0.));
#1180=DIRECTION('',(0.,1.,0.));
#1181=DIRECTION('',(1.,0.,0.));
#1182=DIRECTION('',(0.,0.,-1.));
#1183=DIRECTION('',(1.,0.,0.));
#1184=DIRECTION('',(0.,0.,-1.));
#1185=DIRECTION('',(-1.,0.,0.));
#1186=DIRECTION('',(0.,0.,1.));
#1187=DIRECTION('',(1.,0.,0.));
#1188=DIRECTION('',(0.,0.,-1.));
#1189=DIRECTION('',(1.,0.,0.));
#1190=DIRECTION('',(0.,0.,-1.));
#1191=DIRECTION('',(1.,0.,0.));
#1192=DIRECTION('',(0.,0.,-1.));
#1193=DIRECTION('',(-1.,0.,0.));
#1194=DIRECTION('',(1.,0.,0.));
#1195=DIRECTION('',(0.,1.,0.));
#1196=DIRECTION('',(1.,0.,0.));
#1197=DIRECTION('',(0.,0.,-1.));
#1198=DIRECTION('',(1.,0.,0.));
#1199=DIRECTION('',(0.,0.,-1.));
#1200=DIRECTION('',(1.,0.,0.));
#1201=DIRECTION('',(0.,0.,-1.));
#1202=DIRECTION('',(1.,0.,0.));
#1203=DIRECTION('',(0.,0.,-1.));
#1204=DIRECTION('',(1.,0.,0.));
#1205=DIRECTION('',(0.,0.,-1.));
#1206=DIRECTION('',(0.,0.565690448951488,-0.824617678663915));
#1207=DIRECTION('',(0.,0.824617678663915,0.565690448951488));
#1208=DIRECTION('',(1.,0.,0.));
#1209=DIRECTION('',(0.,0.,-1.));
#1210=DIRECTION('',(0.,0.905416950945128,-0.424523432735141));
#1211=DIRECTION('',(0.,0.424523432735141,0.905416950945128));
#1212=DIRECTION('',(1.,0.,0.));
#1213=DIRECTION('',(0.,0.,-1.));
#1214=DIRECTION('',(-1.,0.,0.));
#1215=DIRECTION('',(0.,0.,1.));
#1216=DIRECTION('',(-7.12269302957317E-16,0.227113572703132,0.973868279129174));
#1217=DIRECTION('',(0.,-0.973868279129174,0.227113572703132));
#1218=DIRECTION('',(1.,0.,0.));
#1219=DIRECTION('',(0.,0.,-1.));
#1220=DIRECTION('',(1.,0.,0.));
#1221=DIRECTION('',(0.,0.,-1.));
#1222=DIRECTION('',(-1.,0.,0.));
#1223=DIRECTION('',(-1.,0.,0.));
#1224=DIRECTION('',(-1.,0.,0.));
#1225=DIRECTION('',(0.,0.,1.));
#1226=DIRECTION('',(-1.,0.,0.));
#1227=DIRECTION('',(1.,0.,0.));
#1228=DIRECTION('',(0.,0.,-1.));
#1229=DIRECTION('',(-1.,0.,0.));
#1230=DIRECTION('',(-1.,0.,0.));
#1231=DIRECTION('',(0.,0.,1.));
#1232=DIRECTION('',(-1.,0.,0.));
#1233=DIRECTION('',(1.,0.,0.));
#1234=DIRECTION('',(0.,0.,-1.));
#1235=DIRECTION('',(-1.,0.,0.));
#1236=DIRECTION('',(1.,0.,0.));
#1237=DIRECTION('',(0.,1.,0.));
#1238=DIRECTION('',(1.,0.,0.));
#1239=DIRECTION('',(0.,0.,-1.));
#1240=DIRECTION('',(1.,0.,0.));
#1241=DIRECTION('',(0.,0.,-1.));
#1242=DIRECTION('',(1.,0.,0.));
#1243=DIRECTION('',(0.,0.,-1.));
#1244=DIRECTION('',(1.,0.,0.));
#1245=DIRECTION('',(0.,0.,-1.));
#1246=DIRECTION('',(1.,0.,0.));
#1247=DIRECTION('',(0.,0.,-1.));
#1248=DIRECTION('',(1.,0.,0.));
#1249=DIRECTION('',(0.,0.,-1.));
#1250=DIRECTION('',(1.,0.,0.));
#1251=DIRECTION('',(0.,0.,-1.));
#1252=DIRECTION('',(-1.,0.,0.));
#1253=DIRECTION('',(0.,0.,1.));
#1254=DIRECTION('',(1.,0.,0.));
#1255=DIRECTION('',(0.,0.,-1.));
#1256=DIRECTION('',(-1.,0.,0.));
#1257=DIRECTION('',(0.,0.,1.));
#1258=DIRECTION('',(-1.,0.,0.));
#1259=DIRECTION('',(0.,0.,1.));
#1260=DIRECTION('',(-1.,0.,0.));
#1261=DIRECTION('',(0.,0.,1.));
#1262=DIRECTION('',(1.,0.,0.));
#1263=DIRECTION('',(0.,0.,-1.));
#1264=DIRECTION('',(1.,0.,0.));
#1265=DIRECTION('',(0.,0.,-1.));
#1266=DIRECTION('',(1.,0.,0.));
#1267=DIRECTION('',(0.,0.,-1.));
#1268=DIRECTION('',(-3.27136810939998E-15,0.987222695621393,0.159346632377441));
#1269=DIRECTION('',(0.,-0.159346632377441,0.987222695621393));
#1270=DIRECTION('',(3.04298932848235E-14,0.807636838633819,0.589680198820997));
#1271=DIRECTION('',(0.,-0.589680198820997,0.807636838633819));
#1272=DIRECTION('',(1.,0.,0.));
#1273=DIRECTION('',(0.,0.,-1.));
#1274=DIRECTION('',(1.,0.,0.));
#1275=DIRECTION('',(0.,0.,-1.));
#1276=DIRECTION('',(1.,0.,0.));
#1277=DIRECTION('',(0.,0.,-1.));
#1278=DIRECTION('',(1.,0.,0.));
#1279=DIRECTION('',(0.,0.,-1.));
#1280=DIRECTION('',(1.,0.,0.));
#1281=DIRECTION('',(0.,0.,-1.));
#1282=DIRECTION('',(1.,0.,0.));
#1283=DIRECTION('',(0.,0.,-1.));
#1284=DIRECTION('',(1.76656344997168E-15,-0.688387065522117,-0.725343537933474));
#1285=DIRECTION('',(0.,0.725343537933474,-0.688387065522117));
#1286=DIRECTION('',(-1.,0.,0.));
#1287=DIRECTION('',(0.,0.,1.));
#1288=DIRECTION('',(-1.,0.,0.));
#1289=DIRECTION('',(0.,0.,1.));
#1290=CARTESIAN_POINT('',(0.,0.,0.));
#1291=CARTESIAN_POINT('',(-0.0795495611786842,0.0246162287890911,0.06975));
#1292=CARTESIAN_POINT('',(-0.0795495611786842,-0.0043095047066213,0.0866921460328784));
#1293=CARTESIAN_POINT('',(-0.0795495611786842,-0.00408727454827202,0.0855177451879596));
#1294=CARTESIAN_POINT('',(-0.0795495611786842,-0.00386504438992276,0.0843433443430409));
#1295=CARTESIAN_POINT('',(-0.0795495611786842,-0.00364281423157344,0.0831689434981221));
#1296=CARTESIAN_POINT('',(-0.0795495611786842,-0.00430950470662137,0.0866921460328784));
#1297=CARTESIAN_POINT('',(-0.0795495611786842,-0.00364281423157344,0.0831689434981221));
#1298=CARTESIAN_POINT('',(-0.0795495611786842,0.00586183508453843,0.0741485589363792));
#1299=CARTESIAN_POINT('',(-0.0795495611786842,0.00415407446407275,0.0871404506357116));
#1300=CARTESIAN_POINT('',(-0.0795495611786842,0.0267805206324768,0.0587064315095191));
#1301=CARTESIAN_POINT('',(-0.0795495611786842,0.0284201361772123,0.0950074118095857));
#1302=CARTESIAN_POINT('',(-0.0795495611786843,0.0284201361772123,0.0950074118095858));
#1303=CARTESIAN_POINT('',(-0.0795495611786843,0.0255501065713522,0.0954915934902981));
#1304=CARTESIAN_POINT('',(-0.0795495611786843,0.0196937178056293,0.0958088905528477));
#1305=CARTESIAN_POINT('',(-0.0795495611786842,0.0126186521064302,0.0946959968395665));
#1306=CARTESIAN_POINT('',(-0.0795495611786843,0.00703882004936876,0.0929289942387962));
#1307=CARTESIAN_POINT('',(-0.0795495611786843,0.0017469620120177,0.0906543469401275));
#1308=CARTESIAN_POINT('',(-0.0795495611786842,-0.00195571327778415,0.0884107206834451));
#1309=CARTESIAN_POINT('',(-0.0795495611786842,-0.00430950470662137,0.0866921460328784));
#1310=CARTESIAN_POINT('',(-0.0823784933668188,0.0256730377999345,0.0561184077453084));
#1311=CARTESIAN_POINT('',(-0.0823784933668188,0.0518674979716877,0.0883069189924978));
#1312=CARTESIAN_POINT('',(-0.0830305491723255,0.0503441373294441,0.0864349693189841));
#1313=CARTESIAN_POINT('',(-0.0823784933668188,0.0502895184432688,0.0863678520498961));
#1314=CARTESIAN_POINT('',(-0.0847355159707744,0.0488205135054252,0.0895544982201474));
#1315=CARTESIAN_POINT('',(-0.0846371933272812,0.0491537840911895,0.0889855408825801));
#1316=CARTESIAN_POINT('',(-0.0844145953293871,0.0496024981982087,0.0881349257786313));
#1317=CARTESIAN_POINT('',(-0.0838000231879269,0.0500972116025927,0.0870441032484049));
#1318=CARTESIAN_POINT('',(-0.0833257346774349,0.050283607478124,0.0865870493772879));
#1319=CARTESIAN_POINT('',(-0.0830305491723256,0.0503441373294441,0.086434969318984));
#1320=CARTESIAN_POINT('',(-0.0847355159707746,0.0488205135054248,0.0895544982201481));
#1321=CARTESIAN_POINT('',(-0.0847355159707743,0.0256730377999345,0.0561184077453084));
#1322=CARTESIAN_POINT('',(-0.0847355159707739,0.032147342836209,0.0962663983808938));
#1323=CARTESIAN_POINT('',(-0.0823766059184806,0.031771023783974,0.094638722158782));
#1324=CARTESIAN_POINT('',(-0.0828945726951576,0.0317790447695555,0.0946370564668593));
#1325=CARTESIAN_POINT('',(-0.0839092996434034,0.0318604889659596,0.0949502898427791));
#1326=CARTESIAN_POINT('',(-0.0845654824565646,0.0320467263227761,0.0957954833458351));
#1327=CARTESIAN_POINT('',(-0.0847355159707738,0.0321473428362089,0.0962663983808935));
#1328=CARTESIAN_POINT('',(-0.0823766059183562,0.031771023646715,0.094638721459146));
#1329=CARTESIAN_POINT('',(-0.0823784933668188,0.0256730377999345,0.0561184077453084));
#1330=CARTESIAN_POINT('',(-0.0823716729832614,0.0318659712141765,0.0946142258816006));
#1331=CARTESIAN_POINT('',(-0.0841462629639777,0.0319185289979005,0.0946006664687451));
#1332=CARTESIAN_POINT('',(-0.0847309690484023,0.0323545991655898,0.0962193317774653));
#1333=CARTESIAN_POINT('',(-0.082382149183887,0.031534321327791,0.0946997884265619));
#1334=CARTESIAN_POINT('',(-0.0841491258983262,0.0315927570056017,0.0946847125724315));
#1335=CARTESIAN_POINT('',(-0.0847379531822178,0.0320280207393701,0.0962939481584601));
#1336=CARTESIAN_POINT('',(-0.0824045766738393,0.0309297190484697,0.0948504898403446));
#1337=CARTESIAN_POINT('',(-0.0841546481368778,0.0309857062055196,0.0948375073121056));
#1338=CARTESIAN_POINT('',(-0.0847529048420915,0.0313746955595927,0.0964368173081334));
#1339=CARTESIAN_POINT('',(-0.082450041648416,0.0296694008162277,0.09512981543673));
#1340=CARTESIAN_POINT('',(-0.0841681084153735,0.0297318196250684,0.0951171001821883));
#1341=CARTESIAN_POINT('',(-0.0847832148251891,0.030067144073675,0.0966873742493297));
#1342=CARTESIAN_POINT('',(-0.0825103805910884,0.0281050394868544,0.0954170140527524));
#1343=CARTESIAN_POINT('',(-0.0841883366803496,0.0281715094997293,0.0954064570693443));
#1344=CARTESIAN_POINT('',(-0.0848234407869479,0.0284311285805109,0.0969398830237499));
#1345=CARTESIAN_POINT('',(-0.0825880395367622,0.0262125162481993,0.0956711197564703));
#1346=CARTESIAN_POINT('',(-0.0842185757425651,0.0262825558803656,0.0956633504899537));
#1347=CARTESIAN_POINT('',(-0.0848752134174044,0.0264655763266945,0.0971467372530978));
#1348=CARTESIAN_POINT('',(-0.0826996006505269,0.0236795426648424,0.0958885533384706));
#1349=CARTESIAN_POINT('',(-0.0842669324533351,0.0237609561587634,0.0958843799052675));
#1350=CARTESIAN_POINT('',(-0.0849495874932451,0.0238412779748984,0.0972968061215392));
#1351=CARTESIAN_POINT('',(-0.0828551660353055,0.020494914453238,0.0959365539682104));
#1352=CARTESIAN_POINT('',(-0.084343273825386,0.0205908130935368,0.0959393890283624));
#1353=CARTESIAN_POINT('',(-0.0850532977497656,0.0205585314883698,0.097252085819011));
#1354=CARTESIAN_POINT('',(-0.0830024583257465,0.0179158323981738,0.0957327797140864));
#1355=CARTESIAN_POINT('',(-0.0844258594122026,0.0180013807721329,0.0957410225543613));
#1356=CARTESIAN_POINT('',(-0.0851514926100585,0.0179169917176971,0.0969659661327271));
#1357=CARTESIAN_POINT('',(-0.0830819144868364,0.0166428577450355,0.0955726381964818));
#1358=CARTESIAN_POINT('',(-0.0844728140488574,0.0167235163585375,0.0955827851328267));
#1359=CARTESIAN_POINT('',(-0.085204463384119,0.016618044581596,0.0967637911947753));
#1360=CARTESIAN_POINT('',(-0.0852044633841192,0.016618044581596,0.0967637911947755));
#1361=CARTESIAN_POINT('',(-0.0850987047845442,0.0192114525925725,0.0971674428051726));
#1362=CARTESIAN_POINT('',(-0.0849225461566752,0.0244377828011396,0.0974877027362146));
#1363=CARTESIAN_POINT('',(-0.0847924022960902,0.0295843008189341,0.0968426945885031));
#1364=CARTESIAN_POINT('',(-0.0847355159707737,0.032147342836209,0.0962663983808939));
#1365=CARTESIAN_POINT('',(-0.0852044633841192,0.016618044581596,0.0967637911947755));
#1366=CARTESIAN_POINT('',(-0.0830819144868363,0.0163308146679862,0.0980530875747328));
#1367=CARTESIAN_POINT('',(-0.0830819144868364,0.016642857745036,0.0955726381964819));
#1368=CARTESIAN_POINT('',(-0.0823747184698937,0.031771023646715,0.094638721459146));
#1369=CARTESIAN_POINT('',(-0.0824168986829522,0.0305470286022302,0.0949545006447431));
#1370=CARTESIAN_POINT('',(-0.0825110183592718,0.0280276530489508,0.0954760508215241));
#1371=CARTESIAN_POINT('',(-0.0827238482690515,0.0230174425167943,0.0960161962752544));
#1372=CARTESIAN_POINT('',(-0.0829234033278923,0.0191823799729403,0.0958921126986369));
#1373=CARTESIAN_POINT('',(-0.0830819144868364,0.016642857745036,0.0955726381964819));
#1374=CARTESIAN_POINT('',(-0.0830819144868362,0.0166428577450382,0.0955726381964822));
#1375=CARTESIAN_POINT('',(-0.0844728140488551,0.0167235163585431,0.0955827851328274));
#1376=CARTESIAN_POINT('',(-0.085204463384117,0.0166180445816037,0.0967637911947738));
#1377=CARTESIAN_POINT('',(-0.0833618310290773,0.0121582884268546,0.0950084747744954));
#1378=CARTESIAN_POINT('',(-0.0844678643758363,0.0124224555627372,0.0950501236083664));
#1379=CARTESIAN_POINT('',(-0.0852558622430548,0.0120258177062719,0.0958253503861585));
#1380=CARTESIAN_POINT('',(-0.0836557426188326,0.00679964270095352,0.0934371156117664));
#1381=CARTESIAN_POINT('',(-0.0844653677832651,0.00694438180580971,0.0935082644014982));
#1382=CARTESIAN_POINT('',(-0.0851539391154513,0.00668576971295296,0.0938683077778097));
#1383=CARTESIAN_POINT('',(-0.0839816268537308,0.000709256812814926,0.0903489802050935));
#1384=CARTESIAN_POINT('',(-0.0844567524866065,0.000740008377117286,0.0903659313354521));
#1385=CARTESIAN_POINT('',(-0.0849023767201163,0.000660951741394024,0.0905158361913148));
#1386=CARTESIAN_POINT('',(-0.0841404335791249,-0.00220373142981818,0.0885989740398222));
#1387=CARTESIAN_POINT('',(-0.0844545822571433,-0.00218487712051316,0.0886115590048803));
#1388=CARTESIAN_POINT('',(-0.0847613294717081,-0.00222167468777407,0.0886732761382603));
#1389=CARTESIAN_POINT('',(-0.0842953569405821,-0.00499468593211621,0.0866532051113783));
#1390=CARTESIAN_POINT('',(-0.0844520030961998,-0.00498580307930249,0.0866600684882096));
#1391=CARTESIAN_POINT('',(-0.0846086520460285,-0.00499261907094591,0.0866714243441028));
#1392=CARTESIAN_POINT('',(-0.0843987656295963,-0.00679910917719059,0.0852093257881005));
#1393=CARTESIAN_POINT('',(-0.0844500984414664,-0.0067974282089335,0.0852107572171137));
#1394=CARTESIAN_POINT('',(-0.0845014312533214,-0.00679574724109054,0.0852121886455773));
#1395=CARTESIAN_POINT('',(-0.084449561178684,-0.00765994956095407,0.0844762769568446));
#1396=CARTESIAN_POINT('',(-0.084449561178684,-0.00765994956095402,0.0844762769568446));
#1397=CARTESIAN_POINT('',(-0.084449561178684,-0.00765994956095397,0.0844762769568447));
#1398=CARTESIAN_POINT('',(-0.0852044633841189,0.0166180445815987,0.0967637911947757));
#1399=CARTESIAN_POINT('',(-0.085255056061612,0.0120978448461928,0.0958400694142741));
#1400=CARTESIAN_POINT('',(-0.0851346080052836,0.00565779394433841,0.093501232383724));
#1401=CARTESIAN_POINT('',(-0.084813079452127,-0.00127838862698124,0.0893553693875902));
#1402=CARTESIAN_POINT('',(-0.0846088679423211,-0.00498969443158003,0.0866736112365834));
#1403=CARTESIAN_POINT('',(-0.0845015965729896,-0.00679306171493025,0.0852144755060106));
#1404=CARTESIAN_POINT('',(-0.084449561178684,-0.00765994956095399,0.0844762769568446));
#1405=CARTESIAN_POINT('',(-0.0844495611786842,-0.00765994956095409,0.0844762769568446));
#1406=CARTESIAN_POINT('',(-0.0830819144868363,0.0166428577450386,0.0955726381964822));
#1407=CARTESIAN_POINT('',(-0.0833634230722396,0.0121327821469574,0.0950052660583117));
#1408=CARTESIAN_POINT('',(-0.0836581519135648,0.0067542316019798,0.093420062251461));
#1409=CARTESIAN_POINT('',(-0.0839837992282202,0.000669063186865334,0.0903265833716865));
#1410=CARTESIAN_POINT('',(-0.0841422300390703,-0.00223640827083065,0.0885774888754565));
#1411=CARTESIAN_POINT('',(-0.0842964867429441,-0.00501460797532415,0.0866377809500126));
#1412=CARTESIAN_POINT('',(-0.0843991888412383,-0.00680629664021176,0.0852032053022745));
#1413=CARTESIAN_POINT('',(-0.0844495611786841,-0.00765994956095403,0.0844762769568446));
#1414=CARTESIAN_POINT('',(-0.0830357704570803,0.0503450315505768,0.0864360681638085));
#1415=CARTESIAN_POINT('',(-0.0827130161450949,0.0502895184432688,0.086367852049896));
#1416=CARTESIAN_POINT('',(-0.0823784933668188,0.0502895184432688,0.086367852049896));
#1417=CARTESIAN_POINT('',(-0.0830357704545128,0.0504666146280164,0.0863371259311538));
#1418=CARTESIAN_POINT('',(-0.0827130161420931,0.0503843826506596,0.086290653178231));
#1419=CARTESIAN_POINT('',(-0.0823784933633112,0.0503692702796746,0.0863029513688327));
#1420=CARTESIAN_POINT('',(-0.0829975529079552,0.0505528971208987,0.0862012995001591));
#1421=CARTESIAN_POINT('',(-0.0826684975378217,0.0504514839061862,0.0861844870291103));
#1422=CARTESIAN_POINT('',(-0.0823269651443782,0.0504298148508727,0.0862179165075949));
#1423=CARTESIAN_POINT('',(-0.0829469307110039,0.0505927745083596,0.086069806341092));
#1424=CARTESIAN_POINT('',(-0.0826071347470458,0.0504825863001589,0.0860782436724655));
#1425=CARTESIAN_POINT('',(-0.0822531666907983,0.0504653418436594,0.0861238854382712));
#1426=CARTESIAN_POINT('',(-0.0822544850160772,0.0504647035708664,0.0861255668680601));
#1427=CARTESIAN_POINT('',(-0.0823201492270439,0.0504327307232854,0.08620940089867));
#1428=CARTESIAN_POINT('',(-0.0823784933668188,0.0503762497957595,0.0862972715579617));
#1429=CARTESIAN_POINT('',(-0.0823784933668188,0.0502895184432688,0.086367852049896));
#1430=CARTESIAN_POINT('',(-0.0822544850160772,0.0504647035708664,0.0861255668680601));
#1431=CARTESIAN_POINT('',(-0.0830305491723255,0.0503441373294441,0.0864349693189841));
#1432=CARTESIAN_POINT('',(-0.0827836433242956,0.0503947670995806,0.086307763019508));
#1433=CARTESIAN_POINT('',(-0.0825203462899597,0.0504318403950081,0.086211735373504));
#1434=CARTESIAN_POINT('',(-0.0822544850160772,0.0504647035708664,0.0861255668680601));
#1435=CARTESIAN_POINT('',(-0.0819495611786842,0.0312951839788714,0.0560539849110205));
#1436=CARTESIAN_POINT('',(-0.0820365654361066,0.0312957383213231,0.0560565602563915));
#1437=CARTESIAN_POINT('',(-0.0822105739509515,0.0312968470062265,0.0560617109471335));
#1438=CARTESIAN_POINT('',(-0.0825548050365069,0.0313086772268469,0.0561166713850727));
#1439=CARTESIAN_POINT('',(-0.0829709270497606,0.0313368396695992,0.056247507506965));
#1440=CARTESIAN_POINT('',(-0.0834258916685478,0.0313919778736552,0.0565036667063009));
#1441=CARTESIAN_POINT('',(-0.0838167468069387,0.0314656862609412,0.0568460986333975));
#1442=CARTESIAN_POINT('',(-0.0841263828975325,0.0315548613979973,0.0572603854622863));
#1443=CARTESIAN_POINT('',(-0.0843418279389468,0.031655611924147,0.0577284488414452));
#1444=CARTESIAN_POINT('',(-0.0844335817852145,0.0317455446216392,0.0581462551189288));
#1445=CARTESIAN_POINT('',(-0.0844552623725751,0.0318187989537103,0.0584865776116994));
#1446=CARTESIAN_POINT('',(-0.0844431867098636,0.0318553441216617,0.0586563579141651));
#1447=CARTESIAN_POINT('',(-0.0844371488785079,0.0318736167056374,0.0587412480653979));
#1448=CARTESIAN_POINT('',(-0.0819495611786842,0.0300687041722884,0.056317896078554));
#1449=CARTESIAN_POINT('',(-0.0820365654361066,0.0300692580002403,0.0563204715362347));
#1450=CARTESIAN_POINT('',(-0.0822105739509515,0.0300703656561442,0.056325622451596));
#1451=CARTESIAN_POINT('',(-0.082554805036507,0.0300821848968274,0.0563805852863353));
#1452=CARTESIAN_POINT('',(-0.0829709270497606,0.0301103212012798,0.0565114271139324));
#1453=CARTESIAN_POINT('',(-0.0834258916685478,0.0301654082301259,0.0567675974842565));
#1454=CARTESIAN_POINT('',(-0.0838167468069387,0.0302390482067291,0.0571100443446564));
#1455=CARTESIAN_POINT('',(-0.0841263828975325,0.0303281405780073,0.0575243492404086));
#1456=CARTESIAN_POINT('',(-0.0843418279389468,0.0304287975949576,0.0579924330316023));
#1457=CARTESIAN_POINT('',(-0.0844335817852145,0.0305186468235603,0.0584102575294309));
#1458=CARTESIAN_POINT('',(-0.0844552623725751,0.0305918331663691,0.0587505948635132));
#1459=CARTESIAN_POINT('',(-0.0844431867098636,0.0306283444157939,0.058920382570022));
#1460=CARTESIAN_POINT('',(-0.0844371488785079,0.0306466000405064,0.0590052764232764));
#1461=CARTESIAN_POINT('',(-0.0819495611786842,0.0276157445591223,0.0568457184136211));
#1462=CARTESIAN_POINT('',(-0.0820365654361066,0.0276162973580748,0.0568482940959211));
#1463=CARTESIAN_POINT('',(-0.0822105739509515,0.0276174029559798,0.056853445460521));
#1464=CARTESIAN_POINT('',(-0.0825548050365069,0.0276292002367884,0.0569084130888606));
#1465=CARTESIAN_POINT('',(-0.0829709270497606,0.0276572842646408,0.0570392663278673));
#1466=CARTESIAN_POINT('',(-0.0834258916685478,0.0277122689430672,0.0572954590401677));
#1467=CARTESIAN_POINT('',(-0.0838167468069387,0.0277857720983049,0.0576379357671741));
#1468=CARTESIAN_POINT('',(-0.0841263828975325,0.0278746989380272,0.0580522767966532));
#1469=CARTESIAN_POINT('',(-0.0843418279389468,0.0279751689365788,0.0585204014119164));
#1470=CARTESIAN_POINT('',(-0.0844335817852145,0.0280648512274023,0.058938262350435));
#1471=CARTESIAN_POINT('',(-0.0844552623725751,0.0281379015916866,0.0592786293671409));
#1472=CARTESIAN_POINT('',(-0.0844431867098636,0.0281743450040584,0.0594484318817359));
#1473=CARTESIAN_POINT('',(-0.0844371488785079,0.0281925667102443,0.0595333331390333));
#1474=CARTESIAN_POINT('',(-0.0819495611786842,0.0245425189320404,0.057508333295731));
#1475=CARTESIAN_POINT('',(-0.0820365654361066,0.0245430781622396,0.0575109075741602));
#1476=CARTESIAN_POINT('',(-0.0822105739509515,0.0245441966226379,0.0575160561310187));
#1477=CARTESIAN_POINT('',(-0.0825548050365069,0.0245561311526625,0.0575709937993566));
#1478=CARTESIAN_POINT('',(-0.0829709270497606,0.0245845419092646,0.0577017757170534));
#1479=CARTESIAN_POINT('',(-0.0834258916685478,0.024640166277814,0.0579578287920016));
#1480=CARTESIAN_POINT('',(-0.0838167468069386,0.0247145245665863,0.0583001188527171));
#1481=CARTESIAN_POINT('',(-0.0841263828975325,0.0248044859785326,0.0587142340464034));
#1482=CARTESIAN_POINT('',(-0.0843418279389468,0.0249061248420765,0.0591821035112324));
#1483=CARTESIAN_POINT('',(-0.0844335817852145,0.0249968504940198,0.0595997366954385));
#1484=CARTESIAN_POINT('',(-0.084455262372575,0.0250707507240822,0.0599399181957471));
#1485=CARTESIAN_POINT('',(-0.0844431867098636,0.0251076181180359,0.0601096281598033));
#1486=CARTESIAN_POINT('',(-0.0844371488785079,0.0251260518150127,0.0601944831418315));
#1487=CARTESIAN_POINT('',(-0.0819495611786842,0.0221008010958734,0.0580316164895563));
#1488=CARTESIAN_POINT('',(-0.0820365654361067,0.0221013469490794,0.0580341936880367));
#1489=CARTESIAN_POINT('',(-0.0822105739509515,0.0221024386554916,0.0580393480849975));
#1490=CARTESIAN_POINT('',(-0.082554805036507,0.0221140877071468,0.0580943480701389));
#1491=CARTESIAN_POINT('',(-0.0829709270497606,0.0221418188679496,0.0582252783361602));
#1492=CARTESIAN_POINT('',(-0.0834258916685478,0.0221961126810432,0.0584816218568011));
#1493=CARTESIAN_POINT('',(-0.0838167468069387,0.0222686922920634,0.0588243001834017));
#1494=CARTESIAN_POINT('',(-0.0841263828975325,0.022356501793784,0.0592388851155369));
#1495=CARTESIAN_POINT('',(-0.0843418279389468,0.0224557094181437,0.059707285293269));
#1496=CARTESIAN_POINT('',(-0.0844335817852145,0.022544264878958,0.0601253922064451));
#1497=CARTESIAN_POINT('',(-0.0844552623725751,0.022616397388202,0.0604659595808601));
#1498=CARTESIAN_POINT('',(-0.0844431867098636,0.0226523829004652,0.0606358620500369));
#1499=CARTESIAN_POINT('',(-0.0844371488785079,0.0226703756565968,0.0607208132846253));
#1500=CARTESIAN_POINT('',(-0.0819495611786842,0.0195972534862119,0.0585798649602112));
#1501=CARTESIAN_POINT('',(-0.0820365654361066,0.0195978538763898,0.0585824302538676));
#1502=CARTESIAN_POINT('',(-0.0822105739509515,0.0195990546567454,0.0585875608411804));
#1503=CARTESIAN_POINT('',(-0.0825548050365069,0.0196118675817531,0.0586423067655078));
#1504=CARTESIAN_POINT('',(-0.0829709270497606,0.0196423694023528,0.0587726322268213));
#1505=CARTESIAN_POINT('',(-0.0834258916685478,0.0197020877876895,0.0590277916227152));
#1506=CARTESIAN_POINT('',(-0.0838167468069387,0.0197819189310836,0.059368887019169));
#1507=CARTESIAN_POINT('',(-0.0841263828975325,0.0198785016052628,0.0597815568637818));
#1508=CARTESIAN_POINT('',(-0.0843418279389469,0.019987621204758,0.0602477933658317));
#1509=CARTESIAN_POINT('',(-0.0844335817852145,0.0200850243678672,0.0606639689224378));
#1510=CARTESIAN_POINT('',(-0.0844552623725751,0.0201643637389094,0.0610029631178037));
#1511=CARTESIAN_POINT('',(-0.0844431867098636,0.0202039446149876,0.0611720807584122));
#1512=CARTESIAN_POINT('',(-0.0844371488785079,0.0202237350530267,0.0612566395787163));
#1513=CARTESIAN_POINT('',(-0.0819495611786842,0.0164876871712255,0.0593406241003293));
#1514=CARTESIAN_POINT('',(-0.0820365654361066,0.0164883552960609,0.0593431728801291));
#1515=CARTESIAN_POINT('',(-0.0822105739509515,0.0164896915457317,0.0593482704397287));
#1516=CARTESIAN_POINT('',(-0.0825548050365069,0.0165039499958668,0.0594026639418921));
#1517=CARTESIAN_POINT('',(-0.0829709270497606,0.0165378929626593,0.0595321504442933));
#1518=CARTESIAN_POINT('',(-0.0834258916685479,0.0166043486407311,0.0597856672735922));
#1519=CARTESIAN_POINT('',(-0.0838167468069387,0.0166931861525895,0.0601245668978621));
#1520=CARTESIAN_POINT('',(-0.0841263828975325,0.0168006650649275,0.0605345802159567));
#1521=CARTESIAN_POINT('',(-0.0843418279389468,0.0169220952900501,0.0609978153607531));
#1522=CARTESIAN_POINT('',(-0.0844335817852145,0.0170304872570176,0.0614113118231227));
#1523=CARTESIAN_POINT('',(-0.0844552623725751,0.0171187775158831,0.0617481237726055));
#1524=CARTESIAN_POINT('',(-0.0844431867098636,0.0171628238165931,0.0619161527329945));
#1525=CARTESIAN_POINT('',(-0.0844371488785079,0.0171848469669482,0.0620001672131891));
#1526=CARTESIAN_POINT('',(-0.0819495611786842,0.013377338329333,0.0602266640361674));
#1527=CARTESIAN_POINT('',(-0.0820365654361066,0.0133781021670101,0.0602291860200947));
#1528=CARTESIAN_POINT('',(-0.0822105739509515,0.0133796298423644,0.0602342299879493));
#1529=CARTESIAN_POINT('',(-0.082554805036507,0.0133959308999714,0.0602880516394763));
#1530=CARTESIAN_POINT('',(-0.0829709270497606,0.0134347363978898,0.0604161768223112));
#1531=CARTESIAN_POINT('',(-0.0834258916685478,0.0135107122456361,0.0606670283744287));
#1532=CARTESIAN_POINT('',(-0.0838167468069387,0.0136122762574849,0.0610023650737527));
#1533=CARTESIAN_POINT('',(-0.0841263828975325,0.013735152160894,0.061408067833279));
#1534=CARTESIAN_POINT('',(-0.0843418279389468,0.013873977985314,0.0618664328869479));
#1535=CARTESIAN_POINT('',(-0.0844335817852145,0.0139978977438385,0.062275582171701));
#1536=CARTESIAN_POINT('',(-0.084455262372575,0.0140988361054604,0.0626088531444138));
#1537=CARTESIAN_POINT('',(-0.0844431867098636,0.0141491922997486,0.0627751155800512));
#1538=CARTESIAN_POINT('',(-0.0844371488785079,0.0141743703968926,0.0628582467978698));
#1539=CARTESIAN_POINT('',(-0.0819495611786842,0.0109017933308824,0.061042668071245));
#1540=CARTESIAN_POINT('',(-0.0820365654361067,0.010902656843094,0.0610451573579168));
#1541=CARTESIAN_POINT('',(-0.0822105739509516,0.010904383867517,0.0610501359312606));
#1542=CARTESIAN_POINT('',(-0.082554805036507,0.0109228120790676,0.0611032597907571));
#1543=CARTESIAN_POINT('',(-0.0829709270497606,0.0109666813752939,0.0612297238441213));
#1544=CARTESIAN_POINT('',(-0.0834258916685479,0.0110525714462791,0.0614773231323456));
#1545=CARTESIAN_POINT('',(-0.0838167468069387,0.0111673887263228,0.0618083122267612));
#1546=CARTESIAN_POINT('',(-0.0841263828975326,0.0113062989244876,0.0622087550928362));
#1547=CARTESIAN_POINT('',(-0.0843418279389469,0.0114632403771691,0.0626611774919695));
#1548=CARTESIAN_POINT('',(-0.0844335817852145,0.0116033306449564,0.0630650221994357));
#1549=CARTESIAN_POINT('',(-0.0844552623725751,0.0117174406325644,0.0633939723491675));
#1550=CARTESIAN_POINT('',(-0.0844431867098636,0.0117743678960337,0.0635580792098775));
#1551=CARTESIAN_POINT('',(-0.0844371488785079,0.0118028315277683,0.0636401326402325));
#1552=CARTESIAN_POINT('',(-0.0819495611786842,0.00905101665364749,0.0617216387159469));
#1553=CARTESIAN_POINT('',(-0.0820365654361067,0.00905197169582156,0.0617240946333686));
#1554=CARTESIAN_POINT('',(-0.0822105739509515,0.00905388178016972,0.061729006468212));
#1555=CARTESIAN_POINT('',(-0.0825548050365069,0.00907426333237971,0.0617814181946392));
#1556=CARTESIAN_POINT('',(-0.0829709270497606,0.00912278265553816,0.0619061869789602));
#1557=CARTESIAN_POINT('',(-0.0834258916685478,0.009217776842104,0.0621504671626854));
#1558=CARTESIAN_POINT('',(-0.0838167468069387,0.00934476444377143,0.0624770193001118));
#1559=CARTESIAN_POINT('',(-0.0841263828975325,0.00949839874781851,0.062872094171279));
#1560=CARTESIAN_POINT('',(-0.0843418279389469,0.00967197557066827,0.0633184517822976));
#1561=CARTESIAN_POINT('',(-0.0844335817852145,0.00982691502853098,0.0637168828926769));
#1562=CARTESIAN_POINT('',(-0.084455262372575,0.00995312036667466,0.0640414234177698));
#1563=CARTESIAN_POINT('',(-0.0844431867098636,0.0100160817663411,0.0642033304021247));
#1564=CARTESIAN_POINT('',(-0.0844371488785079,0.0100475624661743,0.0642842838943022));
#1565=CARTESIAN_POINT('',(-0.0819495611786842,0.00720590315757895,0.0624870515537581));
#1566=CARTESIAN_POINT('',(-0.0820365654361066,0.00720697325740477,0.0624894601184919));
#1567=CARTESIAN_POINT('',(-0.0822105739509515,0.0072091134570564,0.0624942772479596));
#1568=CARTESIAN_POINT('',(-0.082554805036507,0.00723195045427159,0.0625456784208147));
#1569=CARTESIAN_POINT('',(-0.0829709270497606,0.00728631508933158,0.0626680415308852));
#1570=CARTESIAN_POINT('',(-0.0834258916685479,0.00739275359566867,0.0629076117340567));
#1571=CARTESIAN_POINT('',(-0.0838167468069387,0.00753503988847714,0.0632278676005633));
#1572=CARTESIAN_POINT('',(-0.0841263828975325,0.00770718311572165,0.0636153250099614));
#1573=CARTESIAN_POINT('',(-0.0843418279389468,0.00790167141470888,0.0640530763736953));
#1574=CARTESIAN_POINT('',(-0.0844335817852145,0.00807527703273432,0.0644438253104603));
#1575=CARTESIAN_POINT('',(-0.0844552623725751,0.00821668681968448,0.0647621083506489));
#1576=CARTESIAN_POINT('',(-0.0844431867098636,0.00828723342447852,0.0649208935969398));
#1577=CARTESIAN_POINT('',(-0.0844371488785079,0.00832250672687554,0.0650002862200852));
#1578=CARTESIAN_POINT('',(-0.0819495611786842,0.00566762230550063,0.0632256922945484));
#1579=CARTESIAN_POINT('',(-0.0820365654361067,0.00566881846937638,0.063228041085039));
#1580=CARTESIAN_POINT('',(-0.0822105739509515,0.00567121079712788,0.0632327386660203));
#1581=CARTESIAN_POINT('',(-0.082554805036507,0.00569673812685946,0.0632828641969283));
#1582=CARTESIAN_POINT('',(-0.0829709270497606,0.00575750723550527,0.0634021905763695));
#1583=CARTESIAN_POINT('',(-0.0834258916685479,0.0058764848235744,0.0636358152770656));
#1584=CARTESIAN_POINT('',(-0.0838167468069387,0.00603553327808801,0.0639481232351017));
#1585=CARTESIAN_POINT('',(-0.0841263828975325,0.00622795598942449,0.064325964970446));
#1586=CARTESIAN_POINT('',(-0.0843418279389469,0.00644535615330771,0.064752852496431));
#1587=CARTESIAN_POINT('',(-0.0844335817852145,0.0066394135336556,0.0651339040720884));
#1588=CARTESIAN_POINT('',(-0.0844552623725751,0.00679748222476835,0.0654442881641678));
#1589=CARTESIAN_POINT('',(-0.0844431867098636,0.00687633963430657,0.0655991327781831));
#1590=CARTESIAN_POINT('',(-0.0844371488785079,0.00691576833907569,0.0656765550851908));
#1591=CARTESIAN_POINT('',(-0.0819495611786842,0.00444820651599356,0.0638997430709615));
#1592=CARTESIAN_POINT('',(-0.0820365654361066,0.00444953153130119,0.0639020210574554));
#1593=CARTESIAN_POINT('',(-0.0822105739509515,0.00445218156191644,0.0639065770304433));
#1594=CARTESIAN_POINT('',(-0.0825548050365069,0.00448045870967433,0.0639551915334675));
#1595=CARTESIAN_POINT('',(-0.0829709270497606,0.00454777390019214,0.0640709208340681));
#1596=CARTESIAN_POINT('',(-0.0834258916685478,0.00467956781961434,0.0642975029472704));
#1597=CARTESIAN_POINT('',(-0.0838167468069387,0.00485574906129667,0.0646003964208237));
#1598=CARTESIAN_POINT('',(-0.0841263828975325,0.00506889965313875,0.0649668481641336));
#1599=CARTESIAN_POINT('',(-0.0843418279389468,0.0053097182824805,0.0653808672188363));
#1600=CARTESIAN_POINT('',(-0.0844335817852145,0.00552467963078073,0.065750432042223));
#1601=CARTESIAN_POINT('',(-0.084455262372575,0.00569977556840875,0.0660514596445193));
#1602=CARTESIAN_POINT('',(-0.0844431867098636,0.00578712754155922,0.0662016364869382));
#1603=CARTESIAN_POINT('',(-0.0844371488785079,0.00583080352813446,0.0662767249081476));
#1604=CARTESIAN_POINT('',(-0.0819495611786842,0.00353695792751997,0.0644604728774729));
#1605=CARTESIAN_POINT('',(-0.0820365654361067,0.00353839967704042,0.0644626792114955));
#1606=CARTESIAN_POINT('',(-0.0822105739509516,0.00354128317608133,0.0644670918795407));
#1607=CARTESIAN_POINT('',(-0.0825548050365069,0.0035720515483296,0.0645141772473867));
#1608=CARTESIAN_POINT('',(-0.0829709270497607,0.00364529722563583,0.0646262663638096));
#1609=CARTESIAN_POINT('',(-0.0834258916685478,0.00378870222558703,0.0648457214951748));
#1610=CARTESIAN_POINT('',(-0.0838167468069387,0.00398040508309081,0.0651390876664441));
#1611=CARTESIAN_POINT('',(-0.0841263828975325,0.00421233430066566,0.0654940129265649));
#1612=CARTESIAN_POINT('',(-0.0843418279389468,0.00447436911744937,0.0658950093015803));
#1613=CARTESIAN_POINT('',(-0.0844335817852145,0.00470826861962408,0.0662529497220222));
#1614=CARTESIAN_POINT('',(-0.0844552623725751,0.00489879055748803,0.0665445087117094));
#1615=CARTESIAN_POINT('',(-0.0844431867098636,0.00499383826348464,0.0666899618466248));
#1616=CARTESIAN_POINT('',(-0.0844371488785079,0.00504136211648294,0.0667626884140825));
#1617=CARTESIAN_POINT('',(-0.0819495611786841,0.00278319503497256,0.0649856710962927));
#1618=CARTESIAN_POINT('',(-0.0820365654361066,0.00278475249829696,0.0649877978757587));
#1619=CARTESIAN_POINT('',(-0.0822105739509515,0.00278786742494576,0.0649920514346906));
#1620=CARTESIAN_POINT('',(-0.082554805036507,0.00282110524514159,0.0650374390289782));
#1621=CARTESIAN_POINT('',(-0.0829709270497605,0.00290022956906689,0.0651454865089707));
#1622=CARTESIAN_POINT('',(-0.0834258916685478,0.00305514415359871,0.065357028669995));
#1623=CARTESIAN_POINT('',(-0.0838167468069387,0.00326223294780997,0.065639816834736));
#1624=CARTESIAN_POINT('',(-0.0841263828975325,0.00351277664150003,0.0659819444307554));
#1625=CARTESIAN_POINT('',(-0.0843418279389468,0.00379584218864785,0.0663684819393841));
#1626=CARTESIAN_POINT('',(-0.0844335817852145,0.004048514300596,0.0667135159770353));
#1627=CARTESIAN_POINT('',(-0.084455262372575,0.00425432739538651,0.066994562122372));
#1628=CARTESIAN_POINT('',(-0.0844431867098636,0.00435700356351299,0.0671347706027859));
#1629=CARTESIAN_POINT('',(-0.0844371488785079,0.00440834164757622,0.0672048748429929));
#1630=CARTESIAN_POINT('',(-0.0819495611786843,0.00225054214637292,0.065404962794728));
#1631=CARTESIAN_POINT('',(-0.0820365654361067,0.00225220339037647,0.0654070077767024));
#1632=CARTESIAN_POINT('',(-0.0822105739509517,0.00225552587838357,0.0654110977406512));
#1633=CARTESIAN_POINT('',(-0.0825548050365069,0.00229097848174593,0.0654547396949133));
#1634=CARTESIAN_POINT('',(-0.0829709270497607,0.00237537520980782,0.0655586315899122));
#1635=CARTESIAN_POINT('',(-0.0834258916685478,0.00254061243920769,0.0657620376849225));
#1636=CARTESIAN_POINT('',(-0.0838167468069387,0.00276150047695213,0.0660339496103116));
#1637=CARTESIAN_POINT('',(-0.0841263828975326,0.0030287390065849,0.0663629187291132));
#1638=CARTESIAN_POINT('',(-0.0843418279389469,0.00333066646480724,0.06673458972285));
#1639=CARTESIAN_POINT('',(-0.0844335817852145,0.00360017523863318,0.0670663534994156));
#1640=CARTESIAN_POINT('',(-0.0844552623725751,0.00381970257145453,0.0673365904047389));
#1641=CARTESIAN_POINT('',(-0.0844431867098636,0.00392922050740541,0.0674714063645941));
#1642=CARTESIAN_POINT('',(-0.0844371488785078,0.00398397947538085,0.0675388143445216));
#1643=CARTESIAN_POINT('',(-0.0819495611786841,0.00201261714394076,0.0656050136715527));
#1644=CARTESIAN_POINT('',(-0.0820365654361065,0.00201432278274189,0.0656070215167913));
#1645=CARTESIAN_POINT('',(-0.0822105739509514,0.00201773406034416,0.0656110372072685));
#1646=CARTESIAN_POINT('',(-0.0825548050365069,0.00205413409295033,0.0656538866265624));
#1647=CARTESIAN_POINT('',(-0.0829709270497604,0.0021407862245839,0.0657558918517017));
#1648=CARTESIAN_POINT('',(-0.0834258916685478,0.00231043922513888,0.0659556041056407));
#1649=CARTESIAN_POINT('',(-0.0838167468069387,0.00253723023662068,0.0662225781286641));
#1650=CARTESIAN_POINT('',(-0.0841263828975325,0.00281161040252375,0.0665455731902865));
#1651=CARTESIAN_POINT('',(-0.0843418279389468,0.0031216065179476,0.0669104946636535));
#1652=CARTESIAN_POINT('',(-0.0844335817852145,0.00339831759765722,0.067236233632242));
#1653=CARTESIAN_POINT('',(-0.0844552623725751,0.00362371154097277,0.0675015630534519));
#1654=CARTESIAN_POINT('',(-0.0844431867098636,0.00373615621531243,0.0676339307644994));
#1655=CARTESIAN_POINT('',(-0.0844371488785079,0.00379237855248226,0.0677001146200232));
#1656=CARTESIAN_POINT('',(-0.0819495611786842,0.00189478235123968,0.0657074682902239));
#1657=CARTESIAN_POINT('',(-0.0820365654361066,0.00189651820755213,0.0657094498448916));
#1658=CARTESIAN_POINT('',(-0.0822105739509515,0.00189998992017703,0.065713412954227));
#1659=CARTESIAN_POINT('',(-0.0825548050365069,0.00193703482460277,0.0657557013065247));
#1660=CARTESIAN_POINT('',(-0.0829709270497606,0.00202522210644898,0.065856370883102));
#1661=CARTESIAN_POINT('',(-0.0834258916685478,0.0021978807207721,0.066053468120169));
#1662=CARTESIAN_POINT('',(-0.0838167468069387,0.00242868961690299,0.0663169464058962));
#1663=CARTESIAN_POINT('',(-0.0841263828975325,0.00270793076847474,0.0666357121950576));
#1664=CARTESIAN_POINT('',(-0.0843418279389468,0.00302341885038042,0.066995855414757));
#1665=CARTESIAN_POINT('',(-0.0844335817852145,0.00330503221079392,0.067317329182378));
#1666=CARTESIAN_POINT('',(-0.084455262372575,0.00353441928795957,0.0675791844005811));
#1667=CARTESIAN_POINT('',(-0.0844431867098636,0.0036488560594637,0.0677098188990147));
#1668=CARTESIAN_POINT('',(-0.0844371488785078,0.00370607444521576,0.0677751361482314));
#1669=CARTESIAN_POINT('',(-0.0819495611786842,0.00184010265653087,0.0657552874986063));
#1670=CARTESIAN_POINT('',(-0.0820365654361066,0.00184183365025529,0.0657572732839406));
#1671=CARTESIAN_POINT('',(-0.0822105739509515,0.00184529563770414,0.0657612448546091));
#1672=CARTESIAN_POINT('',(-0.082554805036507,0.00188223676965316,0.0658036234935498));
#1673=CARTESIAN_POINT('',(-0.0829709270497606,0.00197017701583297,0.0659045080020797));
#1674=CARTESIAN_POINT('',(-0.0834258916685478,0.00214235196817041,0.0661020260464594));
#1675=CARTESIAN_POINT('',(-0.0838167468069387,0.00237251430815087,0.0663660668646251));
#1676=CARTESIAN_POINT('',(-0.0841263828975325,0.00265097323214375,0.0666855132263664));
#1677=CARTESIAN_POINT('',(-0.0843418279389468,0.00296557754932823,0.0670464253604492));
#1678=CARTESIAN_POINT('',(-0.0844335817852145,0.00324640203698477,0.0673685854822488));
#1679=CARTESIAN_POINT('',(-0.0844552623725751,0.00347514654088719,0.0676309997676024));
#1680=CARTESIAN_POINT('',(-0.0844431867098636,0.00358926274503152,0.0677619131738129));
#1681=CARTESIAN_POINT('',(-0.0844371488785079,0.00364632084710368,0.0678273698769182));
#1682=CARTESIAN_POINT('',(-0.0819495611786842,0.0017946159791695,0.0657949926306553));
#1683=CARTESIAN_POINT('',(-0.0820365654361067,0.00179634801487707,0.0657969775094182));
#1684=CARTESIAN_POINT('',(-0.0822105739509515,0.00179981208629222,0.0658009472669439));
#1685=CARTESIAN_POINT('',(-0.082554805036507,0.00183677545520054,0.0658433065587468));
#1686=CARTESIAN_POINT('',(-0.0829709270497606,0.00192476863759457,0.0659441450104297));
#1687=CARTESIAN_POINT('',(-0.0834258916685478,0.00209704723178609,0.0661415728818139));
#1688=CARTESIAN_POINT('',(-0.0838167468069387,0.00232734811951307,0.0664054931573141));
#1689=CARTESIAN_POINT('',(-0.0841263828975325,0.00260597466370142,0.066724793682074));
#1690=CARTESIAN_POINT('',(-0.0843418279389468,0.00292076835904044,0.0670855410487889));
#1691=CARTESIAN_POINT('',(-0.0844335817852145,0.00320176189085919,0.0674075540946931));
#1692=CARTESIAN_POINT('',(-0.0844552623725751,0.0034306440890323,0.067669848579943));
#1693=CARTESIAN_POINT('',(-0.0844431867098636,0.0035448289861823,0.0678007022202014));
#1694=CARTESIAN_POINT('',(-0.0844371488785079,0.0036019214347573,0.0678661290403305));
#1695=CARTESIAN_POINT('',(-0.0819495611786842,0.00176429152759526,0.0658214627186879));
#1696=CARTESIAN_POINT('',(-0.0820365654361067,0.00176602425795827,0.0658234469930699));
#1697=CARTESIAN_POINT('',(-0.0822105739509515,0.00176948971868427,0.0658274155418337));
#1698=CARTESIAN_POINT('',(-0.082554805036507,0.00180646791223212,0.0658697619355448));
#1699=CARTESIAN_POINT('',(-0.0829709270497606,0.00189449638543565,0.065970569682663));
#1700=CARTESIAN_POINT('',(-0.0834258916685478,0.00206684407419655,0.0661679374387168));
#1701=CARTESIAN_POINT('',(-0.0838167468069387,0.00229723732708787,0.0664317773524401));
#1702=CARTESIAN_POINT('',(-0.0841263828975325,0.00257597561807321,0.0667509806525457));
#1703=CARTESIAN_POINT('',(-0.0843418279389468,0.00289089556551526,0.0671116181743487));
#1704=CARTESIAN_POINT('',(-0.0844335817852145,0.00317200179344214,0.067433533169656));
#1705=CARTESIAN_POINT('',(-0.0844552623725751,0.00340097578779571,0.0676957477881701));
#1706=CARTESIAN_POINT('',(-0.0844431867098636,0.00351520648028283,0.0678265615844603));
#1707=CARTESIAN_POINT('',(-0.0844371488785079,0.00357232182652639,0.0678919684826054));
#1708=CARTESIAN_POINT('',(-0.0819495611786842,0.0162514760795143,0.0594284414822609));
#1709=CARTESIAN_POINT('',(-0.0819495611786842,0.0137108278595915,0.0601073458802924));
#1710=CARTESIAN_POINT('',(-0.0819495611786842,0.0099372037869056,0.0612633883636075));
#1711=CARTESIAN_POINT('',(-0.0819495611786842,0.00512697913901182,0.0634207189435336));
#1712=CARTESIAN_POINT('',(-0.0819495611786842,0.00289536058538411,0.064833777891964));
#1713=CARTESIAN_POINT('',(-0.0819495611786842,0.00189934966804286,0.0657035257323235));
#1714=CARTESIAN_POINT('',(-0.0819495611786842,0.0162514760795143,0.0594284414822609));
#1715=CARTESIAN_POINT('',(-0.0819495611786842,0.00189934966804286,0.0657035257323235));
#1716=CARTESIAN_POINT('',(-0.0819495611786842,0.0162514760795143,0.0594284414822609));
#1717=CARTESIAN_POINT('',(-0.0822152814400053,0.0181211693160965,0.0589288276627121));
#1718=CARTESIAN_POINT('',(-0.0829550068456634,0.0218872667735797,0.0581268743646265));
#1719=CARTESIAN_POINT('',(-0.0838656514090155,0.0256784943943026,0.0580707006973909));
#1720=CARTESIAN_POINT('',(-0.0841466174535295,0.0276103265990939,0.0581842158688368));
#1721=CARTESIAN_POINT('',(-0.0841466174535295,0.0276103265990936,0.0581842158688368));
#1722=CARTESIAN_POINT('',(-0.0844495611786842,0.0316466736508082,0.0585355866782534));
#1723=CARTESIAN_POINT('',(-0.0844495611786842,0.0302950962892196,0.0583795038429662));
#1724=CARTESIAN_POINT('',(-0.0843414963202672,0.0289502510424478,0.0582629503223442));
#1725=CARTESIAN_POINT('',(-0.0841466174535296,0.0276103265990936,0.0581842158688369));
#1726=CARTESIAN_POINT('',(-0.0844495611786842,0.0316466736508082,0.0585355866782534));
#1727=CARTESIAN_POINT('',(-0.0844495611786842,0.0216966121708301,0.0606794005894315));
#1728=CARTESIAN_POINT('',(-0.0844495611786842,0.0250094202086818,0.0599474892836679));
#1729=CARTESIAN_POINT('',(-0.0844495611786842,0.0283298392623518,0.0592495344568402));
#1730=CARTESIAN_POINT('',(-0.0844495611786842,0.0316466736508082,0.0585355866782534));
#1731=CARTESIAN_POINT('',(-0.0844495611786842,0.0216967116062446,0.0606798506582275));
#1732=CARTESIAN_POINT('',(-0.0844495610087248,0.0216968111596232,0.0606803007009937));
#1733=CARTESIAN_POINT('',(-0.0844495610141797,0.0216416925227483,0.0606924631212525));
#1734=CARTESIAN_POINT('',(-0.0844498296073762,0.0215630333537222,0.0608123266189381));
#1735=CARTESIAN_POINT('',(-0.0844402820063106,0.0216718187752417,0.0609054523848735));
#1736=CARTESIAN_POINT('',(-0.0844395043232595,0.0217281447489997,0.0609018531985041));
#1737=CARTESIAN_POINT('',(-0.0844395043232595,0.0217281447489997,0.0609018531985041));
#1738=CARTESIAN_POINT('',(-0.0819495611786842,0.00189934966804286,0.0657035257323235));
#1739=CARTESIAN_POINT('',(-0.0821769911313102,0.00189934966804286,0.0657035257323235));
#1740=CARTESIAN_POINT('',(-0.0825982075480918,0.00209903329947679,0.0656162004048056));
#1741=CARTESIAN_POINT('',(-0.0831226101412966,0.00277842533503855,0.0653259516641984));
#1742=CARTESIAN_POINT('',(-0.0834871404481926,0.00376232793403057,0.0649233208909711));
#1743=CARTESIAN_POINT('',(-0.0837441492455166,0.00497437529152242,0.0644585821804159));
#1744=CARTESIAN_POINT('',(-0.0839117537440133,0.00621385852484325,0.0640144415438716));
#1745=CARTESIAN_POINT('',(-0.0840299955565251,0.00747180195224035,0.0635953765820264));
#1746=CARTESIAN_POINT('',(-0.0841473874263634,0.00915705619213576,0.063075715829598));
#1747=CARTESIAN_POINT('',(-0.0842494206703252,0.011280884989725,0.0624982050265094));
#1748=CARTESIAN_POINT('',(-0.0843407171610574,0.0138544672626312,0.0619205463110559));
#1749=CARTESIAN_POINT('',(-0.0844098389859469,0.016453116125156,0.0614581004059577));
#1750=CARTESIAN_POINT('',(-0.0844521699966247,0.0190765602978193,0.0611114287423479));
#1751=CARTESIAN_POINT('',(-0.084451714052665,0.0208438193196293,0.0609583609127823));
#1752=CARTESIAN_POINT('',(-0.0844395043232595,0.0217281447489997,0.0609018531985041));
#1753=CARTESIAN_POINT('',(-0.0819495611785964,-0.00633619381286729,0.073981631009034));
#1754=CARTESIAN_POINT('',(-0.0819495611785964,-0.00663486070327688,0.0740043235842407));
#1755=CARTESIAN_POINT('',(-0.0819495611785964,-0.00692082314153111,0.074083383389262));
#1756=CARTESIAN_POINT('',(-0.0819495611785964,-0.00736549649804302,0.0743037641181207));
#1757=CARTESIAN_POINT('',(-0.0819495611785964,-0.0075319125622443,0.0744108987797844));
#1758=CARTESIAN_POINT('',(-0.0819495611785964,-0.00769332932023381,0.0745402144090888));
#1759=CARTESIAN_POINT('',(-0.082278482821897,-0.00633619381286729,0.073981631009034));
#1760=CARTESIAN_POINT('',(-0.0822784821244038,-0.00663486070327688,0.0740043235842407));
#1761=CARTESIAN_POINT('',(-0.0822784814269106,-0.00692082314153111,0.074083383389262));
#1762=CARTESIAN_POINT('',(-0.0822784802918784,-0.00736549649804302,0.0743037641181207));
#1763=CARTESIAN_POINT('',(-0.0822782862263017,-0.00753366064885591,0.0744122992222755));
#1764=CARTESIAN_POINT('',(-0.0822784794168003,-0.00769332932023381,0.0745402144090888));
#1765=CARTESIAN_POINT('',(-0.082607575503912,-0.00632997549557549,0.0740481902752014));
#1766=CARTESIAN_POINT('',(-0.0826075372570101,-0.00662092028448409,0.0740703849591161));
#1767=CARTESIAN_POINT('',(-0.0826075534833093,-0.00689972678278842,0.0741474252825479));
#1768=CARTESIAN_POINT('',(-0.0826076597976916,-0.00733275879313383,0.0743618348084891));
#1769=CARTESIAN_POINT('',(-0.0826074296617127,-0.00749731026483089,0.0744681190669905));
#1770=CARTESIAN_POINT('',(-0.0826077984081731,-0.00765147980398541,0.0745917020395681));
#1771=CARTESIAN_POINT('',(-0.083208270044489,-0.00630669569084387,0.0742987067160726));
#1772=CARTESIAN_POINT('',(-0.0832081525083019,-0.00656849970136941,0.0743190140456171));
#1773=CARTESIAN_POINT('',(-0.0832082043804433,-0.00682021407587569,0.0743884138008836));
#1774=CARTESIAN_POINT('',(-0.0832085379089997,-0.00720939374586879,0.0745803265553943));
#1775=CARTESIAN_POINT('',(-0.0832083636675551,-0.00735775304802902,0.074676030329066));
#1776=CARTESIAN_POINT('',(-0.0832089717425854,-0.00749400601557949,0.0747854426835337));
#1777=CARTESIAN_POINT('',(-0.0834866651039124,-0.00628961267628347,0.0744854241913336));
#1778=CARTESIAN_POINT('',(-0.083486506027077,-0.00652952106220326,0.0745042353931864));
#1779=CARTESIAN_POINT('',(-0.0834865768722355,-0.00676069844360865,0.0745678796968651));
#1780=CARTESIAN_POINT('',(-0.0834870304322391,-0.00711702867506022,0.0747431241011343));
#1781=CARTESIAN_POINT('',(-0.0834869482242674,-0.00725264441254264,0.0748304615420545));
#1782=CARTESIAN_POINT('',(-0.0834876200719056,-0.00737647994071247,0.0749300354926481));
#1783=CARTESIAN_POINT('',(-0.0839474424639175,-0.00624628677286243,0.0749489881420902));
#1784=CARTESIAN_POINT('',(-0.0839472663407418,-0.00643245027054027,0.07496446617632));
#1785=CARTESIAN_POINT('',(-0.0839473443828584,-0.00661381854074577,0.0750139977198387));
#1786=CARTESIAN_POINT('',(-0.0839478464207203,-0.00688926422059703,0.0751473367165606));
#1787=CARTESIAN_POINT('',(-0.0839478886049785,-0.00699286714150877,0.0752132400635603));
#1788=CARTESIAN_POINT('',(-0.0839484997001981,-0.00708553326782638,0.0752879883706172));
#1789=CARTESIAN_POINT('',(-0.0841330573122021,-0.00622118621542844,0.075226758881758));
#1790=CARTESIAN_POINT('',(-0.0841328995783748,-0.00637457842181096,0.0752399442422557));
#1791=CARTESIAN_POINT('',(-0.0841329692840193,-0.00652499476121276,0.0752808280492999));
#1792=CARTESIAN_POINT('',(-0.0841334189246223,-0.00675143214350871,0.0753893960662623));
#1793=CARTESIAN_POINT('',(-0.0841335041309425,-0.00683581635171737,0.0754426383093856));
#1794=CARTESIAN_POINT('',(-0.084134004343993,-0.00691066083638203,0.0755031346360549));
#1795=CARTESIAN_POINT('',(-0.0843174894991401,-0.00618297051681863,0.0756703449081787));
#1796=CARTESIAN_POINT('',(-0.0843173886931349,-0.00628280506333908,0.0756792341887551));
#1797=CARTESIAN_POINT('',(-0.0843174328542767,-0.00638140182645077,0.0757058941232849));
#1798=CARTESIAN_POINT('',(-0.0843177196485089,-0.00652840591522668,0.0757756281459289));
#1799=CARTESIAN_POINT('',(-0.0843178016328922,-0.00658255044780281,0.0758094641073536));
#1800=CARTESIAN_POINT('',(-0.0843180934984002,-0.00663025640844652,0.0758481173470761));
#1801=CARTESIAN_POINT('',(-0.0843631323352936,-0.00617058406853058,0.0758170677406089));
#1802=CARTESIAN_POINT('',(-0.0843630588172599,-0.00625253729215423,0.0758244509017026));
#1803=CARTESIAN_POINT('',(-0.0843630909695486,-0.00633366866401082,0.075846349355655));
#1804=CARTESIAN_POINT('',(-0.0843633000494048,-0.00645424158557182,0.075903334182951));
#1805=CARTESIAN_POINT('',(-0.084363363719668,-0.00649844644234881,0.0759308602698027));
#1806=CARTESIAN_POINT('',(-0.0843635726587159,-0.00653735749212987,0.0759624112626101));
#1807=CARTESIAN_POINT('',(-0.0843950088402653,-0.00615818786545354,0.0759664211959754));
#1808=CARTESIAN_POINT('',(-0.084394959182606,-0.00622180125600182,0.0759721998196683));
#1809=CARTESIAN_POINT('',(-0.0843949808787368,-0.00628488406245882,0.0759892050931075));
#1810=CARTESIAN_POINT('',(-0.08439512207059,-0.00637841917605201,0.0760332939548081));
#1811=CARTESIAN_POINT('',(-0.0843951665769162,-0.00641259109971382,0.0760545162328463));
#1812=CARTESIAN_POINT('',(-0.0843953061886384,-0.00644266386381719,0.0760789132196308));
#1813=CARTESIAN_POINT('',(-0.0819495611785963,-0.00634488642927545,0.0739823076719691));
#1814=CARTESIAN_POINT('',(-0.0819495611785963,-0.00682761010677926,0.0740207850067137));
#1815=CARTESIAN_POINT('',(-0.0819495611785964,-0.00727709107043205,0.0742067539190869));
#1816=CARTESIAN_POINT('',(-0.0819495611785964,-0.00769332932023382,0.0745402144090888));
#1817=CARTESIAN_POINT('',(-0.0819495611785964,-0.00634488642927545,0.0739823076719691));
#1818=CARTESIAN_POINT('',(-0.0819495611786842,-0.00769332932023381,0.0745402144090888));
#1819=CARTESIAN_POINT('',(-0.0819495611785964,-0.00634488642927548,0.0739823076719691));
#1820=CARTESIAN_POINT('',(-0.0824743587353307,-0.00634488687687885,0.0739823143570811));
#1821=CARTESIAN_POINT('',(-0.0835047300879899,-0.00642644701443267,0.0743308512605846));
#1822=CARTESIAN_POINT('',(-0.0841351566376365,-0.0065162436669668,0.0752232050170772));
#1823=CARTESIAN_POINT('',(-0.0843014082282847,-0.00648542547518875,0.0757200536397046));
#1824=CARTESIAN_POINT('',(-0.0843014082282847,-0.00648542547518875,0.0757200536397046));
#1825=CARTESIAN_POINT('',(-0.0843014082282847,-0.00648542547518875,0.0757200536397046));
#1826=CARTESIAN_POINT('',(-0.0843388703753116,-0.00647850108883221,0.0758317693286215));
#1827=CARTESIAN_POINT('',(-0.0843685301144788,-0.00647042834902389,0.0759460722224784));
#1828=CARTESIAN_POINT('',(-0.0843906259330239,-0.00645546018007323,0.0760614156024672));
#1829=CARTESIAN_POINT('',(-0.0843907222716506,-0.00645525693412143,0.0760613707719745));
#1830=CARTESIAN_POINT('',(-0.0819495611785964,-0.00769332932023381,0.0745402144090888));
#1831=CARTESIAN_POINT('',(-0.0822784794168003,-0.00769332932023381,0.0745402144090888));
#1832=CARTESIAN_POINT('',(-0.0826077984081731,-0.00765147980398541,0.0745917020395681));
#1833=CARTESIAN_POINT('',(-0.0832089717425854,-0.00749400601557949,0.0747854426835337));
#1834=CARTESIAN_POINT('',(-0.0834876200719056,-0.00737647994071247,0.0749300354926481));
#1835=CARTESIAN_POINT('',(-0.0839484997001981,-0.00708553326782638,0.0752879883706172));
#1836=CARTESIAN_POINT('',(-0.084134004343993,-0.00691066083638203,0.0755031346360549));
#1837=CARTESIAN_POINT('',(-0.0843846570650064,-0.00652886684600513,0.0759728573391575));
#1838=CARTESIAN_POINT('',(-0.0844495611786842,-0.00632254326922293,0.0762266980769445));
#1839=CARTESIAN_POINT('',(-0.0844495611786842,-0.00611628351565421,0.0764804602927717));
#1840=CARTESIAN_POINT('',(-0.0894495611786842,0.0256730377999345,0.0561184077453084));
#1841=CARTESIAN_POINT('',(-0.0894495611786842,-0.00958245734796104,0.0824442517370348));
#1842=CARTESIAN_POINT('',(-0.0894285930105265,-0.00958245734796104,0.0824442517370348));
#1843=CARTESIAN_POINT('',(-0.0894300296300516,-0.00954524744945201,0.0824939597534176));
#1844=CARTESIAN_POINT('',(-0.0894078629737226,-0.00950383444375849,0.0825490108709332));
#1845=CARTESIAN_POINT('',(-0.0893929289444118,-0.009440027084681,0.0826335050963579));
#1846=CARTESIAN_POINT('',(-0.0893715460558004,-0.00936798090694379,0.0827281715813348));
#1847=CARTESIAN_POINT('',(-0.0893452032248142,-0.00926970344359127,0.0828564524759458));
#1848=CARTESIAN_POINT('',(-0.0893122863268139,-0.00914659446384097,0.083015457821961));
#1849=CARTESIAN_POINT('',(-0.0892603385919793,-0.00894754277829543,0.0832690258239302));
#1850=CARTESIAN_POINT('',(-0.0891956895805388,-0.00869557908031625,0.0835834071682049));
#1851=CARTESIAN_POINT('',(-0.0891184402782234,-0.00838830383520681,0.0839564140344686));
#1852=CARTESIAN_POINT('',(-0.0890413702517898,-0.00807616163088746,0.0843251169906527));
#1853=CARTESIAN_POINT('',(-0.0889388064797569,-0.00765346136471033,0.084811016203331));
#1854=CARTESIAN_POINT('',(-0.0888109459310994,-0.0071130397258209,0.0854075356941998));
#1855=CARTESIAN_POINT('',(-0.0886578503211889,-0.00644453029428761,0.0861066997343784));
#1856=CARTESIAN_POINT('',(-0.0884549024677873,-0.00552971353075623,0.0870132750986957));
#1857=CARTESIAN_POINT('',(-0.0882047489944434,-0.00434869232149429,0.088092946373423));
#1858=CARTESIAN_POINT('',(-0.0879097761733051,-0.00287063325526042,0.0893062886890543));
#1859=CARTESIAN_POINT('',(-0.0876202132562032,-0.00133282600604081,0.0904375795553038));
#1860=CARTESIAN_POINT('',(-0.0873361553113624,0.000265118194437753,0.0914870143310151));
#1861=CARTESIAN_POINT('',(-0.0869651955009602,0.00247527085184311,0.0927761038227796));
#1862=CARTESIAN_POINT('',(-0.086516008276947,0.00539863840684241,0.0941780919308313));
#1863=CARTESIAN_POINT('',(-0.0860255085457305,0.00901359297153232,0.0954541618111827));
#1864=CARTESIAN_POINT('',(-0.0855830650395025,0.0127451752686085,0.0963429624801745));
#1865=CARTESIAN_POINT('',(-0.0853224632965233,0.0153282578195396,0.0966707134834269));
#1866=CARTESIAN_POINT('',(-0.0852044633841271,0.0166180445815092,0.0967637911947693));
#1867=CARTESIAN_POINT('',(-0.0894495611786842,-0.00958245734796104,0.0824442517370348));
#1868=CARTESIAN_POINT('',(-0.0894495611786842,0.0416736451535648,0.0971059737173804));
#1869=CARTESIAN_POINT('',(-0.0891940207270691,0.0416736451535648,0.0971059737173804));
#1870=CARTESIAN_POINT('',(-0.0887111606517629,0.0418370285361174,0.0969983869192464));
#1871=CARTESIAN_POINT('',(-0.0879885136314682,0.0424247350703914,0.0965939273720196));
#1872=CARTESIAN_POINT('',(-0.087325652334242,0.0432824736311341,0.0959537946180129));
#1873=CARTESIAN_POINT('',(-0.0866924806916598,0.0443117642405183,0.0950877358931115));
#1874=CARTESIAN_POINT('',(-0.0861527579227736,0.0453304245752424,0.0941207381813643));
#1875=CARTESIAN_POINT('',(-0.0856952847249367,0.0462939507130433,0.0930857802554236));
#1876=CARTESIAN_POINT('',(-0.0851765317702661,0.0475030530133985,0.0916150823284361));
#1877=CARTESIAN_POINT('',(-0.0848830955676657,0.0483202834774754,0.0904084876120428));
#1878=CARTESIAN_POINT('',(-0.0847355159707745,0.0488205135054248,0.0895544982201481));
#1879=CARTESIAN_POINT('',(-0.0894495611786842,0.0416736451535648,0.0971059737173804));
#1880=CARTESIAN_POINT('',(-0.0894495611786842,0.0256730377999345,0.0561184077453084));
#1881=CARTESIAN_POINT('',(-0.0844495611786842,0.0289745635029526,0.0779295995754556));
#1882=CARTESIAN_POINT('',(-0.0844495611786842,0.0504647035708664,0.0861255668680601));
#1883=CARTESIAN_POINT('',(-0.0817223511786842,0.0504647035708664,0.0861255668680601));
#1884=CARTESIAN_POINT('',(-0.0817223511786842,0.0289745635029526,0.0779295995754556));
#1885=CARTESIAN_POINT('',(-0.0817223511786842,0.0517560046394241,0.0810928162524291));
#1886=CARTESIAN_POINT('',(-0.0844495611786842,0.0517560046394241,0.0810928162524291));
#1887=CARTESIAN_POINT('',(-0.0904495611786842,0.0517560046394241,0.0810928162524291));
#1888=CARTESIAN_POINT('',(-0.0904495611786842,0.0289745635029526,0.0779295995754556));
#1889=CARTESIAN_POINT('',(-0.0904495611786842,0.0416736451535648,0.0971059737173804));
#1890=CARTESIAN_POINT('',(-0.0844495611786842,0.0416736451535648,0.0971059737173804));
#1891=CARTESIAN_POINT('',(-0.0844495611786842,0.0256730377999345,0.0561184077453084));
#1892=CARTESIAN_POINT('',(-0.0904495611786842,0.0256730377999345,0.0561184077453084));
#1893=CARTESIAN_POINT('',(-0.0904495611786842,-0.00958245734796104,0.0824442517370348));
#1894=CARTESIAN_POINT('',(-0.0844495611786842,-0.00958245734796103,0.0824442517370348));
#1895=CARTESIAN_POINT('',(-0.0844495611786842,0.000768384282561499,0.0745786414502071));
#1896=CARTESIAN_POINT('',(-0.0841466174535319,-0.00942617477277724,0.082645299101751));
#1897=CARTESIAN_POINT('',(-0.0843636467274801,-0.009097865619982,0.0830602128356862));
#1898=CARTESIAN_POINT('',(-0.0844743017374413,-0.00871034304080982,0.0834943216171719));
#1899=CARTESIAN_POINT('',(-0.084444966017043,-0.00829502587113584,0.0838982227919765));
#1900=CARTESIAN_POINT('',(-0.084444966017043,-0.00829502587112716,0.083898222791985));
#1901=CARTESIAN_POINT('',(-0.084146617453532,-0.00942617477277725,0.082645299101751));
#1902=CARTESIAN_POINT('',(-0.0844495611786842,-0.00829502587112716,0.083898222791985));
#1903=CARTESIAN_POINT('',(-0.0841365669471931,-0.00829502587112717,0.0838982227919849));
#1904=CARTESIAN_POINT('',(-0.0841365669471931,-0.00829502587112717,0.0838982227919849));
#1905=CARTESIAN_POINT('',(-0.0832761678900937,-0.00829502587112717,0.0838982227919849));
#1906=CARTESIAN_POINT('',(-0.0824557831322649,-0.00806411933417234,0.0841321060914034));
#1907=CARTESIAN_POINT('',(-0.0817813767899359,-0.00765994956095409,0.0844762769568446));
#1908=CARTESIAN_POINT('',(-0.081781376789936,-0.00765994956095409,0.0844762769568446));
#1909=CARTESIAN_POINT('',(-0.0795495611786842,-0.00765994956095409,0.0844762769568446));
#1910=CARTESIAN_POINT('',(-0.0844495611786842,-0.00765994956095409,0.0844762769568446));
#1911=CARTESIAN_POINT('',(-0.0848629517473517,-0.00784762201137346,0.084316464437551));
#1912=CARTESIAN_POINT('',(-0.0856900768461748,-0.00821281550073784,0.0839870490767361));
#1913=CARTESIAN_POINT('',(-0.0867252729896939,-0.00864330517357853,0.0835522367740995));
#1914=CARTESIAN_POINT('',(-0.0875546772997878,-0.00897246831029035,0.0831902367520472));
#1915=CARTESIAN_POINT('',(-0.0881770862994775,-0.009209571844951,0.0829145329330767));
#1916=CARTESIAN_POINT('',(-0.0886964871667754,-0.00940442956429309,0.082674040038684));
#1917=CARTESIAN_POINT('',(-0.0891143775541309,-0.00954367307467133,0.0824953740896732));
#1918=CARTESIAN_POINT('',(-0.0893284838090086,-0.00962493348070214,0.0823875431573507));
#1919=CARTESIAN_POINT('',(-0.0894495611786843,-0.00962493348070211,0.0823875431573507));
#1920=CARTESIAN_POINT('',(-0.0894495611786842,-0.00962493348070224,0.0823875431573505));
#1921=CARTESIAN_POINT('',(-0.0844495611786842,-0.00962493348070224,0.0823875431573505));
#1922=CARTESIAN_POINT('',(-0.0904495611786842,-0.00962493348070223,0.0823875431573505));
#1923=CARTESIAN_POINT('',(-0.0904495611786842,0.000768384282561499,0.0745786414502071));
#1924=CARTESIAN_POINT('',(-0.0904495611786842,-0.00995164554006939,0.0672246656138378));
#1925=CARTESIAN_POINT('',(-0.0844495611786842,-0.00995164554006939,0.0672246656138378));
#1926=CARTESIAN_POINT('',(-0.0841466174535319,-0.00995164554006939,0.0672246656138378));
#1927=CARTESIAN_POINT('',(-0.0841466174535319,0.000768384282561499,0.0745786414502071));
#1928=CARTESIAN_POINT('',(-0.0844495611786842,0.0233868651568475,0.130060236720341));
#1929=CARTESIAN_POINT('',(-0.0844495611786842,0.0361627909776804,0.0592028043690302));
#1930=CARTESIAN_POINT('',(-0.0798875510774165,0.0361627909776804,0.0592028043690302));
#1931=CARTESIAN_POINT('',(-0.0904495611786842,0.0361627909776804,0.0592028043690302));
#1932=CARTESIAN_POINT('',(-0.0798875510774165,0.0233868651568475,0.130060236720341));
#1933=CARTESIAN_POINT('',(-0.0798875510774165,0.0316466736508082,0.0585355866782534));
#1934=CARTESIAN_POINT('',(-0.0795495611786842,0.0316466736508082,0.0585355866782534));
#1935=CARTESIAN_POINT('',(-0.0841466174535319,0.0233868651568475,0.130060236720341));
#1936=CARTESIAN_POINT('',(-0.0841466174535319,-0.00717882200008276,0.0648702162522918));
#1937=CARTESIAN_POINT('',(-0.0844495611786842,-0.00717882200008276,0.0648702162522918));
#1938=CARTESIAN_POINT('',(-0.0904495611786842,-0.00717882200008276,0.0648702162522918));
#1939=CARTESIAN_POINT('',(-0.0904495611786842,0.0233868651568475,0.130060236720341));
#1940=CARTESIAN_POINT('',(-0.0844495611786842,0.0267805206324768,0.0587064315095191));
#1941=CARTESIAN_POINT('',(-0.0844495611786842,0.0398719266490835,0.0922417127593961));
#1942=CARTESIAN_POINT('',(-0.0798875510774165,0.0398719266490835,0.0922417127593961));
#1943=CARTESIAN_POINT('',(-0.0904495611786842,0.0398719266490835,0.0922417127593961));
#1944=CARTESIAN_POINT('',(-0.0798875510774165,0.0267805206324768,0.0587064315095191));
#1945=CARTESIAN_POINT('',(-0.0798875510774165,0.00429084619845811,0.0868171864593928));
#1946=CARTESIAN_POINT('',(-0.0795495611786842,0.00429084619845811,0.0868171864593928));
#1947=CARTESIAN_POINT('',(-0.0844495611786842,0.00429084619845811,0.0868171864593928));
#1948=CARTESIAN_POINT('',(-0.0844495611786842,0.00429084619845811,0.0868171864593928));
#1949=CARTESIAN_POINT('',(-0.0844495611786842,0.00365480267982342,0.0863083274235729));
#1950=CARTESIAN_POINT('',(-0.0845924313687547,0.002746411360507,0.0855288358181116));
#1951=CARTESIAN_POINT('',(-0.0849640116455594,0.001608285997534,0.0844516406097537));
#1952=CARTESIAN_POINT('',(-0.0853193156250444,0.000789382418674124,0.0836243829337435));
#1953=CARTESIAN_POINT('',(-0.0856622474868322,0.000141569411848238,0.0829265906174026));
#1954=CARTESIAN_POINT('',(-0.085957839768167,-0.000358593535148885,0.0823617590524612));
#1955=CARTESIAN_POINT('',(-0.086188264562721,-0.000724639827794794,0.0819350996072097));
#1956=CARTESIAN_POINT('',(-0.0864258410050239,-0.00108225941171609,0.081504873465174));
#1957=CARTESIAN_POINT('',(-0.0866286858563679,-0.0013730887317652,0.0811437890262471));
#1958=CARTESIAN_POINT('',(-0.0867932478304157,-0.00160237984021747,0.0808522150970077));
#1959=CARTESIAN_POINT('',(-0.0869189362954806,-0.0017703745766802,0.0806352718087677));
#1960=CARTESIAN_POINT('',(-0.0870235980361837,-0.00191428288198868,0.0804462384014318));
#1961=CARTESIAN_POINT('',(-0.0871173554010014,-0.00201388263207076,0.0803140951462529));
#1962=CARTESIAN_POINT('',(-0.0871638452198039,-0.0020848376707817,0.0802190113181917));
#1963=CARTESIAN_POINT('',(-0.0872152233000566,-0.0020848376707818,0.0802190113181916));
#1964=CARTESIAN_POINT('',(-0.0872152233000567,-0.002084837670781,0.0802190113181926));
#1965=CARTESIAN_POINT('',(-0.0844495611786842,-0.002084837670781,0.0802190113181926));
#1966=CARTESIAN_POINT('',(-0.0904495611786842,-0.002084837670781,0.0802190113181926));
#1967=CARTESIAN_POINT('',(-0.0904495611786842,0.0267805206324768,0.0587064315095191));
#1968=CARTESIAN_POINT('',(-0.0844495611786842,0.029381380937708,0.0764003602073713));
#1969=CARTESIAN_POINT('',(-0.0844495611786842,0.048200832311315,0.0790134522448711));
#1970=CARTESIAN_POINT('',(-0.0798875510774165,0.048200832311315,0.0790134522448711));
#1971=CARTESIAN_POINT('',(-0.0904495611786842,0.048200832311315,0.0790134522448711));
#1972=CARTESIAN_POINT('',(-0.0798875510774165,0.029381380937708,0.0764003602073713));
#1973=CARTESIAN_POINT('',(-0.0904495611786842,0.029381380937708,0.0764003602073713));
#1974=CARTESIAN_POINT('',(-0.0844495611786842,0.0322904147144919,0.0773227092440859));
#1975=CARTESIAN_POINT('',(-0.0844495611786842,0.034891977360727,0.0615356299766053));
#1976=CARTESIAN_POINT('',(-0.0798875510774165,0.034891977360727,0.0615356299766053));
#1977=CARTESIAN_POINT('',(-0.0904495611786842,0.034891977360727,0.0615356299766053));
#1978=CARTESIAN_POINT('',(-0.0798875510774165,0.0322904147144919,0.0773227092440859));
#1979=CARTESIAN_POINT('',(-0.0904495611786842,0.0322904147144919,0.0773227092440859));
#1980=CARTESIAN_POINT('',(-0.0844495611786842,0.0254905260504585,0.119781769018268));
#1981=CARTESIAN_POINT('',(-0.0844495611786842,0.0217281447489997,0.0609018531985041));
#1982=CARTESIAN_POINT('',(-0.0798875510774165,0.0217281447489997,0.0609018531985041));
#1983=CARTESIAN_POINT('',(-0.0798875510774165,0.0254905260504585,0.119781769018268));
#1984=CARTESIAN_POINT('',(-0.0904495611786842,0.0254905260504585,0.119781769018268));
#1985=CARTESIAN_POINT('',(-0.0904495611786842,-0.0013861894690784,0.0672589914557483));
#1986=CARTESIAN_POINT('',(-0.0844495611786842,-0.0013861894690784,0.0672589914557483));
#1987=CARTESIAN_POINT('',(-0.0812495611786842,-0.0013861894690784,0.0672589914557483));
#1988=CARTESIAN_POINT('',(-0.0812495611786842,0.0254905260504585,0.119781769018268));
#1989=CARTESIAN_POINT('',(-0.0812495611786842,0.00189934966804286,0.0657035257323235));
#1990=CARTESIAN_POINT('',(-0.0812495611786842,0.00189934966804286,0.0657035257323235));
#1991=CARTESIAN_POINT('',(-0.0844495611786842,0.00586183508453843,0.0741485589363792));
#1992=CARTESIAN_POINT('',(-0.0872152233000567,0.00586183508453843,0.0741485589363792));
#1993=CARTESIAN_POINT('',(-0.0872152233000567,-0.00387684770675332,0.0764196946634106));
#1994=CARTESIAN_POINT('',(-0.0872152233000567,-0.00387684770675332,0.0764196946634106));
#1995=CARTESIAN_POINT('',(-0.0872152233000567,-0.00396536136797703,0.0760401460265353));
#1996=CARTESIAN_POINT('',(-0.0871832713054993,-0.0040305818494395,0.0756600190299482));
#1997=CARTESIAN_POINT('',(-0.0870923220272297,-0.00407367288860087,0.0752824378168976));
#1998=CARTESIAN_POINT('',(-0.0870922491333161,-0.00407367091052234,0.0752824551493579));
#1999=CARTESIAN_POINT('',(-0.0870921762394026,-0.00407366893244382,0.0752824724818182));
#2000=CARTESIAN_POINT('',(-0.0868319303676128,-0.0041970819403575,0.0742011109963625));
#2001=CARTESIAN_POINT('',(-0.0852777227342322,-0.00403474322828099,0.0723984453363936));
#2002=CARTESIAN_POINT('',(-0.0830635180597509,-0.00387245998987392,0.0718586900745726));
#2003=CARTESIAN_POINT('',(-0.0819495611785964,-0.00387245998987392,0.0718586900745726));
#2004=CARTESIAN_POINT('',(-0.0819495611785964,-0.00387245998987391,0.0718586900745725));
#2005=CARTESIAN_POINT('',(-0.0844495611786842,-0.00387245998987391,0.0718586900745725));
#2006=CARTESIAN_POINT('',(-0.0812495611786842,-0.00387245998987391,0.0718586900745725));
#2007=CARTESIAN_POINT('',(-0.0812495611786842,0.00586183508453843,0.0741485589363792));
#2008=CARTESIAN_POINT('',(-0.0904495611786842,0.00586183508453843,0.0741485589363792));
#2009=CARTESIAN_POINT('',(-0.0844495611786842,0.0330192558951004,0.0779409522813664));
#2010=CARTESIAN_POINT('',(-0.0844495611786842,0.0498827570293137,0.0866943704420842));
#2011=CARTESIAN_POINT('',(-0.0798875510774165,0.0498827570293137,0.0866943704420842));
#2012=CARTESIAN_POINT('',(-0.0808566928610402,0.0498827570293137,0.0866943704420842));
#2013=CARTESIAN_POINT('',(-0.0798875510774165,0.0330192558951004,0.0779409522813664));
#2014=CARTESIAN_POINT('',(-0.0904495611786842,0.0330192558951004,0.0779409522813664));
#2015=CARTESIAN_POINT('',(-0.0817223511786842,0.0517560046394241,0.081092816252429));
#2016=CARTESIAN_POINT('',(-0.0816605313606414,0.0517560046394241,0.081092816252429));
#2017=CARTESIAN_POINT('',(-0.0815914279337404,0.0517347750284221,0.0812182815385296));
#2018=CARTESIAN_POINT('',(-0.0815054985633364,0.0516973615255275,0.0814262734787125));
#2019=CARTESIAN_POINT('',(-0.0814253482235353,0.0516413426986907,0.0817173171377611));
#2020=CARTESIAN_POINT('',(-0.081345613332239,0.051568897358168,0.0820581235512032));
#2021=CARTESIAN_POINT('',(-0.0812505474233886,0.0514626195634692,0.0825170101904702));
#2022=CARTESIAN_POINT('',(-0.0811446012252974,0.0513133591451822,0.083088043579997));
#2023=CARTESIAN_POINT('',(-0.0810283383944888,0.0511092584681556,0.0837648887438361));
#2024=CARTESIAN_POINT('',(-0.0809190866537837,0.050880268989215,0.0844333021379714));
#2025=CARTESIAN_POINT('',(-0.0807802539026258,0.0505419580792741,0.0853127530965785));
#2026=CARTESIAN_POINT('',(-0.0806822167942983,0.0502511187905313,0.0859589033519457));
#2027=CARTESIAN_POINT('',(-0.0806189202475386,0.050040517069633,0.0863835033193139));
#2028=CARTESIAN_POINT('',(-0.0806189202475387,0.050040517069633,0.0863835033193139));
#2029=CARTESIAN_POINT('',(-0.0806189202475535,0.050040517069639,0.0863835033193186));
#2030=CARTESIAN_POINT('',(-0.080608078478355,0.0500044440867095,0.0864562310601433));
#2031=CARTESIAN_POINT('',(-0.0806114448212489,0.0499227672710989,0.0866177607865526));
#2032=CARTESIAN_POINT('',(-0.0807743278368222,0.0498827570293137,0.0866943704420842));
#2033=CARTESIAN_POINT('',(-0.0808566928610402,0.0498827570293137,0.0866943704420842));
#2034=CARTESIAN_POINT('',(-0.0904495611786842,0.0246162287890911,0.06975));
#2035=CARTESIAN_POINT('',(-0.0904495611786842,-0.0042366937901873,0.0711451413746352));
#2036=CARTESIAN_POINT('',(-0.0904495611786842,-0.0287538787236295,0.096759859732846));
#2037=CARTESIAN_POINT('',(-0.0844495611786842,-0.0042366937901873,0.0711451413746352));
#2038=CARTESIAN_POINT('',(-0.0841466174535319,-0.0042366937901873,0.0711451413746352));
#2039=CARTESIAN_POINT('',(-0.0894495611786842,-0.00958245734796122,0.0824442517370345));
#2040=CARTESIAN_POINT('',(-0.0894495611786842,-0.00960365343200152,0.0824158660013858));
#2041=CARTESIAN_POINT('',(-0.0894495611786842,-0.00962493348070234,0.0823875431573503));
#2042=CARTESIAN_POINT('',(-0.0894369986931852,-0.0095824566365485,0.0824442526897564));
#2043=CARTESIAN_POINT('',(-0.0894069410591244,-0.00960365287638096,0.0824158667315503));
#2044=CARTESIAN_POINT('',(-0.0893768832933664,-0.00962493309252364,0.0823875436739998));
#2045=CARTESIAN_POINT('',(-0.0894203561302511,-0.00953171072770767,0.0825120541911929));
#2046=CARTESIAN_POINT('',(-0.089350478725468,-0.00956426001711958,0.0824680201593956));
#2047=CARTESIAN_POINT('',(-0.0892806008912548,-0.00959726719464511,0.0824243288586913));
#2048=CARTESIAN_POINT('',(-0.0893926506633173,-0.00944525153480619,0.0826266887220498));
#2049=CARTESIAN_POINT('',(-0.0892564874584376,-0.00949683943081472,0.0825559604363617));
#2050=CARTESIAN_POINT('',(-0.0891203161491431,-0.0095500167568466,0.0824864347551695));
#2051=CARTESIAN_POINT('',(-0.0893601093091191,-0.00932514188634038,0.0827845015241649));
#2052=CARTESIAN_POINT('',(-0.0891460991187628,-0.0094026870072226,0.0826766293610913));
#2053=CARTESIAN_POINT('',(-0.0889320542953315,-0.00948419158801182,0.0825717870178126));
#2054=CARTESIAN_POINT('',(-0.089321726715403,-0.00918234454200669,0.0829694950221423));
#2055=CARTESIAN_POINT('',(-0.0890159225009927,-0.00928986808272755,0.0828173325671423));
#2056=CARTESIAN_POINT('',(-0.0887099990543897,-0.00940559904522682,0.0826715647449981));
#2057=CARTESIAN_POINT('',(-0.0892709687119008,-0.00898859029632219,0.0832171933231062));
#2058=CARTESIAN_POINT('',(-0.0888438179580098,-0.009135696368957,0.0830047513236968));
#2059=CARTESIAN_POINT('',(-0.0884163482193056,-0.00929854688840906,0.0828048040401141));
#2060=CARTESIAN_POINT('',(-0.0892078542619387,-0.00874337719065898,0.0835243734227935));
#2061=CARTESIAN_POINT('',(-0.088629927063262,-0.00893853480054362,0.0832352430269221));
#2062=CARTESIAN_POINT('',(-0.0880512114988193,-0.00916228450654887,0.0829693338855919));
#2063=CARTESIAN_POINT('',(-0.0891323213627305,-0.00844389518061558,0.0838896117681766));
#2064=CARTESIAN_POINT('',(-0.0883742294907815,-0.00869466931294068,0.0835060248685294));
#2065=CARTESIAN_POINT('',(-0.0876142301875301,-0.00899467475628048,0.0831637850173082));
#2066=CARTESIAN_POINT('',(-0.089056854690741,-0.00813928118361484,0.0842512961819839));
#2067=CARTESIAN_POINT('',(-0.0881191106374131,-0.00844371666091997,0.0837707140252296));
#2068=CARTESIAN_POINT('',(-0.0871776320212969,-0.00882305104330124,0.0833551087471903));
#2069=CARTESIAN_POINT('',(-0.0889565046987085,-0.00772720564428618,0.0847277122311661));
#2070=CARTESIAN_POINT('',(-0.0877804072700932,-0.00810055746057538,0.0841145763187562));
#2071=CARTESIAN_POINT('',(-0.0865970761103508,-0.0085894339405598,0.0836054052926079));
#2072=CARTESIAN_POINT('',(-0.0888316526912525,-0.00720163018175529,0.0853116806394276));
#2073=CARTESIAN_POINT('',(-0.0873602605926973,-0.00765651121068837,0.0845266197504765));
#2074=CARTESIAN_POINT('',(-0.0858747684204953,-0.0082888984167658,0.0839088597822756));
#2075=CARTESIAN_POINT('',(-0.0886825837737365,-0.00655380108865049,0.0859946435259774));
#2076=CARTESIAN_POINT('',(-0.0868614557188991,-0.00710063907810431,0.0849920430490982));
#2077=CARTESIAN_POINT('',(-0.0850123583749204,-0.00791475388599061,0.0842580242334646));
#2078=CARTESIAN_POINT('',(-0.0884846657390497,-0.00566656108106665,0.0868822228933013));
#2079=CARTESIAN_POINT('',(-0.0862033863597206,-0.00632939810289274,0.0855736108114127));
#2080=CARTESIAN_POINT('',(-0.0838673409953174,-0.00739796201637222,0.0847035659653599));
#2081=CARTESIAN_POINT('',(-0.0882388987493225,-0.00451395186592154,0.087948391679992));
#2082=CARTESIAN_POINT('',(-0.085396084875184,-0.00531286758888678,0.0862249206707905));
#2083=CARTESIAN_POINT('',(-0.0824455025306439,-0.00671943374935576,0.0852222641678675));
#2084=CARTESIAN_POINT('',(-0.0879444852357796,-0.00304906239443619,0.0891666405657485));
#2085=CARTESIAN_POINT('',(-0.0844521244731514,-0.00401134689495977,0.0868816827737929));
#2086=CARTESIAN_POINT('',(-0.0807422287975052,-0.00584857888164288,0.0857846688375269));
#2087=CARTESIAN_POINT('',(-0.0876551605328038,-0.00152298226502534,0.0903041477566522));
#2088=CARTESIAN_POINT('',(-0.0835532096354171,-0.00265821564804198,0.0873973089081466));
#2089=CARTESIAN_POINT('',(-0.079068395416025,-0.00493619290208659,0.08627536956688));
#2090=CARTESIAN_POINT('',(-0.0873725571586532,5.53422924928821E-5,0.0913558614221727));
#2091=CARTESIAN_POINT('',(-0.0827098182583682,-0.00127476712064017,0.0877680188567813));
#2092=CARTESIAN_POINT('',(-0.077433447012011,-0.00399083061057619,0.0866908873727322));
#2093=CARTESIAN_POINT('',(-0.0870953387293375,0.00169463955659642,0.0923272625580059));
#2094=CARTESIAN_POINT('',(-0.0819240731180168,0.00013233390627564,0.0879944382326296));
#2095=CARTESIAN_POINT('',(-0.0758296521884871,-0.00301056293413708,0.0870317429807153));
#2096=CARTESIAN_POINT('',(-0.0868235939450042,0.00339712585437412,0.0932178195489671));
#2097=CARTESIAN_POINT('',(-0.0812030538043389,0.00154974689208347,0.088075377476607));
#2098=CARTESIAN_POINT('',(-0.0742575241033929,-0.00199754179800183,0.0872957223434487));
#2099=CARTESIAN_POINT('',(-0.086465983503782,0.0057769088051675,0.0943025428036743));
#2100=CARTESIAN_POINT('',(-0.0803304244198995,0.0034571700778755,0.087984310468052));
#2101=CARTESIAN_POINT('',(-0.0721886364905201,-0.000593454718939023,0.0875414456896854));
#2102=CARTESIAN_POINT('',(-0.0860473128346473,0.00883830250757652,0.0954058081209141));
#2103=CARTESIAN_POINT('',(-0.0794827226100475,0.0057213171914791,0.0875041849907269));
#2104=CARTESIAN_POINT('',(-0.0697664964705711,0.00118100897020019,0.0876305298128986));
#2105=CARTESIAN_POINT('',(-0.08558615228297,0.0127066971231499,0.0963431680151018));
#2106=CARTESIAN_POINT('',(-0.0789093950565763,0.00813567012206892,0.0864247748085116));
#2107=CARTESIAN_POINT('',(-0.0670985392664091,0.00334045100556214,0.0873858388941738));
#2108=CARTESIAN_POINT('',(-0.0853106021255154,0.0154448074438397,0.096686070057907));
#2109=CARTESIAN_POINT('',(-0.0788981738272633,0.00943054329966069,0.0854504591756432));
#2110=CARTESIAN_POINT('',(-0.0655043959146359,0.00478526594546248,0.0869649411412646));
#2111=CARTESIAN_POINT('',(-0.0851866359566446,0.0168139141216734,0.0967773909082732));
#2112=CARTESIAN_POINT('',(-0.0789972148548208,0.00996551295451645,0.0849504573072287));
#2113=CARTESIAN_POINT('',(-0.0647872130763173,0.00548007054483988,0.086694746953456));
#2114=CARTESIAN_POINT('',(-0.0894495611786842,-0.0287538787236295,0.096759859732846));
#2115=CARTESIAN_POINT('',(-0.0844495611786842,-0.0287538787236295,0.096759859732846));
#2116=CARTESIAN_POINT('',(-0.0812495611786842,-0.0101508703494046,0.0796338120647391));
#2117=CARTESIAN_POINT('',(-0.0819495611786842,-0.0101508703494046,0.0796338120647391));
#2118=CARTESIAN_POINT('',(-0.0812495611786842,-0.0092769182647032,0.0759987277717112));
#2119=CARTESIAN_POINT('',(-0.0819495611786842,-0.0092769182647032,0.0759987277717112));
#2120=CARTESIAN_POINT('',(-0.0812495611786842,-0.00800825695799349,0.0741148929741212));
#2121=CARTESIAN_POINT('',(-0.0819495611786842,-0.00800825695799349,0.0741148929741212));
#2122=CARTESIAN_POINT('',(-0.0812495611786842,-0.00634488642927545,0.073982307671969));
#2123=CARTESIAN_POINT('',(-0.0819495611786842,-0.00634488642927545,0.073982307671969));
#2124=CARTESIAN_POINT('',(-0.0812495611786842,-0.0104674023447143,0.0811175327068599));
#2125=CARTESIAN_POINT('',(-0.0812495611786842,-0.00868903007358313,0.0717195197939873));
#2126=CARTESIAN_POINT('',(-0.0812495611786842,-0.00412366616909361,0.0746868569149313));
#2127=CARTESIAN_POINT('',(-0.0812495611786842,-0.00913733704074188,0.0765651350894234));
#2128=CARTESIAN_POINT('',(-0.0812495611786842,-0.00634488642927544,0.0739823076719691));
#2129=CARTESIAN_POINT('',(-0.0812495611786842,-0.00634488642927544,0.0739823076719691));
#2130=CARTESIAN_POINT('',(-0.0819495611786842,-0.00769332932023381,0.0745402144090888));
#2131=CARTESIAN_POINT('',(-0.0819495611786842,-0.00806853426393024,0.0748408019310833));
#2132=CARTESIAN_POINT('',(-0.0819495611786842,-0.00866826886214134,0.0755921116793485));
#2133=CARTESIAN_POINT('',(-0.0819495611786842,-0.00950892229603147,0.0772840974336006));
#2134=CARTESIAN_POINT('',(-0.0819495611786842,-0.00991161547410025,0.0786493245593763));
#2135=CARTESIAN_POINT('',(-0.0819495611786842,-0.0101351909141417,0.0795689576806731));
#2136=CARTESIAN_POINT('',(-0.0819495611786843,-0.0101351909141416,0.0795689576806731));
#2137=CARTESIAN_POINT('',(-0.0819495611786842,-0.0101351909141416,0.079568957680673));
#2138=CARTESIAN_POINT('',(-0.0814314825284605,-0.00990522051668748,0.078623020174472));
#2139=CARTESIAN_POINT('',(-0.0812495611786842,-0.00959906847775502,0.0775621695189091));
#2140=CARTESIAN_POINT('',(-0.0812495611786842,-0.00913733704074189,0.0765651350894234));
#2141=CARTESIAN_POINT('',(-0.0812495611786842,0.00189934966804286,0.0657035257323235));
#2142=CARTESIAN_POINT('',(-0.0819495611786865,0.00189934966804286,0.0657035257323235));
#2143=CARTESIAN_POINT('',(-0.0812495611786842,0.00459960725183825,0.0633455764759141));
#2144=CARTESIAN_POINT('',(-0.0819495611786865,0.00459960725183825,0.0633455764759141));
#2145=CARTESIAN_POINT('',(-0.0812495611786842,0.0094250285746554,0.0612428537834204));
#2146=CARTESIAN_POINT('',(-0.0819495611786865,0.0094250285746554,0.0612428537834204));
#2147=CARTESIAN_POINT('',(-0.0812495611786842,0.0163756136364943,0.0593953576548426));
#2148=CARTESIAN_POINT('',(-0.0819495611786865,0.0163756136364943,0.0593953576548426));
#2149=CARTESIAN_POINT('',(-0.0812495611786842,0.00189934966804286,0.0657035257323235));
#2150=CARTESIAN_POINT('',(-0.0812495611786842,0.00694826804101467,0.0612946525216103));
#2151=CARTESIAN_POINT('',(-0.0812495611786842,0.0219036225369536,0.0580755161795864));
#2152=CARTESIAN_POINT('',(-0.0812495611786842,0.00556838219474853,0.0632940888876934));
#2153=CARTESIAN_POINT('',(-0.0812495611786842,0.00556838219474853,0.0632940888876934));
#2154=CARTESIAN_POINT('',(-0.0812495611786842,0.00726159704127781,0.0624175645327461));
#2155=CARTESIAN_POINT('',(-0.0813922861752262,0.0107897978246133,0.0610006679409293));
#2156=CARTESIAN_POINT('',(-0.0816905221200064,0.0144287939339516,0.0599154931390517));
#2157=CARTESIAN_POINT('',(-0.0819495611786865,0.0162514760795142,0.0594284414822609));
#2158=CARTESIAN_POINT('',(-0.0812495611786842,0.0198938200888309,0.0782772624146111));
#2159=CARTESIAN_POINT('',(-0.0812495611786842,-0.00656463710643041,0.0712253897171716));
#2160=CARTESIAN_POINT('',(-0.0812495611786842,0.000768384282561499,0.0745786414502071));
#2161=CARTESIAN_POINT('',(-0.0812495611786842,-0.00756268171974574,0.0688635026785941));
#2162=CARTESIAN_POINT('',(-0.0812495611786842,-0.0042366937901873,0.0711451413746352));
#2163=CARTESIAN_POINT('',(-0.0812495611786842,-0.00594895372545753,0.0674932601113809));
#2164=CARTESIAN_POINT('',(-0.0812495611786842,0.0233868651568475,0.130060236720341));
#2165=CARTESIAN_POINT('',(-0.0841466174535319,0.000768384282561499,0.0745786414502071));
#2166=CARTESIAN_POINT('',(-0.0841466174535319,-0.00942617477277725,0.082645299101751));
#2167=CARTESIAN_POINT('',(-0.0838930969059039,-0.00980968578349834,0.0821606218269666));
#2168=CARTESIAN_POINT('',(-0.0830988544177797,-0.0103567866674452,0.0812039260832645));
#2169=CARTESIAN_POINT('',(-0.0822629218311243,-0.0102742888555621,0.0801411094072258));
#2170=CARTESIAN_POINT('',(-0.0819495611786843,-0.0101351909141416,0.079568957680673));
#2171=CARTESIAN_POINT('',(-0.0841466174535319,-0.00756268171974574,0.0688635026785941));
#2172=CARTESIAN_POINT('',(-0.0841466174535319,-0.0042366937901873,0.0711451413746352));
#2173=CARTESIAN_POINT('',(-0.0841466174535319,-0.00594895372545753,0.0674932601113809));
#2174=CARTESIAN_POINT('',(-0.0841466174535319,0.0233868651568475,0.130060236720341));
#2175=CARTESIAN_POINT('',(-0.0815995611786842,-0.00656463710643041,0.0712253897171716));
#2176=CARTESIAN_POINT('',(-0.0819495611785963,-0.00387245998987392,0.0718586900745725));
#2177=CARTESIAN_POINT('',(-0.0819495611785963,-0.00400547616860178,0.0724241454833972));
#2178=CARTESIAN_POINT('',(-0.0819495611785963,-0.00463958363076523,0.0734666374429069));
#2179=CARTESIAN_POINT('',(-0.0819495611785963,-0.00576583308258481,0.0739361520129576));
#2180=CARTESIAN_POINT('',(-0.0819495611785963,-0.00634488642927544,0.073982307671969));
#2181=CARTESIAN_POINT('',(-0.0843948606642379,-0.0064622177251539,0.0760915601319975));
#2182=CARTESIAN_POINT('',(-0.0846588271404748,-0.00401805078221381,0.0757559737133695));
#2183=CARTESIAN_POINT('',(-0.0871002041258193,-0.00406974217345631,0.0753163659274884));
#2184=CARTESIAN_POINT('',(-0.0843882669261517,-0.00645003874264488,0.076042572964818));
#2185=CARTESIAN_POINT('',(-0.0846680219134321,-0.00402510509364615,0.0757185088291643));
#2186=CARTESIAN_POINT('',(-0.0870864010873868,-0.00407670667599887,0.0752571365380503));
#2187=CARTESIAN_POINT('',(-0.0843739285893531,-0.00646896033303727,0.0759799675214252));
#2188=CARTESIAN_POINT('',(-0.0846473929785063,-0.00403541093080298,0.0756760582639907));
#2189=CARTESIAN_POINT('',(-0.0870561081434365,-0.00408951082918911,0.0751390852154044));
#2190=CARTESIAN_POINT('',(-0.0843389292713305,-0.0064763110862469,0.0758338042223978));
#2191=CARTESIAN_POINT('',(-0.0846250830656003,-0.00405893732524984,0.0755702626079187));
#2192=CARTESIAN_POINT('',(-0.08698248609468,-0.00411069245555629,0.0749053435719622));
#2193=CARTESIAN_POINT('',(-0.0842836815183008,-0.00649044898442227,0.0756602301915907));
#2194=CARTESIAN_POINT('',(-0.0845787189723378,-0.00408835066651657,0.0754424087696295));
#2195=CARTESIAN_POINT('',(-0.0868663945317192,-0.00412918610689804,0.0746160109878533));
#2196=CARTESIAN_POINT('',(-0.0842006714347685,-0.00649298198733643,0.0754558291502972));
#2197=CARTESIAN_POINT('',(-0.0845123010100155,-0.00412384375369453,0.0752830927679112));
#2198=CARTESIAN_POINT('',(-0.0866916351558865,-0.00413905220214651,0.0742818139360459));
#2199=CARTESIAN_POINT('',(-0.0840673614557622,-0.00649104911183917,0.0751937147806176));
#2200=CARTESIAN_POINT('',(-0.0843967504615431,-0.00416940195038372,0.0750685988429357));
#2201=CARTESIAN_POINT('',(-0.0864139986726544,-0.00413775371359366,0.073854956235284));
#2202=CARTESIAN_POINT('',(-0.0838563390006694,-0.00647518371305216,0.0748827603552161));
#2203=CARTESIAN_POINT('',(-0.0841999838101663,-0.00422176260623209,0.0747934684786662));
#2204=CARTESIAN_POINT('',(-0.0859787876402336,-0.00411179800744608,0.0733518522367275));
#2205=CARTESIAN_POINT('',(-0.0834499906820105,-0.0064326213353586,0.0744637910161273));
#2206=CARTESIAN_POINT('',(-0.0837814464164618,-0.00428749941924084,0.0743822746897312));
#2207=CARTESIAN_POINT('',(-0.0851191731573057,-0.0040354848731642,0.0726551819036144));
#2208=CARTESIAN_POINT('',(-0.0828221666830931,-0.00636873651015349,0.0740880035349397));
#2209=CARTESIAN_POINT('',(-0.0830545114360319,-0.0043286583737174,0.073955656178519));
#2210=CARTESIAN_POINT('',(-0.0837908511909386,-0.00391620949935484,0.0720343167716193));
#2211=CARTESIAN_POINT('',(-0.0822376528547916,-0.00634488642944167,0.0739823076719823));
#2212=CARTESIAN_POINT('',(-0.0823144740206173,-0.00433431477402223,0.0738220473779148));
#2213=CARTESIAN_POINT('',(-0.0825658451690124,-0.00387245999009099,0.071858690075496));
#2214=CARTESIAN_POINT('',(-0.0819495611785964,-0.00634488642927552,0.0739823076719691));
#2215=CARTESIAN_POINT('',(-0.0819495611785964,-0.0043343147742948,0.0738220473777223));
#2216=CARTESIAN_POINT('',(-0.0819495611785964,-0.00387245998987377,0.0718586900745726));
#2217=CARTESIAN_POINT('',(-0.0870921745041025,-0.00407366975534602,0.0752824652714143));
#2218=CARTESIAN_POINT('',(-0.0864313386655355,-0.00405977312270883,0.0754042302325565));
#2219=CARTESIAN_POINT('',(-0.0851137570039116,-0.00454123477421499,0.0757063681886077));
#2220=CARTESIAN_POINT('',(-0.0844648132660547,-0.00579334021174385,0.0759707291072124));
#2221=CARTESIAN_POINT('',(-0.0843902699882819,-0.00645530551552081,0.0760592541458554));
#2222=CARTESIAN_POINT('',(-0.0870897430239866,-0.00407488138290112,0.0752717979339731));
#2223=CARTESIAN_POINT('',(-0.0846638396888619,-0.00402314765400816,0.0757294595686867));
#2224=CARTESIAN_POINT('',(-0.084389986393416,-0.00645523568228213,0.0760567052520233));
#2225=CARTESIAN_POINT('',(-0.0871831669662409,-0.00403158427109122,0.0756548251657872));
#2226=CARTESIAN_POINT('',(-0.0846675308817925,-0.00398338349258446,0.0759216726058228));
#2227=CARTESIAN_POINT('',(-0.0844343416595254,-0.00646433323704926,0.0763162574828582));
#2228=CARTESIAN_POINT('',(-0.0872152233035888,-0.00396580788849933,0.076038231336156));
#2229=CARTESIAN_POINT('',(-0.0845777959667963,-0.00393529631159597,0.0761690656853629));
#2230=CARTESIAN_POINT('',(-0.0844495611786842,-0.00652682976285448,0.076655921822871));
#2231=CARTESIAN_POINT('',(-0.0872152233000567,-0.00387684770675333,0.0764196946634106));
#2232=CARTESIAN_POINT('',(-0.0844495611786842,-0.00387684770675333,0.0764196946634106));
#2233=CARTESIAN_POINT('',(-0.0844495611786842,-0.0065702383175471,0.0770478140686852));
#2234=CARTESIAN_POINT('',(-0.0872152233000567,-0.00657023831754709,0.0770478140686852));
#2235=CARTESIAN_POINT('',(-0.0844495611786842,-0.00657023831754708,0.0770478140686852));
#2236=CARTESIAN_POINT('',(-0.0843907769613717,-0.00645540310804177,0.0760613561247294));
#2237=CARTESIAN_POINT('',(-0.0844465196862879,-0.006467583802705,0.0763910463776156));
#2238=CARTESIAN_POINT('',(-0.0844495611786842,-0.00653366434311449,0.0767176243230659));
#2239=CARTESIAN_POINT('',(-0.0844495611786842,-0.00657023831754706,0.0770478140686852));
#2240=CARTESIAN_POINT('',(-0.0872152233000567,0.00586183508453843,0.0741485589363792));
#2241=CARTESIAN_POINT('',(-0.0844495611786842,0.00586183508453843,0.0741485589363792));
#2242=CARTESIAN_POINT('',(-0.0841365669471931,-0.0083914806801925,0.0835930787955944));
#2243=CARTESIAN_POINT('',(-0.0844495611786842,-0.0083914806801925,0.0835930787955944));
#2244=CARTESIAN_POINT('',(-0.0841365669471931,-0.00820797300089597,0.0826233113472168));
#2245=CARTESIAN_POINT('',(-0.0844495611786842,-0.00820797300089597,0.0826233113472168));
#2246=CARTESIAN_POINT('',(-0.0841365669471932,-0.00787119690467299,0.0806783803754282));
#2247=CARTESIAN_POINT('',(-0.0844495611786843,-0.00787119690467299,0.0806783803754282));
#2248=CARTESIAN_POINT('',(-0.084136566947193,-0.00736145939972153,0.0787655583110481));
#2249=CARTESIAN_POINT('',(-0.0844495611786841,-0.00736145939972153,0.0787655583110481));
#2250=CARTESIAN_POINT('',(-0.0841365669471932,-0.00697676182139355,0.0778593840555623));
#2251=CARTESIAN_POINT('',(-0.0844495611786843,-0.00697676182139355,0.0778593840555623));
#2252=CARTESIAN_POINT('',(-0.0844495611786842,-0.00839148068019254,0.0835930787955945));
#2253=CARTESIAN_POINT('',(-0.0844495611786842,-0.00820797299985973,0.0826233113417408));
#2254=CARTESIAN_POINT('',(-0.0844495611786842,-0.00787122435879836,0.0806783683878388));
#2255=CARTESIAN_POINT('',(-0.0844495611786842,-0.00736138067914471,0.0787655870428043));
#2256=CARTESIAN_POINT('',(-0.0844495611786842,-0.00697676058534437,0.0778593844716998));
#2257=CARTESIAN_POINT('',(-0.0844495611786842,-0.00839148068019252,0.0835930787955945));
#2258=CARTESIAN_POINT('',(-0.0844495611786843,-0.00697676118385804,0.0778593842176721));
#2259=CARTESIAN_POINT('',(-0.0844495611786843,-0.00697676178239299,0.0778593839636945));
#2260=CARTESIAN_POINT('',(-0.0841365669471932,-0.00697676178239302,0.0778593839636946));
#2261=CARTESIAN_POINT('',(-0.0841365669471931,-0.00697676178239303,0.0778593839636946));
#2262=CARTESIAN_POINT('',(-0.0841365669471931,-0.00736157124558391,0.078765821742126));
#2263=CARTESIAN_POINT('',(-0.0841365669471931,-0.00787191885587472,0.0806817293247587));
#2264=CARTESIAN_POINT('',(-0.0841365669471931,-0.00820809513368927,0.0826239567720175));
#2265=CARTESIAN_POINT('',(-0.0841365669471931,-0.00839148068019252,0.0835930787955945));
#2266=CARTESIAN_POINT('',(-0.0841365669471931,-0.00839148068019252,0.0835930787955945));
#2267=CARTESIAN_POINT('',(-0.0841365669471931,-0.00839148068019251,0.0835930787955944));
#2268=CARTESIAN_POINT('',(-0.0795495611786842,0.00586183508453843,0.0741485589363792));
#2269=CARTESIAN_POINT('',(-0.0795495611786842,-0.00634251813515513,0.0778923393634343));
#2270=CARTESIAN_POINT('',(-0.0841365669471932,-0.00634251813515512,0.0778923393634343));
#2271=CARTESIAN_POINT('',(-0.0843780335529269,-0.00634251813515513,0.0778923393634343));
#2272=CARTESIAN_POINT('',(-0.0843780335529269,-0.00634251813515513,0.0778923393634343));
#2273=CARTESIAN_POINT('',(-0.0844251357059371,-0.00642751669886095,0.0776152524682906));
#2274=CARTESIAN_POINT('',(-0.0844495611786842,-0.0065035384999106,0.0773338244371839));
#2275=CARTESIAN_POINT('',(-0.0844495611786842,-0.0065702383175471,0.0770478140686852));
#2276=CARTESIAN_POINT('',(-0.0798875510774165,0.00586183508453843,0.0741485589363792));
#2277=CARTESIAN_POINT('',(-0.0798875510774165,-0.00339765544264123,0.0829362756235577));
#2278=CARTESIAN_POINT('',(-0.0798875510774165,-0.00339765544264123,0.0829362756235577));
#2279=CARTESIAN_POINT('',(-0.0798875510774165,-0.00385780054799236,0.0824514273522948));
#2280=CARTESIAN_POINT('',(-0.0800978788309459,-0.00468447792546802,0.0814254802406153));
#2281=CARTESIAN_POINT('',(-0.0808844730517006,-0.00560949072154697,0.0798405456903635));
#2282=CARTESIAN_POINT('',(-0.082179308634542,-0.00620151680570284,0.0783830721728374));
#2283=CARTESIAN_POINT('',(-0.0834641097958452,-0.00634251813515513,0.0778923393634343));
#2284=CARTESIAN_POINT('',(-0.0841365669471932,-0.00634251813515512,0.0778923393634343));
#2285=CARTESIAN_POINT('',(-0.0798875510774164,0.0216968111596232,0.0606803007009937));
#2286=CARTESIAN_POINT('',(-0.0844495611786842,0.0216968111596232,0.0606803007009937));
#2287=CARTESIAN_POINT('',(-0.0798875510774164,0.0250098145538085,0.0599492568674827));
#2288=CARTESIAN_POINT('',(-0.0844495611786842,0.0250098145538085,0.0599492568674827));
#2289=CARTESIAN_POINT('',(-0.0798875510774164,0.0283298383839022,0.0592495346459262));
#2290=CARTESIAN_POINT('',(-0.0844495611786842,0.0283298383839022,0.0592495346459262));
#2291=CARTESIAN_POINT('',(-0.0798875510774164,0.0316466736508082,0.0585355866782534));
#2292=CARTESIAN_POINT('',(-0.0844495611786842,0.0316466736508082,0.0585355866782534));
#2293=CARTESIAN_POINT('',(-0.0798875510774165,0.0316466736508082,0.0585355866782534));
#2294=CARTESIAN_POINT('',(-0.0798875510774165,0.0283298444897204,0.0592495333316504));
#2295=CARTESIAN_POINT('',(-0.0798875510774165,0.0250099173393834,0.0599492341869262));
#2296=CARTESIAN_POINT('',(-0.0798875510774165,0.0216968111596232,0.0606803007009937));
#2297=CARTESIAN_POINT('',(-0.0798875510774165,0.0216968111596232,0.0606803007009937));
#2298=CARTESIAN_POINT('',(-0.0795495611786842,0.0216968111596232,0.0606803007009937));
#2299=CARTESIAN_POINT('',(-0.0795495611786842,0.0256730377999345,0.0561184077453084));
#2300=CARTESIAN_POINT('',(-0.0795495611786842,0.0317710236467149,0.094638721459146));
#2301=CARTESIAN_POINT('',(-0.0798875510774165,0.031771023646715,0.094638721459146));
#2302=CARTESIAN_POINT('',(-0.0798875510774165,0.0256730377999345,0.0561184077453084));
#2303=CARTESIAN_POINT('',(-0.0808566928610402,0.0498827570293137,0.0866943704420842));
#2304=CARTESIAN_POINT('',(-0.0810677779655556,0.0501024825574567,0.0865203941262239));
#2305=CARTESIAN_POINT('',(-0.0813689425353352,0.0502895184432688,0.0863678520498961));
#2306=CARTESIAN_POINT('',(-0.0817223511786842,0.0502895184432688,0.0863678520498961));
#2307=CARTESIAN_POINT('',(-0.0817223511786842,0.0502895184432688,0.0863678520498961));
#2308=CARTESIAN_POINT('',(-0.0795495611786842,0.0502895184432688,0.0863678520498961));
#2309=CARTESIAN_POINT('',(-0.0798875510774164,-0.00765994956095409,0.0844762769568446));
#2310=CARTESIAN_POINT('',(-0.0844769332392918,-0.00765994956095409,0.0844762769568446));
#2311=CARTESIAN_POINT('',(-0.0798875510774164,-0.00631058028445961,0.0856253326816034));
#2312=CARTESIAN_POINT('',(-0.0844769332392918,-0.00631058028445961,0.0856253326816034));
#2313=CARTESIAN_POINT('',(-0.0798875510774164,-0.00352002700299254,0.0877826053675743));
#2314=CARTESIAN_POINT('',(-0.0844769332392918,-0.00352002700299254,0.0877826053675743));
#2315=CARTESIAN_POINT('',(-0.0798875510774164,0.00252877203979755,0.0915153572758643));
#2316=CARTESIAN_POINT('',(-0.0844769332392918,0.00252877203979755,0.0915153572758643));
#2317=CARTESIAN_POINT('',(-0.0798875510774164,0.0090105155024591,0.0941511812642727));
#2318=CARTESIAN_POINT('',(-0.0844769332392918,0.0090105155024591,0.0941511812642727));
#2319=CARTESIAN_POINT('',(-0.0798875510774165,0.0159579274216477,0.0955938413139175));
#2320=CARTESIAN_POINT('',(-0.0844769332392918,0.0159579274216477,0.0955938413139175));
#2321=CARTESIAN_POINT('',(-0.0798875510774164,0.0212374295237578,0.0960071020604136));
#2322=CARTESIAN_POINT('',(-0.0844769332392918,0.0212374295237578,0.0960071020604136));
#2323=CARTESIAN_POINT('',(-0.0798875510774164,0.0265528496259593,0.095737418833358));
#2324=CARTESIAN_POINT('',(-0.0844769332392918,0.0265528496259593,0.095737418833358));
#2325=CARTESIAN_POINT('',(-0.0798875510774164,0.030062184638049,0.0950795858179557));
#2326=CARTESIAN_POINT('',(-0.0844769332392918,0.030062184638049,0.0950795858179557));
#2327=CARTESIAN_POINT('',(-0.0798875510774164,0.031771023646715,0.094638721459146));
#2328=CARTESIAN_POINT('',(-0.0844769332392918,0.031771023646715,0.094638721459146));
#2329=CARTESIAN_POINT('',(-0.0817813767899359,-0.00765994956095409,0.0844762769568446));
#2330=CARTESIAN_POINT('',(-0.0811732885969248,-0.00730284183835819,0.0847803745957424));
#2331=CARTESIAN_POINT('',(-0.0802199243248456,-0.006337877652196,0.0855852308197421));
#2332=CARTESIAN_POINT('',(-0.0798875510774165,-0.00513242030052209,0.0865098027750583));
#2333=CARTESIAN_POINT('',(-0.0798875510774165,-0.00450881065730528,0.0869651191261807));
#2334=CARTESIAN_POINT('',(-0.0798875510774165,-0.00450881065730528,0.0869651191261807));
#2335=CARTESIAN_POINT('',(-0.0798875510774165,-0.00450881065730528,0.0869651191261807));
#2336=CARTESIAN_POINT('',(-0.0798875510774165,-0.00191089408859395,0.0888619369590356));
#2337=CARTESIAN_POINT('',(-0.0798875510774164,0.00218865785286641,0.0913020172490623));
#2338=CARTESIAN_POINT('',(-0.0798875510774164,0.00810845370137218,0.0936857955135252));
#2339=CARTESIAN_POINT('',(-0.0798875510774165,0.0143153805226505,0.0954243086343452));
#2340=CARTESIAN_POINT('',(-0.0798875510774164,0.0221723695350604,0.0962708002253066));
#2341=CARTESIAN_POINT('',(-0.0798875510774165,0.0286481963960873,0.0954443814578584));
#2342=CARTESIAN_POINT('',(-0.0798875510774165,0.031771023646715,0.094638721459146));
#2343=CARTESIAN_POINT('',(-0.0795495611786842,0.0246162287890911,0.06975));
#2344=CARTESIAN_POINT('',(-0.0795495611786842,0.0243356256235296,0.0604550191475227));
#2345=CARTESIAN_POINT('',(-0.0795495611786842,0.0267781579316054,0.0599292646746595));
#2346=CARTESIAN_POINT('',(-0.0795495611786842,0.0292206902396813,0.0594035102017962));
#2347=CARTESIAN_POINT('',(-0.0795495611786842,0.0316632225477572,0.0588777557289331));
#2348=CARTESIAN_POINT('',(-0.0795495611786842,0.0243356256235296,0.0604550191475227));
#2349=CARTESIAN_POINT('',(-0.0795495611786842,0.0316632225477572,0.0588777557289331));
#2350=CARTESIAN_POINT('',(-0.0795495611786842,0.0233868651568475,0.130060236720341));
#2351=CARTESIAN_POINT('',(-0.0795495611786842,0.0361048484070561,0.0595357970288296));
#2352=CARTESIAN_POINT('',(-0.0795495611786842,0.0330192558951004,0.0779409522813664));
#2353=CARTESIAN_POINT('',(-0.0795495611786842,0.0496159577955384,0.0864744220942746));
#2354=CARTESIAN_POINT('',(-0.0795495611786842,0.0256730377999345,0.0561184077453084));
#2355=CARTESIAN_POINT('',(-0.0795495611786842,0.0417135148512629,0.0912958738427455));
#2356=CARTESIAN_POINT('',(-0.0795495611786842,0.029381380937708,0.0764003602073713));
#2357=CARTESIAN_POINT('',(-0.0795495611786842,0.0485363551960587,0.0790545671483226));
#2358=CARTESIAN_POINT('',(-0.0795495611786842,0.0322904147144919,0.0773227092440859));
#2359=CARTESIAN_POINT('',(-0.0795495611786842,0.0349458352047274,0.0612019569058384));
#2360=CARTESIAN_POINT('',(-0.0795495611786842,0.0254905260504585,0.119781769018268));
#2361=CARTESIAN_POINT('',(-0.0817223511786842,0.0289745635029526,0.0779295995754556));
#2362=CARTESIAN_POINT('',(-0.0817223511786842,0.0504647035708664,0.0861255668680602));
#2363=CARTESIAN_POINT('',(-0.0813056336150462,0.0504647035708664,0.0861255668680602));
#2364=CARTESIAN_POINT('',(-0.0809163796378483,0.0502893362466931,0.0862343203072224));
#2365=CARTESIAN_POINT('',(-0.0806189202475535,0.050040517069639,0.0863835033193186));
#2366=CARTESIAN_POINT('',(-0.0844495611786842,0.0499247782058686,0.0859196486833491));
#2367=CARTESIAN_POINT('',(-0.0817223511786842,0.0499247782058686,0.0859196486833491));
#2368=CARTESIAN_POINT('',(-0.0817223511786842,0.0502895184432688,0.086367852049896));
#2369=CARTESIAN_POINT('',(-0.0817223511786842,0.0504095550997698,0.0862701682709316));
#2370=CARTESIAN_POINT('',(-0.0817223511786842,0.0504647035708665,0.0861255668680601));
#2371=CARTESIAN_POINT('',(-0.081348922991118,0.0502895183610514,0.0863678521168031));
#2372=CARTESIAN_POINT('',(-0.0812764223760131,0.0504095550153438,0.0862701683401678));
#2373=CARTESIAN_POINT('',(-0.0812136261437849,0.0504647035378004,0.0861255669547604));
#2374=CARTESIAN_POINT('',(-0.0810347585165647,0.0500813554329916,0.0865375840099796));
#2375=CARTESIAN_POINT('',(-0.0808923781439368,0.0501905067127592,0.0864500617069396));
#2376=CARTESIAN_POINT('',(-0.0807856366945652,0.050212658096003,0.0862813349923903));
#2377=CARTESIAN_POINT('',(-0.0808196682654517,0.0498429833896561,0.0867258207393838));
#2378=CARTESIAN_POINT('',(-0.080629196539699,0.0499504325742738,0.0866409706755652));
#2379=CARTESIAN_POINT('',(-0.0804926170240827,0.0499261521491475,0.0864518124460694));
#2380=CARTESIAN_POINT('',(-0.0819995611786842,0.0217209893139532,0.0607898732104499));
#2381=CARTESIAN_POINT('',(-0.0798875510774165,0.0217209893139532,0.0607898732104499));
#2382=CARTESIAN_POINT('',(-0.0795495611786842,-0.00273745495815998,0.0796122621036132));
#2383=CARTESIAN_POINT('',(-0.0795495611786842,-0.00694304818168841,0.0777809763371241));
#2384=CARTESIAN_POINT('',(-0.0841365669471931,-0.00694304818168843,0.0777809763371241));
#2385=CARTESIAN_POINT('',(-0.0795495611786842,-0.00285836006486269,0.0798899239422892));
#2386=CARTESIAN_POINT('',(-0.0795495611786753,-0.00718809793510038,0.0783437402409006));
#2387=CARTESIAN_POINT('',(-0.0841365669471868,-0.00718809832376729,0.0783437400716599));
#2388=CARTESIAN_POINT('',(-0.0795495611786842,-0.00305159917908943,0.0804702750896329));
#2389=CARTESIAN_POINT('',(-0.0795495611786883,-0.00745261014780691,0.0791781540080918));
#2390=CARTESIAN_POINT('',(-0.084136566947196,-0.00745260996742609,0.0791781540866367));
#2391=CARTESIAN_POINT('',(-0.0795495611786843,-0.00328251019119311,0.0813528224823935));
#2392=CARTESIAN_POINT('',(-0.0795495611786832,-0.00775056181315072,0.080302370370759));
#2393=CARTESIAN_POINT('',(-0.0841365669471924,-0.00775056186148331,0.0803023703497131));
#2394=CARTESIAN_POINT('',(-0.0795495611786842,-0.00347172972889227,0.0822470935446722));
#2395=CARTESIAN_POINT('',(-0.0795495611786846,-0.00798011079521739,0.081400016079248));
#2396=CARTESIAN_POINT('',(-0.0841365669471933,-0.00798011078226792,0.0814000160848867));
#2397=CARTESIAN_POINT('',(-0.0795495611786842,-0.00363741376007416,0.0831451498599317));
#2398=CARTESIAN_POINT('',(-0.0795495611786838,-0.00814407331711733,0.0822907457375124));
#2399=CARTESIAN_POINT('',(-0.0841365669471931,-0.00814407332058269,0.0822907457360036));
#2400=CARTESIAN_POINT('',(-0.0795495611786842,-0.00380833440380128,0.0840424050073506));
#2401=CARTESIAN_POINT('',(-0.0795495611786857,-0.00831545302998628,0.0831899546601308));
#2402=CARTESIAN_POINT('',(-0.0841365669471931,-0.00831545302907441,0.0831899546605272));
#2403=CARTESIAN_POINT('',(-0.0795495611786842,-0.0040343911875271,0.0852390263154328));
#2404=CARTESIAN_POINT('',(-0.0795495611786761,-0.00854135679066499,0.084385924709809));
#2405=CARTESIAN_POINT('',(-0.0841365669471931,-0.00854135679121194,0.0843859247095748));
#2406=CARTESIAN_POINT('',(-0.0795495611786842,-0.00420434719210004,0.0861364290463991));
#2407=CARTESIAN_POINT('',(-0.0795495611787201,-0.00871137017888007,0.085283571662697));
#2408=CARTESIAN_POINT('',(-0.0841365669471931,-0.00871137017888105,0.0852835716626788));
#2409=CARTESIAN_POINT('',(-0.0795495611786842,-0.00431755932475478,0.0867347115892895));
#2410=CARTESIAN_POINT('',(-0.0795495611786842,-0.00882458231153527,0.0858818542055694));
#2411=CARTESIAN_POINT('',(-0.0841365669471931,-0.00882458231153528,0.0858818542055694));
#2412=CARTESIAN_POINT('',(-0.0841365669471932,-0.00697676178239299,0.0778593839636946));
#2413=CARTESIAN_POINT('',(-0.0834130277835663,-0.006976761782393,0.0778593839636946));
#2414=CARTESIAN_POINT('',(-0.082031621327084,-0.0068157975913929,0.0783845743490361));
#2415=CARTESIAN_POINT('',(-0.0806294195115047,-0.00613863517730327,0.0799273741533424));
#2416=CARTESIAN_POINT('',(-0.0797755760706987,-0.00508720425049713,0.0815959242448141));
#2417=CARTESIAN_POINT('',(-0.0795495611786842,-0.00415624820217196,0.0826653788402028));
#2418=CARTESIAN_POINT('',(-0.0795495611786842,-0.00364281423157344,0.0831689434981221));
#2419=CARTESIAN_POINT('',(-0.0795495611786842,-0.00430950470662137,0.0866921460328784));
#2420=CARTESIAN_POINT('',(-0.0795495611786842,-0.00566144409826134,0.0857638332818127));
#2421=CARTESIAN_POINT('',(-0.0802824839646434,-0.00694483398202404,0.0847824933897165));
#2422=CARTESIAN_POINT('',(-0.0815940321183359,-0.00771723096682688,0.0841666411725313));
#2423=CARTESIAN_POINT('',(-0.0815940321183359,-0.00771723096682688,0.0841666411725313));
#2424=CARTESIAN_POINT('',(-0.0815940321183359,-0.00771723096682689,0.0841666411725313));
#2425=CARTESIAN_POINT('',(-0.0823292211482688,-0.00815019851619333,0.0838214248776818));
#2426=CARTESIAN_POINT('',(-0.0832144960657743,-0.00839148068019251,0.0835930787955944));
#2427=CARTESIAN_POINT('',(-0.0841365669471931,-0.00839148068019251,0.0835930787955944));
#2428=CARTESIAN_POINT('',(-0.0841365669471931,-0.00805938424958764,0.0836559209186054));
#2429=CARTESIAN_POINT('',(-0.0844495611786842,-0.00839148068019252,0.0835930787955945));
#2430=CARTESIAN_POINT('',(-0.0844495611786842,-0.00841233565552728,0.0837032893126362));
#2431=CARTESIAN_POINT('',(-0.0844506388215036,-0.00837533796371541,0.0838201182711129));
#2432=CARTESIAN_POINT('',(-0.0844449660170424,-0.00829502587112718,0.083898222791985));
#2433=CARTESIAN_POINT('',(-0.0841365669471931,-0.00805938424958762,0.0836559209186054));
#2434=CARTESIAN_POINT('',(-0.0795495611786843,0.0317774896564583,0.0588531597621564));
#2435=CARTESIAN_POINT('',(-0.0795495611786843,0.0317063664165772,0.0585227378252426));
#2436=CARTESIAN_POINT('',(-0.0798875510774165,0.0317063664165772,0.0585227378252426));
#2437=CARTESIAN_POINT('',(-0.0795495611786843,0.028421429714311,0.0595755508314481));
#2438=CARTESIAN_POINT('',(-0.0795495611786843,0.0283503064744426,0.0592451288945434));
#2439=CARTESIAN_POINT('',(-0.0798875510774165,0.0283503064744274,0.0592451288945227));
#2440=CARTESIAN_POINT('',(-0.0795495611786843,0.0250619662933505,0.0602826286258325));
#2441=CARTESIAN_POINT('',(-0.0795495611859101,0.0249957300929754,0.0599511212266276));
#2442=CARTESIAN_POINT('',(-0.0798875510774165,0.0249957300902801,0.0599511212178228));
#2443=CARTESIAN_POINT('',(-0.0795495611786843,0.0217100176915963,0.061023518170827));
#2444=CARTESIAN_POINT('',(-0.0795495611786843,0.0216370715983653,0.0606934938700136));
#2445=CARTESIAN_POINT('',(-0.0798875510774165,0.0216370715983653,0.0606934938700137));
#2446=CARTESIAN_POINT('',(-0.0798875510774165,0.0216968111596232,0.0606803007009937));
#2447=CARTESIAN_POINT('',(-0.0798585086914906,0.0216968111596232,0.0606803007009937));
#2448=CARTESIAN_POINT('',(-0.0798199103335575,0.0217496930145145,0.0606748525174126));
#2449=CARTESIAN_POINT('',(-0.0797764473673432,0.0218500349677211,0.0606646387496666));
#2450=CARTESIAN_POINT('',(-0.0797385732177634,0.0219870414515594,0.0606509085870564));
#2451=CARTESIAN_POINT('',(-0.0797045005110769,0.0221519688509617,0.0606347713196866));
#2452=CARTESIAN_POINT('',(-0.0796678622940832,0.0223735403389604,0.0606135948781882));
#2453=CARTESIAN_POINT('',(-0.0796329579023968,0.022651825116966,0.0605879503543482));
#2454=CARTESIAN_POINT('',(-0.0795911586131806,0.0230988221116924,0.0605487632786845));
#2455=CARTESIAN_POINT('',(-0.079558696751843,0.0236624226683724,0.0605030570538827));
#2456=CARTESIAN_POINT('',(-0.0795495611786842,0.0241061200311073,0.060470765890503));
#2457=CARTESIAN_POINT('',(-0.0795495611786842,0.0243356256235296,0.0604550191475227));
#2458=CARTESIAN_POINT('',(-0.0798875510774165,0.0316466736508082,0.0585355866782534));
#2459=CARTESIAN_POINT('',(-0.0797077895233519,0.0316466736508082,0.0585355866782534));
#2460=CARTESIAN_POINT('',(-0.0795495611786841,0.0316546959236816,0.0587007571531106));
#2461=CARTESIAN_POINT('',(-0.0795495611786842,0.0316632225477572,0.0588777557289333));
#2462=CARTESIAN_POINT('',(-0.0798875510774165,0.021696811159623,0.0606803007009937));
#2463=CARTESIAN_POINT('',(-0.0798875510774165,0.0202707133238984,0.0609949819447942));
#2464=CARTESIAN_POINT('',(-0.0798875510774165,0.0217281447489997,0.0609018531985041));
#2465=CARTESIAN_POINT('',(-0.0798848737200935,0.0216968123337471,0.0606803004419127));
#2466=CARTESIAN_POINT('',(-0.0797338581103928,0.0202709964845995,0.0609949418698343));
#2467=CARTESIAN_POINT('',(-0.0798848737200935,0.0217281459458565,0.0609018531220259));
#2468=CARTESIAN_POINT('',(-0.0798796876054911,0.0216973586038739,0.0606802443193348));
#2469=CARTESIAN_POINT('',(-0.0794539836228173,0.020363594668061,0.0609818367516111));
#2470=CARTESIAN_POINT('',(-0.0798796876054911,0.0217286849710796,0.0609017556422965));
#2471=CARTESIAN_POINT('',(-0.0798699340210207,0.021700322057311,0.0606799387421758));
#2472=CARTESIAN_POINT('',(-0.0791543425817416,0.0207148792568047,0.0609321207454437));
#2473=CARTESIAN_POINT('',(-0.0798699340210207,0.0217316094558345,0.0609012280058695));
#2474=CARTESIAN_POINT('',(-0.0798599230963898,0.0217061776953152,0.0606793355069082));
#2475=CARTESIAN_POINT('',(-0.0791210054772735,0.0210550284646597,0.0608839813113813));
#2476=CARTESIAN_POINT('',(-0.0798599230963898,0.0217373880557972,0.0609001853864578));
#2477=CARTESIAN_POINT('',(-0.0798502390982315,0.0217144499757473,0.0606784841772484));
#2478=CARTESIAN_POINT('',(-0.0791691755123949,0.0212692379249487,0.0608536670808104));
#2479=CARTESIAN_POINT('',(-0.0798502390982315,0.0217455516121933,0.0608987131252297));
#2480=CARTESIAN_POINT('',(-0.0798419405771904,0.0217234571521522,0.060677558360909));
#2481=CARTESIAN_POINT('',(-0.0792241559467175,0.0213961945753933,0.0608357026346574));
#2482=CARTESIAN_POINT('',(-0.0798419405771904,0.0217544405001802,0.0608971107260357));
#2483=CARTESIAN_POINT('',(-0.0798347471240482,0.0217327137643782,0.0606766081133758));
#2484=CARTESIAN_POINT('',(-0.0792702742013551,0.0214775348495337,0.060824195232851));
#2485=CARTESIAN_POINT('',(-0.0798347471240482,0.0217635756578495,0.0608954646851204));
#2486=CARTESIAN_POINT('',(-0.0798261223097565,0.0217453571429992,0.0606753118757566));
#2487=CARTESIAN_POINT('',(-0.0793193157242409,0.0215527854319926,0.0608135524546851));
#2488=CARTESIAN_POINT('',(-0.0798261223097565,0.021776053293678,0.0608932174038136));
#2489=CARTESIAN_POINT('',(-0.0798167190996633,0.0217615418601438,0.0606736558447892));
#2490=CARTESIAN_POINT('',(-0.0793656149665998,0.0216164383922154,0.0608045556567686));
#2491=CARTESIAN_POINT('',(-0.0798167190996633,0.0217920261355566,0.0608903426328407));
#2492=CARTESIAN_POINT('',(-0.0798068102148456,0.0217813905174856,0.0606716304602798));
#2493=CARTESIAN_POINT('',(-0.0794057924541247,0.0216718505147805,0.060796732686774));
#2494=CARTESIAN_POINT('',(-0.0798068102148456,0.0218116154429727,0.0608868203678047));
#2495=CARTESIAN_POINT('',(-0.0797949988963297,0.0218081030962982,0.0606689122316601));
#2496=CARTESIAN_POINT('',(-0.079444059386019,0.0217280146214559,0.0607888151008984));
#2497=CARTESIAN_POINT('',(-0.0797949988963297,0.0218379796512877,0.0608820845480984));
#2498=CARTESIAN_POINT('',(-0.0797822000708549,0.0218417440801845,0.0606655032815772));
#2499=CARTESIAN_POINT('',(-0.0794763804386111,0.0217836178012669,0.0607809962428701));
#2500=CARTESIAN_POINT('',(-0.0797822000708549,0.0218711831628188,0.0608761288661602));
#2501=CARTESIAN_POINT('',(-0.0797688205891377,0.0218823937783418,0.0606614073535765));
#2502=CARTESIAN_POINT('',(-0.0795021257155766,0.0218409799673523,0.0607729590805531));
#2503=CARTESIAN_POINT('',(-0.0797688205891377,0.0219113062672859,0.0608689460252697));
#2504=CARTESIAN_POINT('',(-0.0797568699277649,0.0219232385448488,0.0606573151879));
#2505=CARTESIAN_POINT('',(-0.0795198904236767,0.0218927724632794,0.0607657291537279));
#2506=CARTESIAN_POINT('',(-0.0797568699277649,0.0219516239320546,0.0608617423499013));
#2507=CARTESIAN_POINT('',(-0.0797460034238681,0.021964234274415,0.0606532314394405));
#2508=CARTESIAN_POINT('',(-0.0795326771092013,0.0219414439324641,0.0607589599293855));
#2509=CARTESIAN_POINT('',(-0.0797460034238681,0.0219920926234323,0.0608545256441739));
#2510=CARTESIAN_POINT('',(-0.0797326700574637,0.0220190556947599,0.0606478019521145));
#2511=CARTESIAN_POINT('',(-0.0795450333516866,0.0220024803882817,0.0607505018653283));
#2512=CARTESIAN_POINT('',(-0.0797326700574637,0.0220462119305555,0.0608448931605796));
#2513=CARTESIAN_POINT('',(-0.0797177707639036,0.0220878316187421,0.0606410496877076));
#2514=CARTESIAN_POINT('',(-0.0795551305477385,0.0220765115272619,0.0607402969080569));
#2515=CARTESIAN_POINT('',(-0.0797177707639037,0.0221141119957474,0.0608328424347959));
#2516=CARTESIAN_POINT('',(-0.0797019720283355,0.0221704580223342,0.0606330324264696));
#2517=CARTESIAN_POINT('',(-0.0795624093249045,0.0221642308272399,0.0607282899003194));
#2518=CARTESIAN_POINT('',(-0.0797019720283349,0.0221956939640153,0.0608184177793307));
#2519=CARTESIAN_POINT('',(-0.079687780290663,0.0222531935415874,0.0606250990689932));
#2520=CARTESIAN_POINT('',(-0.0795666805593335,0.0222503983690436,0.0607165763469929));
#2521=CARTESIAN_POINT('',(-0.0796877802906631,0.0222773913022273,0.0608040258757482));
#2522=CARTESIAN_POINT('',(-0.079674890461474,0.0223360103196961,0.0606172521523218));
#2523=CARTESIAN_POINT('',(-0.0795690493088927,0.0223356134969391,0.0607050706869186));
#2524=CARTESIAN_POINT('',(-0.0796748904614739,0.0223591763444998,0.060789670558145));
#2525=CARTESIAN_POINT('',(-0.0796630900320177,0.0224188994318666,0.0606094922790329));
#2526=CARTESIAN_POINT('',(-0.0795701618943195,0.0224202122570049,0.0606937246292915));
#2527=CARTESIAN_POINT('',(-0.0796630900320177,0.0224410401027024,0.060775352297292));
#2528=CARTESIAN_POINT('',(-0.0796486057688511,0.0225295024335917,0.0605992626465531));
#2529=CARTESIAN_POINT('',(-0.0795705003340882,0.0225307816395838,0.0606789935352104));
#2530=CARTESIAN_POINT('',(-0.0796486057688511,0.0225502844243391,0.0607563113650027));
#2531=CARTESIAN_POINT('',(-0.0796325451427159,0.0226678981378284,0.0605866954310702));
#2532=CARTESIAN_POINT('',(-0.0795695166109287,0.0226691524709356,0.0606607352000892));
#2533=CARTESIAN_POINT('',(-0.0796325451427158,0.0226869972169439,0.0607326040361652));
#2534=CARTESIAN_POINT('',(-0.0796159107593013,0.0228341653507284,0.0605719673284363));
#2535=CARTESIAN_POINT('',(-0.0795672037604262,0.0228366230294162,0.0606389224704314));
#2536=CARTESIAN_POINT('',(-0.0796159107593014,0.0228512695335924,0.0607043025464335));
#2537=CARTESIAN_POINT('',(-0.0796015255034349,0.0230006051955708,0.0605575899443735));
#2538=CARTESIAN_POINT('',(-0.0795644034744229,0.0230036552529572,0.060617441960803));
#2539=CARTESIAN_POINT('',(-0.0796015255034349,0.0230157348113903,0.0606761418776326));
#2540=CARTESIAN_POINT('',(-0.0795891285183831,0.0231672013671763,0.0605435647530035));
#2541=CARTESIAN_POINT('',(-0.0795614795893899,0.0231704367806571,0.0605962648864041));
#2542=CARTESIAN_POINT('',(-0.0795891285183831,0.0231803868476566,0.0606481182106345));
#2543=CARTESIAN_POINT('',(-0.0795750050123008,0.0233894419596529,0.0605253205745955));
#2544=CARTESIAN_POINT('',(-0.07955774503514,0.0233900749237473,0.0605686901101087));
#2545=CARTESIAN_POINT('',(-0.0795750050123006,0.0234000636675384,0.0606108924567534));
#2546=CARTESIAN_POINT('',(-0.0795615809298934,0.0236673024363733,0.0605033797207317));
#2547=CARTESIAN_POINT('',(-0.0795536325601819,0.0236665087025909,0.0605345690142876));
#2548=CARTESIAN_POINT('',(-0.0795615809298935,0.0236747458855238,0.0605646598263098));
#2549=CARTESIAN_POINT('',(-0.0795518190984149,0.0240017151078743,0.0604783692346507));
#2550=CARTESIAN_POINT('',(-0.0795503531136845,0.0240013923100175,0.0604941953292525));
#2551=CARTESIAN_POINT('',(-0.0795518190984149,0.0240053950423797,0.0605095082768118));
#2552=CARTESIAN_POINT('',(-0.0795495611786843,0.0242232358721461,0.0604627280300046));
#2553=CARTESIAN_POINT('',(-0.0795495611796797,0.024223850802885,0.0604680188446033));
#2554=CARTESIAN_POINT('',(-0.0795495611786843,0.024224465774144,0.0604733096544878));
#2555=CARTESIAN_POINT('',(-0.0795495611786843,0.0243356256235296,0.0604550191475227));
#2556=CARTESIAN_POINT('',(-0.0795495611786843,0.0243356256235296,0.0604550191475227));
#2557=CARTESIAN_POINT('',(-0.0795495611786843,0.0243356256235296,0.0604550191475227));
#2558=CARTESIAN_POINT('',(-0.0798875510774165,0.0217281447489997,0.0609018531985041));
#2559=CARTESIAN_POINT('',(-0.0798585391900848,0.0217281447489997,0.0609018531985041));
#2560=CARTESIAN_POINT('',(-0.0798199026830318,0.021780313898411,0.0608924409201347));
#2561=CARTESIAN_POINT('',(-0.0797764098756413,0.0218794737853423,0.0608746270248795));
#2562=CARTESIAN_POINT('',(-0.0797385103378762,0.0220148471394465,0.0608504380937377));
#2563=CARTESIAN_POINT('',(-0.0797044236825062,0.0221778403756197,0.0608215433384347));
#2564=CARTESIAN_POINT('',(-0.0796677774289445,0.0223968116049075,0.0607830099687676));
#2565=CARTESIAN_POINT('',(-0.0796328765044257,0.0226718408931339,0.0607351274404275));
#2566=CARTESIAN_POINT('',(-0.079591097047073,0.0231136069236248,0.0606592413629342));
#2567=CARTESIAN_POINT('',(-0.0795586770267417,0.0236705548793017,0.060565125977079));
#2568=CARTESIAN_POINT('',(-0.0795495611786842,0.024108859248549,0.0604923272301554));
#2569=CARTESIAN_POINT('',(-0.0795495611786842,0.0243356256235296,0.0604550191475227));
#2570=CARTESIAN_POINT('',(-0.0817813767899359,-0.0076599495609541,0.0844762769568445));
#2571=CARTESIAN_POINT('',(-0.0816487331894997,-0.00779167238150571,0.0843641083580237));
#2572=CARTESIAN_POINT('',(-0.0815940321183359,-0.00771723096682689,0.0841666411725312));
#2573=CARTESIAN_POINT('',(-0.0824598432278554,-0.00806655253838893,0.0841300340957804));
#2574=CARTESIAN_POINT('',(-0.0823526185281174,-0.00818816197666992,0.0840174068878354));
#2575=CARTESIAN_POINT('',(-0.0823264674758228,-0.00814857682183131,0.0838227178877491));
#2576=CARTESIAN_POINT('',(-0.0832798294669719,-0.00829502586256818,0.0838982228003087));
#2577=CARTESIAN_POINT('',(-0.0832359112298142,-0.00842525662960417,0.0837715717404744));
#2578=CARTESIAN_POINT('',(-0.0832116798946742,-0.00839148068138646,0.083593078801904));
#2579=CARTESIAN_POINT('',(-0.0841365669471931,-0.00829502587112716,0.083898222791985));
#2580=CARTESIAN_POINT('',(-0.0841365669471931,-0.00842525663810972,0.0837715717319742));
#2581=CARTESIAN_POINT('',(-0.0841365669471931,-0.00839148068019251,0.0835930787955945));
#2582=CARTESIAN_POINT('',(-0.0815940321183359,-0.00771723096682687,0.0841666411725312));
#2583=CARTESIAN_POINT('',(-0.081626420263213,-0.00776130723941492,0.0842835601957996));
#2584=CARTESIAN_POINT('',(-0.0817028393855205,-0.00773794177764891,0.084409862666375));
#2585=CARTESIAN_POINT('',(-0.0817813767899359,-0.0076599495609541,0.0844762769568445));
#2586=CARTESIAN_POINT('',(-0.0798875510774165,0.0233868651568475,0.130060236720341));
#2587=CARTESIAN_POINT('',(-0.0798875510774165,0.0361627909776804,0.0592028043690302));
#2588=CARTESIAN_POINT('',(-0.0797089473357969,0.0361627909776804,0.0592028043690302));
#2589=CARTESIAN_POINT('',(-0.0795495611786842,0.0361350650257591,0.0593621249536518));
#2590=CARTESIAN_POINT('',(-0.0795495611786842,0.036104848407057,0.0595357970288298));
#2591=CARTESIAN_POINT('',(-0.0798875510774165,0.0254905260504585,0.119781769018268));
#2592=CARTESIAN_POINT('',(-0.0798875510774165,0.0349458349128675,0.0612019586776861));
#2593=CARTESIAN_POINT('',(-0.0798875510774164,-0.00450881065730529,0.0869651191261807));
#2594=CARTESIAN_POINT('',(-0.0795495611786843,-0.00450881065730525,0.0869651191261806));
#2595=CARTESIAN_POINT('',(-0.0795495611786843,-0.00430950470662138,0.0866921460328784));
#2596=CARTESIAN_POINT('',(-0.0798875510898084,-0.00575820502162069,0.0860528983334768));
#2597=CARTESIAN_POINT('',(-0.0795938509170041,-0.00575161255855857,0.0860577116912312));
#2598=CARTESIAN_POINT('',(-0.0795495611786843,-0.00565924306778863,0.0857653446254539));
#2599=CARTESIAN_POINT('',(-0.0805600389276751,-0.00694270215114888,0.085087049157354));
#2600=CARTESIAN_POINT('',(-0.0802973621136591,-0.0070283463401487,0.0850180959337698));
#2601=CARTESIAN_POINT('',(-0.0802755423695787,-0.00694074594022476,0.0847857529077082));
#2602=CARTESIAN_POINT('',(-0.0817813767899359,-0.00765994956095406,0.0844762769568446));
#2603=CARTESIAN_POINT('',(-0.0816487331894997,-0.00779167238150568,0.0843641083580237));
#2604=CARTESIAN_POINT('',(-0.081594032118336,-0.00771723096682689,0.0841666411725312));
#2605=CARTESIAN_POINT('',(-0.0798875510774165,-0.00430950470662137,0.0866921460328784));
#2606=CARTESIAN_POINT('',(-0.0798875510774165,0.0330192558951004,0.0779409522813664));
#2607=CARTESIAN_POINT('',(-0.0798875510774165,0.0498827570293137,0.0866943704420842));
#2608=CARTESIAN_POINT('',(-0.0797069274947635,0.0498827570293137,0.0866943704420842));
#2609=CARTESIAN_POINT('',(-0.0795495611786842,0.0497533913037553,0.0865876078548756));
#2610=CARTESIAN_POINT('',(-0.0795495611786842,0.0496159577955385,0.0864744220942746));
#2611=CARTESIAN_POINT('',(-0.0798875510774165,0.0322904147144919,0.0773227092440859));
#2612=CARTESIAN_POINT('',(-0.0798875510774165,0.048200832311315,0.0790134522448711));
#2613=CARTESIAN_POINT('',(-0.0797089731020629,0.048200832311315,0.0790134522448711));
#2614=CARTESIAN_POINT('',(-0.0795495611786842,0.0483615370916967,0.079033142827142));
#2615=CARTESIAN_POINT('',(-0.0795495611786842,0.0485363551960587,0.0790545671483226));
#2616=CARTESIAN_POINT('',(-0.0795495611786843,-0.00430950470662138,0.0866921460328784));
#2617=CARTESIAN_POINT('',(-0.0795495611786843,-0.00450881065730525,0.0869651191261806));
#2618=CARTESIAN_POINT('',(-0.0798875510774164,-0.00450881065730529,0.0869651191261807));
#2619=CARTESIAN_POINT('',(-0.0795495611786843,-0.00171541296385102,0.0885861712452465));
#2620=CARTESIAN_POINT('',(-0.0795495611329657,-0.00189769008342297,0.0888715775542979));
#2621=CARTESIAN_POINT('',(-0.0798875510777508,-0.00189769008566138,0.088871577603777));
#2622=CARTESIAN_POINT('',(-0.0795495611786843,0.00237883010792385,0.0910206374198398));
#2623=CARTESIAN_POINT('',(-0.0795495611889673,0.00222514707981435,0.0913233425886154));
#2624=CARTESIAN_POINT('',(-0.0798875510773413,0.00222514708031776,0.0913233425774866));
#2625=CARTESIAN_POINT('',(-0.0795495611786843,0.00829502863471952,0.0933926044897751));
#2626=CARTESIAN_POINT('',(-0.0795495611767853,0.00818645264284774,0.0937133445545686));
#2627=CARTESIAN_POINT('',(-0.0798875510774304,0.00818645264275473,0.0937133445566235));
#2628=CARTESIAN_POINT('',(-0.0795495611786843,0.0144963318190088,0.0951151537469143));
#2629=CARTESIAN_POINT('',(-0.079549561179795,0.0144354695638702,0.0954494962036311));
#2630=CARTESIAN_POINT('',(-0.0798875510774084,0.014435469563925,0.0954494962024306));
#2631=CARTESIAN_POINT('',(-0.0795495611786843,0.0207673254812941,0.0957649191962665));
#2632=CARTESIAN_POINT('',(-0.0795495611785051,0.0207614217304138,0.0961038558871665));
#2633=CARTESIAN_POINT('',(-0.0798875510774178,0.0207614217304018,0.0961038558873504));
#2634=CARTESIAN_POINT('',(-0.0795495611786843,0.027207778542581,0.0952968148229026));
#2635=CARTESIAN_POINT('',(-0.0795495611787201,0.0272481960767403,0.0956339506487619));
#2636=CARTESIAN_POINT('',(-0.0798875510774162,0.027248196076748,0.0956339506487401));
#2637=CARTESIAN_POINT('',(-0.0795495611786843,0.0303505589559742,0.0946561310908133));
#2638=CARTESIAN_POINT('',(-0.0795495611786843,0.0304349925141596,0.094983404899591));
#2639=CARTESIAN_POINT('',(-0.0798875510774165,0.0304349925141466,0.0949834048995536));
#2640=CARTESIAN_POINT('',(-0.0795495611786843,0.0319097785840012,0.0942538671220608));
#2641=CARTESIAN_POINT('',(-0.0795495611786843,0.031994212142178,0.0945811409308183));
#2642=CARTESIAN_POINT('',(-0.0798875510774165,0.031994212142178,0.0945811409308183));
#2643=CARTESIAN_POINT('',(-0.0798875510774165,0.0317708787507688,0.0946387443967232));
#2644=CARTESIAN_POINT('',(-0.0798011681344018,0.0317708787507688,0.0946387443967232));
#2645=CARTESIAN_POINT('',(-0.0796885201224157,0.0317604260122805,0.0946025684460198));
#2646=CARTESIAN_POINT('',(-0.0796145355966539,0.0317354613284232,0.0945038788650784));
#2647=CARTESIAN_POINT('',(-0.0796145355966539,0.031735461328423,0.0945038788650785));
#2648=CARTESIAN_POINT('',(-0.0795495611786842,0.0284201361772123,0.0950074118095857));
#2649=CARTESIAN_POINT('',(-0.0795495611786842,0.0295326900082533,0.0948887310692546));
#2650=CARTESIAN_POINT('',(-0.0795675493747779,0.0306388039527876,0.0947208472800797));
#2651=CARTESIAN_POINT('',(-0.0796142776135994,0.031735540731877,0.094504225226834));
#2652=CARTESIAN_POINT('',(-0.0798875510774165,0.0256730377999345,0.0561184077453084));
#2653=CARTESIAN_POINT('',(-0.0796545481270006,0.0399150593025085,0.0923248689852377));
#2654=CARTESIAN_POINT('',(-0.0795788825465306,0.0405256557275823,0.0920073094662637));
#2655=CARTESIAN_POINT('',(-0.0795495611786835,0.041126849510568,0.0916633049163846));
#2656=CARTESIAN_POINT('',(-0.0795495611786835,0.0417135148512629,0.0912958738427456));
#2657=CARTESIAN_POINT('',(-0.0796545481270005,0.0399150593025085,0.0923248689852377));
#2658=CARTESIAN_POINT('',(-0.0796145355966539,0.031735461328423,0.0945038788650785));
#2659=CARTESIAN_POINT('',(-0.0796342653734076,0.0345358391575488,0.0940889695877543));
#2660=CARTESIAN_POINT('',(-0.0796511178255793,0.0372799969703792,0.0933578781069165));
#2661=CARTESIAN_POINT('',(-0.0796545481270006,0.0399150593025086,0.0923248689852377));
#2662=CARTESIAN_POINT('',(-0.0798875510774165,0.029381380937708,0.0764003602073713));
#2663=CARTESIAN_POINT('',(-0.0798875510774165,0.0398719266490835,0.0922417127593961));
#2664=CARTESIAN_POINT('',(-0.0798009822006674,0.0398719266490835,0.0922417127593961));
#2665=CARTESIAN_POINT('',(-0.0797163981114106,0.0398878082749023,0.0922723233491908));
#2666=CARTESIAN_POINT('',(-0.0796545481270005,0.0399150593025085,0.0923248689852378));
#2667=CARTESIAN_POINT('',(-0.0798875510774165,0.0267805206324768,0.0587064315095191));
#2668=CARTESIAN_POINT('',(-0.0798875510774165,0.00429084619845811,0.0868171864593928));
#2669=CARTESIAN_POINT('',(-0.0797055297005028,0.00429084619845811,0.0868171864593928));
#2670=CARTESIAN_POINT('',(-0.0795495611786842,0.0042241681720442,0.0869753109570736));
#2671=CARTESIAN_POINT('',(-0.0795495611786842,0.00415407446407275,0.0871404506357116));
#2672=CARTESIAN_POINT('',(-0.0798875510774165,0.00586183508453843,0.0741485589363792));
#2673=CARTESIAN_POINT('',(-0.0798875510774165,-0.00364281423157344,0.0831689434981221));
#2674=CARTESIAN_POINT('',(-0.0841365669471932,-0.00634251813515512,0.0778923393634342));
#2675=CARTESIAN_POINT('',(-0.0841365669471933,-0.00661443715001007,0.0770059103195569));
#2676=CARTESIAN_POINT('',(-0.0841365669471932,-0.00697676178239299,0.0778593839636945));
#2677=CARTESIAN_POINT('',(-0.0837946033638934,-0.00634251813259567,0.0778923393717778));
#2678=CARTESIAN_POINT('',(-0.0836786490127241,-0.00661443714652347,0.0770059103331172));
#2679=CARTESIAN_POINT('',(-0.0837674017152186,-0.00697676178517314,0.0778593839702433));
#2680=CARTESIAN_POINT('',(-0.0831286172042276,-0.00630680706972044,0.0780118203315334));
#2681=CARTESIAN_POINT('',(-0.0828252997067775,-0.00656823837041654,0.0771916258796531));
#2682=CARTESIAN_POINT('',(-0.0830484393837739,-0.00693562938177088,0.0779881934831031));
#2683=CARTESIAN_POINT('',(-0.0822358186525556,-0.00614848893105705,0.0784889354965732));
#2684=CARTESIAN_POINT('',(-0.0817733538342231,-0.00637250385309833,0.0778753134204383));
#2685=CARTESIAN_POINT('',(-0.0820846227654536,-0.00675350113407451,0.0785000408809841));
#2686=CARTESIAN_POINT('',(-0.0815132024575009,-0.00589671174147108,0.0791377917383727));
#2687=CARTESIAN_POINT('',(-0.0810148977965696,-0.00608065734990901,0.0787096950131503));
#2688=CARTESIAN_POINT('',(-0.0813045257368344,-0.00646431351578873,0.0791894187473694));
#2689=CARTESIAN_POINT('',(-0.0807394158393031,-0.00544326147900491,0.0801247540360623));
#2690=CARTESIAN_POINT('',(-0.0802886456882123,-0.00559741510349784,0.0798369553224347));
#2691=CARTESIAN_POINT('',(-0.0804691879097123,-0.00594667407622564,0.0802318154162162));
#2692=CARTESIAN_POINT('',(-0.0800939707880641,-0.00467319445200922,0.0814415848065966));
#2693=CARTESIAN_POINT('',(-0.0797023849573228,-0.00480642039871685,0.0812587536942853));
#2694=CARTESIAN_POINT('',(-0.0797724006435067,-0.00507453139009536,0.0816118543551602));
#2695=CARTESIAN_POINT('',(-0.0798875510861036,-0.00385321100158937,0.0824562632912486));
#2696=CARTESIAN_POINT('',(-0.0795229202553825,-0.00389660959189288,0.0824105348147222));
#2697=CARTESIAN_POINT('',(-0.0795495611786843,-0.00415350242139723,0.082668071837081));
#2698=CARTESIAN_POINT('',(-0.0798875510774165,-0.00339765544264123,0.0829362756235577));
#2699=CARTESIAN_POINT('',(-0.0795495611786843,-0.00339765544264123,0.0829362756235577));
#2700=CARTESIAN_POINT('',(-0.0795495611786843,-0.00364281423157345,0.0831689434981221));
#2701=CARTESIAN_POINT('',(-0.0841365669471932,-0.00666564654554212,0.0779914615206232));
#2702=CARTESIAN_POINT('',(-0.0841365669471932,-0.00666564654554212,0.0779914615206232));
#2703=CARTESIAN_POINT('',(-0.0843780335529269,-0.00634251813515513,0.0778923393634343));
#2704=CARTESIAN_POINT('',(-0.0844004467446735,-0.00638296403804421,0.0777604897278144));
#2705=CARTESIAN_POINT('',(-0.0844550025042757,-0.00663866008123326,0.0775625144537263));
#2706=CARTESIAN_POINT('',(-0.08444956117869,-0.00692215110927363,0.0777307458142829));
#2707=CARTESIAN_POINT('',(-0.0844495611786839,-0.00697676178239299,0.0778593839636945));
#2708=MECHANICAL_DESIGN_GEOMETRIC_PRESENTATION_REPRESENTATION('',(#966),
#2709);
#2709=(
GEOMETRIC_REPRESENTATION_CONTEXT(3)
GLOBAL_UNCERTAINTY_ASSIGNED_CONTEXT((#2710))
GLOBAL_UNIT_ASSIGNED_CONTEXT((#2713,#2712,#2711))
REPRESENTATION_CONTEXT('window','TOP_LEVEL_ASSEMBLY_PART')
);
#2710=UNCERTAINTY_MEASURE_WITH_UNIT(LENGTH_MEASURE(2.00000000000278E-5),
#2713,'DISTANCE_ACCURACY_VALUE','Maximum Tolerance applied to model');
#2711=(
NAMED_UNIT(*)
SI_UNIT($,.STERADIAN.)
SOLID_ANGLE_UNIT()
);
#2712=(
NAMED_UNIT(*)
PLANE_ANGLE_UNIT()
SI_UNIT($,.RADIAN.)
);
#2713=(
LENGTH_UNIT()
NAMED_UNIT(*)
SI_UNIT($,.METRE.)
);
#2714=PRODUCT_DEFINITION_SHAPE('','',#2715);
#2715=PRODUCT_DEFINITION('','',#2717,#2716);
#2716=PRODUCT_DEFINITION_CONTEXT('',#2723,'design');
#2717=PRODUCT_DEFINITION_FORMATION_WITH_SPECIFIED_SOURCE('','',#2719,
 .NOT_KNOWN.);
#2718=PRODUCT_RELATED_PRODUCT_CATEGORY('','',(#2719));
#2719=PRODUCT('window','window','window',(#2721));
#2720=PRODUCT_CATEGORY('','');
#2721=PRODUCT_CONTEXT('',#2723,'mechanical');
#2722=APPLICATION_PROTOCOL_DEFINITION('international standard',
'ap242_managed_model_based_3d_engineering',2020,#2723);
#2723=APPLICATION_CONTEXT('managed model based 3d engineering');
ENDSEC;
END-ISO-10303-21;
