ISO-10303-21;
HEADER;
/* Generated by software containing ST-Developer
 * from STEP Tools, Inc. (www.steptools.com) 
 */
/* OPTION: using custom renumber hook */

FILE_DESCRIPTION(
/* description */ ('STEP AP242 Edition 2',
'CAx-IF Rec.Pracs.---Representation and Presentation of Product Manufa
cturing Information (PMI)---4.0---2014-10-13',
'CAx-IF Rec.Pracs.---3D Tessellated Geometry---0.4---2014-09-14','2;1',
'CAx-IF Rec.Pracs.---User Defined Attributes---1.5---2016-08-15'),
/* implementation_level */ '2;1');

FILE_NAME(
/* name */ 'Assembly 1 - lamp',
/* time_stamp */ '2026-09-07T22:10:42Z',
/* author */ (''),
/* organization */ (''),
/* preprocessor_version */ 'ST-DEVELOPER v20',
/* originating_system */ 'ONSHAPE BY PTC INC, 1.220',
/* authorisation */ '  ');

FILE_SCHEMA (('AP242_MANAGED_MODEL_BASED_3D_ENGINEERING_MIM_LF { 1 0 10303 442 3 1 4 }'));
ENDSEC;

DATA;
#10=SHAPE_REPRESENTATION_RELATIONSHIP('','',#138,#11);
#11=ADVANCED_BREP_SHAPE_REPRESENTATION('',(#136),#1773);
#12=VERTEX_LOOP('',#71);
#13=CONICAL_SURFACE('',#148,0.0171980698810195,0.593617100126217);
#14=CIRCLE('',#146,0.000500000000000007);
#15=CIRCLE('',#147,0.0180421553706356);
#16=CIRCLE('',#149,0.0177574328534671);
#17=CIRCLE('',#150,0.0171980698810195);
#18=CIRCLE('',#151,0.0171980698810195);
#19=CYLINDRICAL_SURFACE('',#145,0.0005);
#20=PLANE('',#142);
#21=PLANE('',#143);
#22=PLANE('',#144);
#23=B_SPLINE_SURFACE_WITH_KNOTS('',3,3,((#335,#336,#337,#338),(#339,#340,
#341,#342),(#343,#344,#345,#346),(#347,#348,#349,#350),(#351,#352,#353,
#354),(#355,#356,#357,#358),(#359,#360,#361,#362),(#363,#364,#365,#366),
(#367,#368,#369,#370),(#371,#372,#373,#374),(#375,#376,#377,#378),(#379,
#380,#381,#382),(#383,#384,#385,#386),(#387,#388,#389,#390),(#391,#392,
#393,#394),(#395,#396,#397,#398),(#399,#400,#401,#402),(#403,#404,#405,
#406),(#407,#408,#409,#410),(#411,#412,#413,#414),(#415,#416,#417,#418),
(#419,#420,#421,#422),(#423,#424,#425,#426),(#427,#428,#429,#430),(#431,
#432,#433,#434),(#435,#436,#437,#438),(#439,#440,#441,#442),(#443,#444,
#445,#446),(#447,#448,#449,#450),(#451,#452,#453,#454),(#455,#456,#457,
#458),(#459,#460,#461,#462),(#463,#464,#465,#466),(#467,#468,#469,#470),
(#471,#472,#473,#474),(#475,#476,#477,#478),(#479,#480,#481,#482),(#483,
#484,#485,#486),(#487,#488,#489,#490),(#491,#492,#493,#494),(#495,#496,
#497,#498),(#499,#500,#501,#502),(#503,#504,#505,#506),(#507,#508,#509,
#510),(#511,#512,#513,#514),(#515,#516,#517,#518),(#519,#520,#521,#522),
(#523,#524,#525,#526),(#527,#528,#529,#530),(#531,#532,#533,#534),(#535,
#536,#537,#538),(#539,#540,#541,#542),(#543,#544,#545,#546),(#547,#548,
#549,#550),(#551,#552,#553,#554),(#555,#556,#557,#558),(#559,#560,#561,
#562),(#563,#564,#565,#566),(#567,#568,#569,#570),(#571,#572,#573,#574),
(#575,#576,#577,#578),(#579,#580,#581,#582),(#583,#584,#585,#586),(#587,
#588,#589,#590),(#591,#592,#593,#594),(#595,#596,#597,#598),(#599,#600,
#601,#602),(#603,#604,#605,#606),(#607,#608,#609,#610),(#611,#612,#613,
#614),(#615,#616,#617,#618),(#619,#620,#621,#622),(#623,#624,#625,#626),
(#627,#628,#629,#630),(#631,#632,#633,#634),(#635,#636,#637,#638),(#639,
#640,#641,#642),(#643,#644,#645,#646),(#647,#648,#649,#650),(#651,#652,
#653,#654),(#655,#656,#657,#658),(#659,#660,#661,#662),(#663,#664,#665,
#666),(#667,#668,#669,#670),(#671,#672,#673,#674),(#675,#676,#677,#678),
(#679,#680,#681,#682),(#683,#684,#685,#686),(#687,#688,#689,#690),(#691,
#692,#693,#694),(#695,#696,#697,#698),(#699,#700,#701,#702),(#703,#704,
#705,#706),(#707,#708,#709,#710),(#711,#712,#713,#714),(#715,#716,#717,
#718),(#719,#720,#721,#722),(#723,#724,#725,#726),(#727,#728,#729,#730),
(#731,#732,#733,#734),(#735,#736,#737,#738),(#739,#740,#741,#742),(#743,
#744,#745,#746),(#747,#748,#749,#750),(#751,#752,#753,#754),(#755,#756,
#757,#758),(#759,#760,#761,#762),(#763,#764,#765,#766),(#767,#768,#769,
#770),(#771,#772,#773,#774),(#775,#776,#777,#778),(#779,#780,#781,#782),
(#783,#784,#785,#786),(#787,#788,#789,#790),(#791,#792,#793,#794),(#795,
#796,#797,#798),(#799,#800,#801,#802),(#803,#804,#805,#806),(#807,#808,
#809,#810),(#811,#812,#813,#814),(#815,#816,#817,#818),(#819,#820,#821,
#822),(#823,#824,#825,#826),(#827,#828,#829,#830),(#831,#832,#833,#834),
(#835,#836,#837,#838),(#839,#840,#841,#842),(#843,#844,#845,#846),(#847,
#848,#849,#850),(#851,#852,#853,#854),(#855,#856,#857,#858),(#859,#860,
#861,#862),(#863,#864,#865,#866),(#867,#868,#869,#870),(#871,#872,#873,
#874),(#875,#876,#877,#878),(#879,#880,#881,#882),(#883,#884,#885,#886),
(#887,#888,#889,#890),(#891,#892,#893,#894),(#895,#896,#897,#898),(#899,
#900,#901,#902),(#903,#904,#905,#906),(#907,#908,#909,#910),(#911,#912,
#913,#914),(#915,#916,#917,#918),(#919,#920,#921,#922),(#923,#924,#925,
#926),(#927,#928,#929,#930),(#931,#932,#933,#934)),.UNSPECIFIED.,.T.,.F.,
 .F.,(4,2,2,2,2,2,2,2,2,2,2,2,2,2,2,2,2,2,2,2,2,2,2,2,2,2,2,2,2,2,2,2,2,
2,2,2,2,2,2,2,2,2,2,2,2,2,2,2,2,2,2,2,2,2,2,2,2,2,2,2,2,2,2,2,2,2,2,2,2,
2,2,2,2,2,4),(4,4),(0.,0.03125,0.0625,0.078125,0.0859375,0.08984375,0.09375,
0.09765625,0.1015625,0.109375,0.125,0.15625,0.1875,0.203125,0.21875,0.25,
0.265625,0.28125,0.28515625,0.2890625,0.291015625,0.2919921875,0.29296875,
0.2939453125,0.294921875,0.296875,0.30078125,0.3046875,0.3125,0.34375,0.375,
0.390625,0.40625,0.4375,0.46875,0.484375,0.4921875,0.49609375,0.5,0.501953125,
0.50390625,0.5078125,0.515625,0.53125,0.5625,0.59375,0.609375,0.625,0.65625,
0.671875,0.6875,0.6953125,0.69921875,0.703125,0.70703125,0.7109375,0.71875,
0.734375,0.75,0.78125,0.796875,0.8125,0.84375,0.875,0.8828125,0.890625,
0.89453125,0.8984375,0.90234375,0.90625,0.9140625,0.921875,0.9375,0.96875,
1.),(0.,1.00600007930262),.UNSPECIFIED.);
#24=B_SPLINE_SURFACE_WITH_KNOTS('',3,3,((#1306,#1307,#1308,#1309,#1310,
#1311,#1312,#1313,#1314,#1315,#1316,#1317,#1318,#1319,#1320,#1321,#1322,
#1323,#1324),(#1325,#1326,#1327,#1328,#1329,#1330,#1331,#1332,#1333,#1334,
#1335,#1336,#1337,#1338,#1339,#1340,#1341,#1342,#1343),(#1344,#1345,#1346,
#1347,#1348,#1349,#1350,#1351,#1352,#1353,#1354,#1355,#1356,#1357,#1358,
#1359,#1360,#1361,#1362),(#1363,#1364,#1365,#1366,#1367,#1368,#1369,#1370,
#1371,#1372,#1373,#1374,#1375,#1376,#1377,#1378,#1379,#1380,#1381),(#1382,
#1383,#1384,#1385,#1386,#1387,#1388,#1389,#1390,#1391,#1392,#1393,#1394,
#1395,#1396,#1397,#1398,#1399,#1400),(#1401,#1402,#1403,#1404,#1405,#1406,
#1407,#1408,#1409,#1410,#1411,#1412,#1413,#1414,#1415,#1416,#1417,#1418,
#1419)),.UNSPECIFIED.,.F.,.T.,.F.,(4,1,1,4),(1,1,1,1,1,1,1,1,1,1,1,1,1,
1,1,1,1,1,1,1,1,1,1),(0.0447048983745592,0.325440923628267,0.525966655952345,
1.00722841353013),(-1.17809724509617,-0.785398163397448,-0.392699081698725,
0.,0.392699081698724,0.785398163397448,1.17809724509617,1.5707963267949,
1.96349540849362,2.35619449019234,2.74889357189107,3.14159265358979,3.53429173528852,
3.92699081698724,4.31968989868597,4.71238898038469,5.10508806208341,5.49778714378214,
5.89048622548086,6.28318530717959,6.67588438887831,7.06858347057703,7.46128255227576),
 .UNSPECIFIED.);
#25=B_SPLINE_SURFACE_WITH_KNOTS('',3,3,((#1427,#1428,#1429,#1430,#1431,
#1432,#1433,#1434,#1435,#1436,#1437,#1438,#1439,#1440,#1441,#1442,#1443,
#1444,#1445),(#1446,#1447,#1448,#1449,#1450,#1451,#1452,#1453,#1454,#1455,
#1456,#1457,#1458,#1459,#1460,#1461,#1462,#1463,#1464),(#1465,#1466,#1467,
#1468,#1469,#1470,#1471,#1472,#1473,#1474,#1475,#1476,#1477,#1478,#1479,
#1480,#1481,#1482,#1483),(#1484,#1485,#1486,#1487,#1488,#1489,#1490,#1491,
#1492,#1493,#1494,#1495,#1496,#1497,#1498,#1499,#1500,#1501,#1502),(#1503,
#1504,#1505,#1506,#1507,#1508,#1509,#1510,#1511,#1512,#1513,#1514,#1515,
#1516,#1517,#1518,#1519,#1520,#1521),(#1522,#1523,#1524,#1525,#1526,#1527,
#1528,#1529,#1530,#1531,#1532,#1533,#1534,#1535,#1536,#1537,#1538,#1539,
#1540),(#1541,#1542,#1543,#1544,#1545,#1546,#1547,#1548,#1549,#1550,#1551,
#1552,#1553,#1554,#1555,#1556,#1557,#1558,#1559),(#1560,#1561,#1562,#1563,
#1564,#1565,#1566,#1567,#1568,#1569,#1570,#1571,#1572,#1573,#1574,#1575,
#1576,#1577,#1578),(#1579,#1580,#1581,#1582,#1583,#1584,#1585,#1586,#1587,
#1588,#1589,#1590,#1591,#1592,#1593,#1594,#1595,#1596,#1597),(#1598,#1599,
#1600,#1601,#1602,#1603,#1604,#1605,#1606,#1607,#1608,#1609,#1610,#1611,
#1612,#1613,#1614,#1615,#1616)),.UNSPECIFIED.,.F.,.T.,.F.,(4,1,1,1,1,1,
1,4),(1,1,1,1,1,1,1,1,1,1,1,1,1,1,1,1,1,1,1,1,1,1,1),(-0.0268270677706024,
0.0480457392543372,0.122918546279277,0.272664160329156,0.44380200495759,
0.614939849586023,0.743293233057349,0.999999999999999),(-1.17809724509617,
-0.785398163397448,-0.392699081698725,0.,0.392699081698724,0.785398163397448,
1.17809724509617,1.5707963267949,1.96349540849362,2.35619449019234,2.74889357189107,
3.14159265358979,3.53429173528852,3.92699081698724,4.31968989868597,4.71238898038469,
5.10508806208341,5.49778714378214,5.89048622548086,6.28318530717959,6.67588438887831,
7.06858347057703,7.46128255227576),.UNSPECIFIED.);
#26=B_SPLINE_SURFACE_WITH_KNOTS('',3,3,((#1617,#1618,#1619,#1620,#1621,
#1622,#1623,#1624,#1625,#1626,#1627,#1628,#1629,#1630,#1631,#1632,#1633,
#1634,#1635),(#1636,#1637,#1638,#1639,#1640,#1641,#1642,#1643,#1644,#1645,
#1646,#1647,#1648,#1649,#1650,#1651,#1652,#1653,#1654),(#1655,#1656,#1657,
#1658,#1659,#1660,#1661,#1662,#1663,#1664,#1665,#1666,#1667,#1668,#1669,
#1670,#1671,#1672,#1673),(#1674,#1675,#1676,#1677,#1678,#1679,#1680,#1681,
#1682,#1683,#1684,#1685,#1686,#1687,#1688,#1689,#1690,#1691,#1692)),
 .UNSPECIFIED.,.F.,.T.,.F.,(4,4),(1,1,1,1,1,1,1,1,1,1,1,1,1,1,1,1,1,1,1,
1,1,1,1),(0.,0.999999999999999),(-1.17809724509617,-0.785398163397448,-0.392699081698725,
0.,0.392699081698724,0.785398163397448,1.17809724509617,1.5707963267949,
1.96349540849362,2.35619449019234,2.74889357189107,3.14159265358979,3.53429173528852,
3.92699081698724,4.31968989868597,4.71238898038469,5.10508806208341,5.49778714378214,
5.89048622548086,6.28318530717959,6.67588438887831,7.06858347057703,7.46128255227576),
 .UNSPECIFIED.);
#27=B_SPLINE_SURFACE_WITH_KNOTS('',3,3,((#1696,#1697,#1698,#1699,#1700,
#1701,#1702,#1703,#1704,#1705,#1706,#1707,#1708,#1709,#1710,#1711,#1712,
#1713,#1714),(#1715,#1716,#1717,#1718,#1719,#1720,#1721,#1722,#1723,#1724,
#1725,#1726,#1727,#1728,#1729,#1730,#1731,#1732,#1733),(#1734,#1735,#1736,
#1737,#1738,#1739,#1740,#1741,#1742,#1743,#1744,#1745,#1746,#1747,#1748,
#1749,#1750,#1751,#1752),(#1753,#1754,#1755,#1756,#1757,#1758,#1759,#1760,
#1761,#1762,#1763,#1764,#1765,#1766,#1767,#1768,#1769,#1770,#1771)),
 .UNSPECIFIED.,.F.,.T.,.F.,(4,4),(1,1,1,1,1,1,1,1,1,1,1,1,1,1,1,1,1,1,1,
1,1,1,1),(0.,1.),(-1.17809724509617,-0.785398163397448,-0.392699081698725,
0.,0.392699081698724,0.785398163397448,1.17809724509617,1.5707963267949,
1.96349540849362,2.35619449019234,2.74889357189107,3.14159265358979,3.53429173528852,
3.92699081698724,4.31968989868597,4.71238898038469,5.10508806208341,5.49778714378214,
5.89048622548086,6.28318530717959,6.67588438887831,7.06858347057703,7.46128255227576),
 .UNSPECIFIED.);
#28=B_SPLINE_CURVE_WITH_KNOTS('',3,(#323,#324,#325,#326,#327,#328,#329,
#330,#331,#332,#333),.UNSPECIFIED.,.T.,.F.,(1,1,1,1,1,1,1,1,1,1,1,1,1,1,
1),(-0.00127639482175306,-0.000850929881168703,-0.000425464940584344,1.39857877853494E-17,
0.000425464940584372,0.00085092988116873,0.00127639482175309,0.00170185976233745,
0.0021273247029218,0.00255278964350616,0.00297825458409052,0.00340371952467488,
0.00382918446525924,0.00425464940584359,0.00468011434642795),
 .UNSPECIFIED.);
#29=B_SPLINE_CURVE_WITH_KNOTS('',3,(#935,#936,#937,#938,#939,#940,#941,
#942,#943,#944,#945,#946,#947,#948,#949,#950,#951,#952,#953,#954,#955,#956,
#957,#958,#959,#960,#961,#962,#963,#964,#965,#966,#967,#968,#969,#970,#971,
#972,#973,#974,#975,#976,#977,#978,#979,#980,#981,#982,#983,#984,#985,#986,
#987,#988,#989,#990,#991,#992,#993,#994,#995,#996,#997,#998,#999,#1000,
#1001,#1002,#1003,#1004,#1005,#1006,#1007,#1008,#1009,#1010,#1011,#1012,
#1013,#1014,#1015,#1016,#1017,#1018,#1019,#1020,#1021,#1022,#1023,#1024,
#1025,#1026,#1027,#1028,#1029,#1030,#1031,#1032,#1033,#1034,#1035,#1036,
#1037,#1038,#1039,#1040,#1041,#1042,#1043,#1044,#1045,#1046,#1047,#1048,
#1049,#1050,#1051,#1052,#1053,#1054,#1055,#1056,#1057,#1058,#1059,#1060,
#1061,#1062,#1063,#1064,#1065,#1066,#1067,#1068,#1069,#1070,#1071,#1072,
#1073,#1074,#1075,#1076,#1077,#1078,#1079,#1080,#1081,#1082,#1083,#1084,
#1085,#1086,#1087,#1088,#1089,#1090,#1091,#1092,#1093,#1094,#1095,#1096,
#1097,#1098,#1099,#1100,#1101,#1102,#1103,#1104,#1105,#1106,#1107,#1108,
#1109,#1110,#1111,#1112,#1113,#1114,#1115,#1116,#1117,#1118,#1119,#1120,
#1121,#1122,#1123,#1124,#1125,#1126,#1127,#1128,#1129,#1130,#1131,#1132,
#1133,#1134,#1135,#1136,#1137,#1138,#1139,#1140,#1141,#1142,#1143,#1144,
#1145,#1146,#1147,#1148,#1149,#1150,#1151,#1152,#1153,#1154,#1155,#1156,
#1157,#1158,#1159,#1160,#1161,#1162,#1163,#1164,#1165,#1166,#1167,#1168,
#1169,#1170,#1171,#1172,#1173,#1174,#1175,#1176,#1177,#1178,#1179,#1180,
#1181,#1182,#1183,#1184,#1185,#1186,#1187,#1188,#1189,#1190,#1191,#1192,
#1193,#1194,#1195,#1196,#1197,#1198,#1199,#1200,#1201,#1202,#1203,#1204,
#1205,#1206,#1207,#1208,#1209,#1210,#1211,#1212,#1213,#1214,#1215,#1216,
#1217,#1218,#1219,#1220,#1221,#1222,#1223,#1224,#1225,#1226,#1227,#1228,
#1229,#1230,#1231,#1232,#1233,#1234,#1235,#1236,#1237,#1238,#1239,#1240,
#1241,#1242,#1243,#1244,#1245,#1246,#1247,#1248,#1249,#1250,#1251,#1252,
#1253,#1254,#1255,#1256,#1257,#1258,#1259,#1260,#1261,#1262,#1263,#1264,
#1265,#1266,#1267,#1268,#1269,#1270,#1271,#1272,#1273,#1274,#1275,#1276,
#1277,#1278,#1279,#1280,#1281,#1282,#1283,#1284),.UNSPECIFIED.,.T.,.F.,
(1,3,1,1,1,1,1,1,1,1,1,1,1,1,1,1,1,1,1,1,1,1,1,1,1,1,1,1,1,1,1,1,1,1,1,
1,1,1,1,1,1,1,1,1,1,1,1,1,1,1,1,1,1,1,1,1,1,1,1,1,1,1,1,1,1,1,1,1,1,1,1,
1,1,1,1,1,1,1,1,1,1,1,1,1,1,1,1,1,1,1,1,1,1,1,1,1,1,1,1,1,1,1,1,1,1,1,1,
1,1,1,1,1,1,1,1,1,1,1,1,1,1,1,1,1,1,1,1,1,1,1,1,1,1,1,1,1,1,1,1,1,1,1,1,
1,1,1,1,1,1,1,1,1,1,1,1,1,1,1,1,1,1,1,1,1,1,1,1,1,1,1,1,1,1,1,1,1,1,1,1,
1,1,1,1,1,1,1,1,1,1,1,1,1,1,1,1,1,1,1,1,1,1,1,1,1,1,1,1,1,1,1,1,1,1,1,1,
1,1,1,1,1,1,1,1,1,1,1,1,1,1,1,1,1,1,1,1,1,1,1,1,1,1,1,1,1,1,1,1,1,1,1,1,
1,1,1,1,1,1,1,1,1,1,1,1,1,1,1,1,1,1,1,1,1,1,1,1,1,1,1,1,1,1,1,1,1,1,1,1,
1,1,1,1,1,1,1,1,1,1,1,1,1,1,1,1,1,1,1,1,1,1,1,1,1,1,1,1,1,1,1,1,1,1,1,1,
1,1,1,1,1,1,1,1,1,1,1,1,1,1,1,1,1,1,1,1,1,1,1,1,1,3,1),(-0.001953125,0.,
0.001953125,0.00390625,0.0078125,0.01171875,0.015625,0.01953125,0.0234375,
0.03125,0.0390625,0.046875,0.0546875,0.05859375,0.0625,0.06640625,0.0703125,
0.07421875,0.078125,0.08203125,0.0859375,0.087890625,0.08984375,0.091796875,
0.09375,0.095703125,0.0966796875,0.09765625,0.0986328125,0.099609375,0.1005859375,
0.1015625,0.10205078125,0.1025390625,0.103515625,0.1044921875,0.10546875,
0.1064453125,0.107421875,0.109375,0.111328125,0.11328125,0.115234375,0.1171875,
0.119140625,0.12109375,0.125,0.12890625,0.1328125,0.13671875,0.140625,0.14453125,
0.1484375,0.15625,0.1640625,0.171875,0.1796875,0.18359375,0.1875,0.19140625,
0.1953125,0.19921875,0.201171875,0.203125,0.205078125,0.20703125,0.2109375,
0.21875,0.2265625,0.234375,0.2421875,0.25,0.25390625,0.2578125,0.26171875,
0.265625,0.26953125,0.2734375,0.27734375,0.28125,0.283203125,0.28515625,
0.287109375,0.2890625,0.291015625,0.29296875,0.2939453125,0.294921875,0.2958984375,
0.296875,0.2978515625,0.29833984375,0.298828125,0.2998046875,0.30078125,
0.3017578125,0.302734375,0.3046875,0.306640625,0.30859375,0.310546875,0.3125,
0.31640625,0.3203125,0.32421875,0.328125,0.33203125,0.3359375,0.33984375,
0.34375,0.3515625,0.359375,0.3671875,0.375,0.37890625,0.3828125,0.38671875,
0.390625,0.392578125,0.39453125,0.396484375,0.3974609375,0.3984375,0.400390625,
0.40234375,0.404296875,0.40625,0.41015625,0.4140625,0.41796875,0.421875,
0.4296875,0.4375,0.4453125,0.44921875,0.453125,0.45703125,0.4609375,0.46484375,
0.46875,0.47265625,0.4765625,0.478515625,0.48046875,0.482421875,0.484375,
0.486328125,0.48828125,0.490234375,0.4912109375,0.4921875,0.4931640625,
0.494140625,0.4951171875,0.49609375,0.49658203125,0.4970703125,0.49755859375,
0.498046875,0.49853515625,0.4990234375,0.49951171875,0.5,0.50048828125,
0.5009765625,0.501953125,0.5029296875,0.50390625,0.5048828125,0.505859375,
0.5078125,0.509765625,0.51171875,0.513671875,0.515625,0.517578125,0.51953125,
0.5234375,0.52734375,0.53125,0.53515625,0.5390625,0.54296875,0.546875,0.5546875,
0.5625,0.5703125,0.578125,0.5859375,0.58984375,0.59375,0.59765625,0.6015625,
0.603515625,0.60546875,0.607421875,0.609375,0.611328125,0.61328125,0.6171875,
0.62109375,0.625,0.6328125,0.640625,0.6484375,0.65625,0.66015625,0.6640625,
0.66796875,0.671875,0.67578125,0.6796875,0.681640625,0.68359375,0.685546875,
0.6875,0.689453125,0.69140625,0.693359375,0.6953125,0.6962890625,0.697265625,
0.6982421875,0.69921875,0.7001953125,0.701171875,0.7021484375,0.70263671875,
0.703125,0.70361328125,0.7041015625,0.70458984375,0.705078125,0.705322265625,
0.70556640625,0.705810546875,0.7060546875,0.706298828125,0.70654296875,
0.706787109375,0.70703125,0.707275390625,0.70751953125,0.707763671875,0.7080078125,
0.708251953125,0.70849609375,0.708984375,0.70947265625,0.7099609375,0.71044921875,
0.7109375,0.7119140625,0.712890625,0.7138671875,0.71484375,0.7158203125,
0.716796875,0.7177734375,0.71875,0.720703125,0.72265625,0.724609375,0.7265625,
0.728515625,0.73046875,0.732421875,0.734375,0.73828125,0.7421875,0.74609375,
0.75,0.75390625,0.7578125,0.765625,0.7734375,0.78125,0.7890625,0.79296875,
0.796875,0.80078125,0.8046875,0.806640625,0.80859375,0.8095703125,0.810546875,
0.8115234375,0.8125,0.814453125,0.81640625,0.8203125,0.82421875,0.828125,
0.8359375,0.84375,0.8515625,0.859375,0.86328125,0.8671875,0.87109375,0.875,
0.87890625,0.8828125,0.88671875,0.888671875,0.890625,0.892578125,0.89453125,
0.896484375,0.8984375,0.8994140625,0.900390625,0.9013671875,0.90234375,
0.90283203125,0.9033203125,0.90380859375,0.904296875,0.9052734375,0.90625,
0.9072265625,0.908203125,0.9091796875,0.91015625,0.9111328125,0.912109375,
0.9140625,0.916015625,0.91796875,0.919921875,0.921875,0.92578125,0.9296875,
0.93359375,0.9375,0.94140625,0.9453125,0.94921875,0.953125,0.9609375,0.96875,
0.9765625,0.98046875,0.984375,0.98828125,0.9921875,0.99609375,0.998046875,
1.,1.001953125),.UNSPECIFIED.);
#30=B_SPLINE_CURVE_WITH_KNOTS('',3,(#1286,#1287,#1288,#1289,#1290,#1291,
#1292,#1293,#1294,#1295,#1296,#1297,#1298),.UNSPECIFIED.,.T.,.F.,(1,3,1,
1,1,1,1,1,1,1,1,3,1),(-0.0965683745058725,0.,0.102196838390113,0.200334626206258,
0.298212708977934,0.398273124525426,0.498492724443023,0.608827395778554,
0.708746709646716,0.810428688021116,0.903431625494127,1.,1.10219683839011),
 .UNSPECIFIED.);
#31=ORIENTED_EDGE('',*,*,#51,.T.);
#32=ORIENTED_EDGE('',*,*,#52,.F.);
#33=ORIENTED_EDGE('',*,*,#53,.T.);
#34=ORIENTED_EDGE('',*,*,#54,.F.);
#35=ORIENTED_EDGE('',*,*,#55,.T.);
#36=ORIENTED_EDGE('',*,*,#51,.F.);
#37=ORIENTED_EDGE('',*,*,#54,.T.);
#38=ORIENTED_EDGE('',*,*,#55,.F.);
#39=ORIENTED_EDGE('',*,*,#52,.T.);
#40=ORIENTED_EDGE('',*,*,#56,.T.);
#41=ORIENTED_EDGE('',*,*,#53,.F.);
#42=ORIENTED_EDGE('',*,*,#57,.T.);
#43=ORIENTED_EDGE('',*,*,#56,.F.);
#44=ORIENTED_EDGE('',*,*,#58,.F.);
#45=ORIENTED_EDGE('',*,*,#59,.T.);
#46=ORIENTED_EDGE('',*,*,#58,.T.);
#47=ORIENTED_EDGE('',*,*,#57,.F.);
#48=ORIENTED_EDGE('',*,*,#60,.F.);
#49=ORIENTED_EDGE('',*,*,#59,.F.);
#50=ORIENTED_EDGE('',*,*,#60,.T.);
#51=EDGE_CURVE('',#61,#61,#72,.T.);
#52=EDGE_CURVE('',#62,#62,#73,.T.);
#53=EDGE_CURVE('',#63,#63,#28,.T.);
#54=EDGE_CURVE('',#64,#64,#29,.F.);
#55=EDGE_CURVE('',#65,#65,#30,.F.);
#56=EDGE_CURVE('',#66,#66,#14,.T.);
#57=EDGE_CURVE('',#67,#67,#15,.T.);
#58=EDGE_CURVE('',#68,#68,#16,.T.);
#59=EDGE_CURVE('',#69,#69,#17,.T.);
#60=EDGE_CURVE('',#70,#70,#18,.T.);
#61=VERTEX_POINT('',#320);
#62=VERTEX_POINT('',#322);
#63=VERTEX_POINT('',#334);
#64=VERTEX_POINT('',#1285);
#65=VERTEX_POINT('',#1299);
#66=VERTEX_POINT('',#1305);
#67=VERTEX_POINT('',#1421);
#68=VERTEX_POINT('',#1424);
#69=VERTEX_POINT('',#1426);
#70=VERTEX_POINT('',#1694);
#71=VERTEX_POINT('',#1695);
#72=ELLIPSE('',#140,0.00175,0.001);
#73=ELLIPSE('',#141,0.00175,0.001);
#74=EDGE_LOOP('',(#31));
#75=EDGE_LOOP('',(#32));
#76=EDGE_LOOP('',(#33));
#77=EDGE_LOOP('',(#34));
#78=EDGE_LOOP('',(#35));
#79=EDGE_LOOP('',(#36));
#80=EDGE_LOOP('',(#37));
#81=EDGE_LOOP('',(#38));
#82=EDGE_LOOP('',(#39));
#83=EDGE_LOOP('',(#40));
#84=EDGE_LOOP('',(#41));
#85=EDGE_LOOP('',(#42));
#86=EDGE_LOOP('',(#43));
#87=EDGE_LOOP('',(#44));
#88=EDGE_LOOP('',(#45));
#89=EDGE_LOOP('',(#46));
#90=EDGE_LOOP('',(#47));
#91=EDGE_LOOP('',(#48));
#92=EDGE_LOOP('',(#49));
#93=EDGE_LOOP('',(#50));
#94=FACE_BOUND('',#74,.T.);
#95=FACE_BOUND('',#75,.T.);
#96=FACE_BOUND('',#76,.T.);
#97=FACE_BOUND('',#77,.T.);
#98=FACE_BOUND('',#78,.T.);
#99=FACE_BOUND('',#79,.T.);
#100=FACE_BOUND('',#80,.T.);
#101=FACE_BOUND('',#81,.T.);
#102=FACE_BOUND('',#82,.T.);
#103=FACE_BOUND('',#83,.T.);
#104=FACE_BOUND('',#84,.T.);
#105=FACE_BOUND('',#85,.T.);
#106=FACE_BOUND('',#86,.T.);
#107=FACE_BOUND('',#87,.T.);
#108=FACE_BOUND('',#88,.T.);
#109=FACE_BOUND('',#89,.T.);
#110=FACE_BOUND('',#90,.T.);
#111=FACE_BOUND('',#91,.T.);
#112=FACE_BOUND('',#12,.T.);
#113=FACE_BOUND('',#92,.T.);
#114=FACE_BOUND('',#93,.T.);
#115=(
BOUNDED_SURFACE()
B_SPLINE_SURFACE(3,3,((#179,#180,#181,#182,#183,#184,#185,#186,#187,#188,
#189,#190,#191,#192,#193,#194,#195,#196,#197,#198),(#199,#200,#201,#202,
#203,#204,#205,#206,#207,#208,#209,#210,#211,#212,#213,#214,#215,#216,#217,
#218),(#219,#220,#221,#222,#223,#224,#225,#226,#227,#228,#229,#230,#231,
#232,#233,#234,#235,#236,#237,#238),(#239,#240,#241,#242,#243,#244,#245,
#246,#247,#248,#249,#250,#251,#252,#253,#254,#255,#256,#257,#258),(#259,
#260,#261,#262,#263,#264,#265,#266,#267,#268,#269,#270,#271,#272,#273,#274,
#275,#276,#277,#278),(#279,#280,#281,#282,#283,#284,#285,#286,#287,#288,
#289,#290,#291,#292,#293,#294,#295,#296,#297,#298),(#299,#300,#301,#302,
#303,#304,#305,#306,#307,#308,#309,#310,#311,#312,#313,#314,#315,#316,#317,
#318)),.UNSPECIFIED.,.T.,.F.,.F.)
B_SPLINE_SURFACE_WITH_KNOTS((4,3,4),(4,2,2,2,2,2,2,2,2,4),(0.,0.5,1.),(0.,
0.146619764228906,0.293239528457813,0.43985929268672,0.513169174801173,
0.586479056915626,0.689859292686719,0.793239528457813,0.896619764228906,
1.),.UNSPECIFIED.)
GEOMETRIC_REPRESENTATION_ITEM()
RATIONAL_B_SPLINE_SURFACE(((1.,1.,1.,1.,1.,1.,1.,1.,1.,1.,1.,1.,1.,1.,1.,
1.,1.,1.,1.,1.),(0.333333333333334,0.333333333333334,0.333333333333334,
0.333333333333334,0.333333333333334,0.333333333333334,0.333333333333334,
0.333333333333334,0.333333333333334,0.333333333333334,0.333333333333334,
0.333333333333334,0.333333333333334,0.333333333333334,0.333333333333334,
0.333333333333334,0.333333333333334,0.333333333333334,0.333333333333334,
0.333333333333334),(0.333333333333334,0.333333333333334,0.333333333333334,
0.333333333333334,0.333333333333334,0.333333333333334,0.333333333333334,
0.333333333333334,0.333333333333334,0.333333333333334,0.333333333333334,
0.333333333333334,0.333333333333334,0.333333333333334,0.333333333333334,
0.333333333333334,0.333333333333334,0.333333333333334,0.333333333333334,
0.333333333333334),(1.,1.,1.,1.,1.,1.,1.,1.,1.,1.,1.,1.,1.,1.,1.,1.,1.,
1.,1.,1.),(0.333333333333334,0.333333333333334,0.333333333333334,0.333333333333334,
0.333333333333334,0.333333333333334,0.333333333333334,0.333333333333334,
0.333333333333334,0.333333333333334,0.333333333333334,0.333333333333334,
0.333333333333334,0.333333333333334,0.333333333333334,0.333333333333334,
0.333333333333334,0.333333333333334,0.333333333333334,0.333333333333334),
(0.333333333333334,0.333333333333334,0.333333333333334,0.333333333333334,
0.333333333333334,0.333333333333334,0.333333333333334,0.333333333333334,
0.333333333333334,0.333333333333334,0.333333333333334,0.333333333333334,
0.333333333333334,0.333333333333334,0.333333333333334,0.333333333333334,
0.333333333333334,0.333333333333334,0.333333333333334,0.333333333333334),
(1.,1.,1.,1.,1.,1.,1.,1.,1.,1.,1.,1.,1.,1.,1.,1.,1.,1.,1.,1.)))
REPRESENTATION_ITEM('')
SURFACE()
);
#116=ADVANCED_FACE('',(#94,#95,#96),#115,.T.);
#117=ADVANCED_FACE('',(#97,#98),#23,.T.);
#118=ADVANCED_FACE('',(#99,#100),#20,.T.);
#119=ADVANCED_FACE('',(#101),#21,.F.);
#120=ADVANCED_FACE('',(#102),#22,.T.);
#121=ADVANCED_FACE('',(#103,#104),#19,.T.);
#122=ADVANCED_FACE('',(#105,#106),#24,.T.);
#123=ADVANCED_FACE('',(#107,#108),#13,.F.);
#124=ADVANCED_FACE('',(#109,#110),#25,.T.);
#125=ADVANCED_FACE('',(#111,#112),#26,.F.);
#126=ADVANCED_FACE('',(#113,#114),#27,.F.);
#127=CLOSED_SHELL('',(#116,#117,#118,#119,#120,#121,#122,#123,#124,#125,
#126));
#128=STYLED_ITEM('',(#129),#136);
#129=PRESENTATION_STYLE_ASSIGNMENT((#130));
#130=SURFACE_STYLE_USAGE(.BOTH.,#131);
#131=SURFACE_SIDE_STYLE('',(#132));
#132=SURFACE_STYLE_FILL_AREA(#133);
#133=FILL_AREA_STYLE('',(#134));
#134=FILL_AREA_STYLE_COLOUR('',#135);
#135=COLOUR_RGB('',0.756862745098039,0.462745098039216,0.109803921568627);
#136=MANIFOLD_SOLID_BREP('lamp',#127);
#137=SHAPE_DEFINITION_REPRESENTATION(#1778,#138);
#138=SHAPE_REPRESENTATION('lamp',(#139),#1773);
#139=AXIS2_PLACEMENT_3D('',#178,#152,#153);
#140=AXIS2_PLACEMENT_3D('',#319,#154,#155);
#141=AXIS2_PLACEMENT_3D('',#321,#156,#157);
#142=AXIS2_PLACEMENT_3D('',#1300,#158,#159);
#143=AXIS2_PLACEMENT_3D('',#1301,#160,#161);
#144=AXIS2_PLACEMENT_3D('',#1302,#162,#163);
#145=AXIS2_PLACEMENT_3D('',#1303,#164,#165);
#146=AXIS2_PLACEMENT_3D('',#1304,#166,#167);
#147=AXIS2_PLACEMENT_3D('',#1420,#168,#169);
#148=AXIS2_PLACEMENT_3D('',#1422,#170,#171);
#149=AXIS2_PLACEMENT_3D('',#1423,#172,#173);
#150=AXIS2_PLACEMENT_3D('',#1425,#174,#175);
#151=AXIS2_PLACEMENT_3D('',#1693,#176,#177);
#152=DIRECTION('',(0.,0.,1.));
#153=DIRECTION('',(1.,0.,0.));
#154=DIRECTION('',(0.,0.,1.));
#155=DIRECTION('',(0.814955445373684,-0.579523616478035,0.));
#156=DIRECTION('',(-3.30530498367504E-17,0.937221977189736,0.348733373041011));
#157=DIRECTION('',(0.814955445373684,-0.202099225531311,0.54314226966369));
#158=DIRECTION('',(0.,0.,1.));
#159=DIRECTION('',(1.,0.,0.));
#160=DIRECTION('',(0.,0.,1.));
#161=DIRECTION('',(1.,0.,0.));
#162=DIRECTION('',(-3.30530498367504E-17,0.937221977189736,0.348733373041011));
#163=DIRECTION('',(1.,1.15611752653781E-16,-2.15926640215595E-16));
#164=DIRECTION('',(0.,0.,-1.));
#165=DIRECTION('',(-1.,0.,0.));
#166=DIRECTION('',(0.,0.,1.));
#167=DIRECTION('',(1.,0.,0.));
#168=DIRECTION('',(0.,0.,1.));
#169=DIRECTION('',(1.,0.,0.));
#170=DIRECTION('',(0.,0.,-1.));
#171=DIRECTION('',(-1.,0.,0.));
#172=DIRECTION('',(0.,0.,1.));
#173=DIRECTION('',(0.,1.,0.));
#174=DIRECTION('',(0.,0.,1.));
#175=DIRECTION('',(1.,0.,0.));
#176=DIRECTION('',(0.,0.,1.));
#177=DIRECTION('',(1.,0.,0.));
#178=CARTESIAN_POINT('',(0.,0.,0.));
#179=CARTESIAN_POINT('',(0.0117163328045886,0.00738734211422098,0.0065));
#180=CARTESIAN_POINT('',(0.0113890864027657,0.00581306554563057,0.0147504752442681));
#181=CARTESIAN_POINT('',(0.0108466138445987,0.00439987973582995,0.0230353312467134));
#182=CARTESIAN_POINT('',(0.0097396444320137,0.0025287849504379,0.0392813459500162));
#183=CARTESIAN_POINT('',(0.00918790838149085,0.0020721206134998,0.0472419861880713));
#184=CARTESIAN_POINT('',(0.00850333610038393,0.00235384444987896,0.0622683387295454));
#185=CARTESIAN_POINT('',(0.00837839140897112,0.00308577377497245,0.0693256965219985));
#186=CARTESIAN_POINT('',(0.0085875397631611,0.00501562758047264,0.0787646315751277));
#187=CARTESIAN_POINT('',(0.00871996232694818,0.00579562791964601,0.0817199497900821));
#188=CARTESIAN_POINT('',(0.00908299065200515,0.00761179092565155,0.0871976016826754));
#189=CARTESIAN_POINT('',(0.00931332678374917,0.00864684676773267,0.0897190861671942));
#190=CARTESIAN_POINT('',(0.00992907127013322,0.0114501046725938,0.0952670920679743));
#191=CARTESIAN_POINT('',(0.0103387078806068,0.0133578400033241,0.0981190289376482));
#192=CARTESIAN_POINT('',(0.0110941666292368,0.0176443137666161,0.103458844939395));
#193=CARTESIAN_POINT('',(0.011437791959236,0.0200327417891453,0.105946985962083));
#194=CARTESIAN_POINT('',(0.0119204775247344,0.0252503321855764,0.110727147434933));
#195=CARTESIAN_POINT('',(0.0120581341526198,0.0280789564653754,0.113013324507262));
#196=CARTESIAN_POINT('',(0.0120714503548117,0.0340081627302451,0.117408128417041));
#197=CARTESIAN_POINT('',(0.0119470712072559,0.0371056584753394,0.11951343332607));
#198=CARTESIAN_POINT('',(0.0117163328045886,0.0402273744661591,0.121541960140907));
#199=CARTESIAN_POINT('',(0.0128753800375446,0.00901725300496834,0.00649999999999999));
#200=CARTESIAN_POINT('',(0.0130440677720699,0.00709031231729037,0.0147024440974283));
#201=CARTESIAN_POINT('',(0.0128172335266107,0.00508771501964265,0.0228929680611196));
#202=CARTESIAN_POINT('',(0.0117433047589258,0.0019975412198764,0.0389987650262061));
#203=CARTESIAN_POINT('',(0.0109085901578208,0.000923848219166479,0.046921536247605));
#204=CARTESIAN_POINT('',(0.00927211780386334,0.000421400093768323,0.0620304376278981));
#205=CARTESIAN_POINT('',(0.00848922480199525,0.000996909203119324,0.0692141957952434));
#206=CARTESIAN_POINT('',(0.00780998063183068,0.0031483360939254,0.0788397462522201));
#207=CARTESIAN_POINT('',(0.00766381109097132,0.00407474174987366,0.0818538446790118));
#208=CARTESIAN_POINT('',(0.00756201882193069,0.00629086333251009,0.0873889847274799));
#209=CARTESIAN_POINT('',(0.00760647169725526,0.00757974196910305,0.089908042807339));
#210=CARTESIAN_POINT('',(0.00793240420483203,0.0110186295260803,0.095308242531298));
#211=CARTESIAN_POINT('',(0.00830577913676146,0.0133031080904732,0.0979291020931312));
#212=CARTESIAN_POINT('',(0.00926971468633666,0.0181430076135122,0.102687776446441));
#213=CARTESIAN_POINT('',(0.00985747226347657,0.0207101885640317,0.104838013622438));
#214=CARTESIAN_POINT('',(0.0110113337406844,0.0261043650373392,0.109105343010386));
#215=CARTESIAN_POINT('',(0.0115740823121013,0.0289370040401264,0.111219631899307));
#216=CARTESIAN_POINT('',(0.0124479058834681,0.0347819750994698,0.115551416094453));
#217=CARTESIAN_POINT('',(0.0127564398805253,0.037792519163707,0.117764605529274));
#218=CARTESIAN_POINT('',(0.0128753800375446,0.0407957787888457,0.120014371833238));
#219=CARTESIAN_POINT('',(0.0100230359787367,0.0110455856626415,0.00649999999999999));
#220=CARTESIAN_POINT('',(0.0108088859216739,0.00998652971358274,0.0148206458000086));
#221=CARTESIAN_POINT('',(0.0116217272467147,0.00854346604719538,0.0230636977187325));
#222=CARTESIAN_POINT('',(0.0126894037881747,0.00553309898003599,0.0390717513060719));
#223=CARTESIAN_POINT('',(0.0129319311564187,0.00397693114166823,0.0468448995780607));
#224=CARTESIAN_POINT('',(0.0126517650409211,0.00180283716293991,0.0617292508349416));
#225=CARTESIAN_POINT('',(0.0121323012260582,0.00120136557752836,0.0688536314230002));
#226=CARTESIAN_POINT('',(0.011077362905914,0.00178225937451126,0.0787591162430871));
#227=CARTESIAN_POINT('',(0.0106840098697348,0.00222142440421963,0.0819278604805126));
#228=CARTESIAN_POINT('',(0.00989477406035719,0.00367111417431262,0.0878959674991025));
#229=CARTESIAN_POINT('',(0.00949947747081368,0.00468279964991151,0.0906950570915419));
#230=CARTESIAN_POINT('',(0.00864305952741898,0.00783278406870731,0.0968187727360007));
#231=CARTESIAN_POINT('',(0.00822471681072534,0.01024958548863,0.099816669562232));
#232=CARTESIAN_POINT('',(0.00771952132458108,0.0156918753809222,0.10480492869722));
#233=CARTESIAN_POINT('',(0.00763413761958676,0.0187099235031568,0.106806233816513));
#234=CARTESIAN_POINT('',(0.00783168014891856,0.0249892006809355,0.110315458492622));
#235=CARTESIAN_POINT('',(0.00811403194669873,0.028256534547887,0.111831985011984));
#236=CARTESIAN_POINT('',(0.00893385409475408,0.0348640608524334,0.114877127172128));
#237=CARTESIAN_POINT('',(0.00946894047285383,0.0382083526119219,0.116408064381019));
#238=CARTESIAN_POINT('',(0.0100230359787367,0.0415031260782053,0.118113373889415));
#239=CARTESIAN_POINT('',(0.00886398874578069,0.0094156747718941,0.0065));
#240=CARTESIAN_POINT('',(0.00915390455236608,0.0087092829419211,0.0148686769468484));
#241=CARTESIAN_POINT('',(0.00965110756470276,0.00785563076338623,0.0232060609043191));
#242=CARTESIAN_POINT('',(0.0106857434612626,0.00606434271059393,0.0393543322298891));
#243=CARTESIAN_POINT('',(0.011211249380092,0.00512520353599178,0.0471653495185272));
#244=CARTESIAN_POINT('',(0.0118829833374384,0.00373528151906032,0.061967151936589));
#245=CARTESIAN_POINT('',(0.0120214678330396,0.0032902301493843,0.0689651321497328));
#246=CARTESIAN_POINT('',(0.0118549220372416,0.00364955086105709,0.0786840015660058));
#247=CARTESIAN_POINT('',(0.0117401611057142,0.00394231057399133,0.0817939655915725));
#248=CARTESIAN_POINT('',(0.0114157458904291,0.00499204176745472,0.0877045844543084));
#249=CARTESIAN_POINT('',(0.0112063325573123,0.00574990444854113,0.0905061004513971));
#250=CARTESIAN_POINT('',(0.0106397265927135,0.00826425921522076,0.0967776222726772));
#251=CARTESIAN_POINT('',(0.0102576455545691,0.0103043174014793,0.100006596406749));
#252=CARTESIAN_POINT('',(0.00954397326748281,0.0151931815340277,0.105575997190175));
#253=CARTESIAN_POINT('',(0.00921445731534457,0.0180324767282736,0.107915206156133));
#254=CARTESIAN_POINT('',(0.00874082393297012,0.0241351678291695,0.111937262917195));
#255=CARTESIAN_POINT('',(0.00859808378721566,0.0273984869731296,0.113625677619925));
#256=CARTESIAN_POINT('',(0.00855739856609925,0.0340902484832152,0.116733839494728));
#257=CARTESIAN_POINT('',(0.00865957179957223,0.0375214919235608,0.118156892177803));
#258=CARTESIAN_POINT('',(0.00886398874578069,0.0409347217555187,0.119640962197084));
#259=CARTESIAN_POINT('',(0.00770494151282461,0.00778576388114673,0.00649999999999999));
#260=CARTESIAN_POINT('',(0.00749892318305824,0.00743203617025946,0.0149167080936882));
#261=CARTESIAN_POINT('',(0.0076804878826908,0.00716779547957707,0.0233484240899057));
#262=CARTESIAN_POINT('',(0.00868208313435052,0.00659558644115188,0.0396369131537062));
#263=CARTESIAN_POINT('',(0.0094905676037653,0.00627347593031532,0.0474857994589936));
#264=CARTESIAN_POINT('',(0.0111142016339558,0.00566772587518072,0.0622050530382363));
#265=CARTESIAN_POINT('',(0.0119106344400211,0.00537909472124022,0.0690766328764653));
#266=CARTESIAN_POINT('',(0.0126324811685692,0.00551684234760291,0.0786088868889247));
#267=CARTESIAN_POINT('',(0.0127963123416937,0.00566319674376303,0.0816600707026324));
#268=CARTESIAN_POINT('',(0.0129367177205009,0.00631296936059682,0.087513201409514));
#269=CARTESIAN_POINT('',(0.0129131876438109,0.00681700924717075,0.0903171438112522));
#270=CARTESIAN_POINT('',(0.012636393658008,0.00869573436173421,0.0967364718093535));
#271=CARTESIAN_POINT('',(0.0122905742984128,0.0103590493143286,0.100196523251266));
#272=CARTESIAN_POINT('',(0.0113684252103845,0.0146944876871332,0.106347065683129));
#273=CARTESIAN_POINT('',(0.0107947770111024,0.0173550299533905,0.109024178495753));
#274=CARTESIAN_POINT('',(0.00964996771702168,0.0232811349774035,0.113559067341768));
#275=CARTESIAN_POINT('',(0.00908213562773257,0.0265404393983721,0.115419370227866));
#276=CARTESIAN_POINT('',(0.00818094303744439,0.0333164361139968,0.118590551817329));
#277=CARTESIAN_POINT('',(0.00785020312629063,0.0368346312351997,0.119905719974586));
#278=CARTESIAN_POINT('',(0.00770494151282461,0.0403663174328321,0.121168550504753));
#279=CARTESIAN_POINT('',(0.0105572855716325,0.00575743122347361,0.00649999999999999));
#280=CARTESIAN_POINT('',(0.00973410503346154,0.00453581877397075,0.0147985063911079));
#281=CARTESIAN_POINT('',(0.00887599416258676,0.00371204445201724,0.0231776944323071));
#282=CARTESIAN_POINT('',(0.00773598410510161,0.00306002868099939,0.0395639268738262));
#283=CARTESIAN_POINT('',(0.00746722660516088,0.00322039300783311,0.0475624361285377));
#284=CARTESIAN_POINT('',(0.00773455439690452,0.0042862888059896,0.0625062398311927));
#285=CARTESIAN_POINT('',(0.00826755801594697,0.00517463834682556,0.0694371972487536));
#286=CARTESIAN_POINT('',(0.00936509889449152,0.00688291906701987,0.0786895168980352));
#287=CARTESIAN_POINT('',(0.00977611356292502,0.00751651408941835,0.0815860549011522));
#288=CARTESIAN_POINT('',(0.0106039624820796,0.008932718518793,0.0870062186378708));
#289=CARTESIAN_POINT('',(0.0110201818702431,0.00971395156636228,0.0895301295270493));
#290=CARTESIAN_POINT('',(0.0119257383354344,0.0118815798191072,0.0952259416046506));
#291=CARTESIAN_POINT('',(0.0123716366244521,0.0134125719161749,0.098308955782165));
#292=CARTESIAN_POINT('',(0.012918618572137,0.0171456199197201,0.10422991343235));
#293=CARTESIAN_POINT('',(0.0130181116549953,0.019355295014259,0.107055958301728));
#294=CARTESIAN_POINT('',(0.0128296213087844,0.0243962993338135,0.112348951859481));
#295=CARTESIAN_POINT('',(0.0125421859931383,0.0272209088906244,0.114807017115216));
#296=CARTESIAN_POINT('',(0.0116949948261552,0.0332343503610204,0.119264840739628));
#297=CARTESIAN_POINT('',(0.0111377025339865,0.0364187977869717,0.121262261122867));
#298=CARTESIAN_POINT('',(0.0105572855716325,0.0396589701434725,0.123069548448576));
#299=CARTESIAN_POINT('',(0.0117163328045886,0.00738734211422098,0.0065));
#300=CARTESIAN_POINT('',(0.0113890864027657,0.00581306554563057,0.0147504752442681));
#301=CARTESIAN_POINT('',(0.0108466138445987,0.00439987973582995,0.0230353312467134));
#302=CARTESIAN_POINT('',(0.0097396444320137,0.0025287849504379,0.0392813459500162));
#303=CARTESIAN_POINT('',(0.00918790838149085,0.0020721206134998,0.0472419861880713));
#304=CARTESIAN_POINT('',(0.00850333610038393,0.00235384444987896,0.0622683387295454));
#305=CARTESIAN_POINT('',(0.00837839140897112,0.00308577377497245,0.0693256965219985));
#306=CARTESIAN_POINT('',(0.0085875397631611,0.00501562758047264,0.0787646315751277));
#307=CARTESIAN_POINT('',(0.00871996232694818,0.00579562791964601,0.0817199497900821));
#308=CARTESIAN_POINT('',(0.00908299065200515,0.00761179092565155,0.0871976016826754));
#309=CARTESIAN_POINT('',(0.00931332678374917,0.00864684676773267,0.0897190861671942));
#310=CARTESIAN_POINT('',(0.00992907127013322,0.0114501046725938,0.0952670920679743));
#311=CARTESIAN_POINT('',(0.0103387078806068,0.0133578400033241,0.0981190289376482));
#312=CARTESIAN_POINT('',(0.0110941666292368,0.0176443137666161,0.103458844939395));
#313=CARTESIAN_POINT('',(0.011437791959236,0.0200327417891453,0.105946985962083));
#314=CARTESIAN_POINT('',(0.0119204775247344,0.0252503321855764,0.110727147434933));
#315=CARTESIAN_POINT('',(0.0120581341526198,0.0280789564653754,0.113013324507262));
#316=CARTESIAN_POINT('',(0.0120714503548117,0.0340081627302451,0.117408128417041));
#317=CARTESIAN_POINT('',(0.0119470712072559,0.0371056584753394,0.11951343332607));
#318=CARTESIAN_POINT('',(0.0117163328045886,0.0402273744661591,0.121541960140907));
#319=CARTESIAN_POINT('',(0.0102901607751846,0.00840150844305754,0.0065));
#320=CARTESIAN_POINT('',(0.0117163328045886,0.00738734211422098,0.0065));
#321=CARTESIAN_POINT('',(0.0102901607751846,0.0405810481108389,0.120591461168996));
#322=CARTESIAN_POINT('',(0.0117163328045886,0.0402273744661591,0.121541960140907));
#323=CARTESIAN_POINT('',(0.00986407405824999,0.0389395456910441,0.118369406811624));
#324=CARTESIAN_POINT('',(0.00971267040303665,0.0385631651647063,0.118176436784101));
#325=CARTESIAN_POINT('',(0.00985951527837109,0.0381652028293415,0.117981659382287));
#326=CARTESIAN_POINT('',(0.0103128732240946,0.0380015114608435,0.117991449775197));
#327=CARTESIAN_POINT('',(0.0106543616625307,0.0381922531574262,0.1182392720281));
#328=CARTESIAN_POINT('',(0.0108084324894303,0.0385096224175836,0.118503428211302));
#329=CARTESIAN_POINT('',(0.010680457990053,0.038941476456849,0.118657811336487));
#330=CARTESIAN_POINT('',(0.01024629816507,0.0391190140712915,0.118546256961352));
#331=CARTESIAN_POINT('',(0.00986407405824999,0.0389395456910441,0.118369406811624));
#332=CARTESIAN_POINT('',(0.00971267040303665,0.0385631651647063,0.118176436784101));
#333=CARTESIAN_POINT('',(0.00985951527837109,0.0381652028293415,0.117981659382287));
#334=CARTESIAN_POINT('',(0.00976237849146164,0.0385595681965351,0.118176135555052));
#335=CARTESIAN_POINT('',(0.00783437630161643,0.0143534895032644,0.));
#336=CARTESIAN_POINT('',(0.0075915845445328,0.0146743912767424,0.00217966683848901));
#337=CARTESIAN_POINT('',(0.00734879278744916,0.0149952930502205,0.00435933367697802));
#338=CARTESIAN_POINT('',(0.00710600103036553,0.0153161948236985,0.00653900051546703));
#339=CARTESIAN_POINT('',(0.00715369537836795,0.0138384916720663,0.));
#340=CARTESIAN_POINT('',(0.00697241346871594,0.0142059312734637,0.00217966683848901));
#341=CARTESIAN_POINT('',(0.00679113155906393,0.014573370874861,0.00435933367697802));
#342=CARTESIAN_POINT('',(0.00660984964941192,0.0149408104762583,0.00653900051546703));
#343=CARTESIAN_POINT('',(0.00632867138734627,0.0135258231344969,0.));
#344=CARTESIAN_POINT('',(0.00619841598557439,0.0139079971687729,0.00217966683848901));
#345=CARTESIAN_POINT('',(0.0060681605838025,0.014290171203049,0.00435933367697802));
#346=CARTESIAN_POINT('',(0.00593790518203061,0.014672345237325,0.00653900051546703));
#347=CARTESIAN_POINT('',(0.00472524748776923,0.0131224688217401,0.));
#348=CARTESIAN_POINT('',(0.00465916585499249,0.0135207785547399,0.00217966683848901));
#349=CARTESIAN_POINT('',(0.00459308422221575,0.0139190882877396,0.00435933367697802));
#350=CARTESIAN_POINT('',(0.00452700258943902,0.0143173980207394,0.00653900051546703));
#351=CARTESIAN_POINT('',(0.0039468475792139,0.0130317830465527,0.));
#352=CARTESIAN_POINT('',(0.0039000758638477,0.0134314585467826,0.00217966683848901));
#353=CARTESIAN_POINT('',(0.00385330414848151,0.0138311340470126,0.00435933367697802));
#354=CARTESIAN_POINT('',(0.00380653243311532,0.0142308095472426,0.00653900051546703));
#355=CARTESIAN_POINT('',(0.00306569844174041,0.0129252345869019,0.));
#356=CARTESIAN_POINT('',(0.00301662486093052,0.0133246318885102,0.00217966683848901));
#357=CARTESIAN_POINT('',(0.00296755128012063,0.0137240291901184,0.00435933367697802));
#358=CARTESIAN_POINT('',(0.00291847769931074,0.0141234264917267,0.00653900051546703));
#359=CARTESIAN_POINT('',(0.0028197238501425,0.0128946318008732,0.));
#360=CARTESIAN_POINT('',(0.00276694463569104,0.0132947169316758,0.00217966683848901));
#361=CARTESIAN_POINT('',(0.00271416542123957,0.0136948020624784,0.00435933367697802));
#362=CARTESIAN_POINT('',(0.00266138620678811,0.014094887193281,0.00653900051546703));
#363=CARTESIAN_POINT('',(0.0025538099770242,0.0128389718140309,0.));
#364=CARTESIAN_POINT('',(0.00245653652311423,0.0132297257150637,0.00217966683848901));
#365=CARTESIAN_POINT('',(0.00235926306920427,0.0136204796160965,0.00435933367697802));
#366=CARTESIAN_POINT('',(0.0022619896152943,0.0140112335171293,0.00653900051546703));
#367=CARTESIAN_POINT('',(0.00248234668836454,0.0128187925171168,0.));
#368=CARTESIAN_POINT('',(0.0023644330775693,0.0132069296251707,0.00217966683848901));
#369=CARTESIAN_POINT('',(0.00224651946677406,0.0135950667332245,0.00435933367697802));
#370=CARTESIAN_POINT('',(0.00212860585597882,0.0139832038412784,0.00653900051546703));
#371=CARTESIAN_POINT('',(0.00240484317556203,0.0127839438874731,0.));
#372=CARTESIAN_POINT('',(0.00221626895750327,0.0131403854694719,0.00217966683848901));
#373=CARTESIAN_POINT('',(0.00202769473944452,0.0134968270514708,0.00435933367697802));
#374=CARTESIAN_POINT('',(0.00183912052138577,0.0138532686334696,0.00653900051546703));
#375=CARTESIAN_POINT('',(0.00238395724132568,0.0127715643968798,0.));
#376=CARTESIAN_POINT('',(0.00216392746395439,0.0131128046432258,0.00217966683848901));
#377=CARTESIAN_POINT('',(0.00194389768658309,0.0134540448895719,0.00435933367697802));
#378=CARTESIAN_POINT('',(0.00172386790921179,0.013795285135918,0.00653900051546703));
#379=CARTESIAN_POINT('',(0.0023527374156849,0.0127449220655484,0.));
#380=CARTESIAN_POINT('',(0.00205033992515214,0.0130158687937997,0.00217966683848901));
#381=CARTESIAN_POINT('',(0.00174794243461937,0.013286815522051,0.00435933367697802));
#382=CARTESIAN_POINT('',(0.00144554494408661,0.0135577622503024,0.00653900051546703));
#383=CARTESIAN_POINT('',(0.00234240352428044,0.0127306592248104,0.));
#384=CARTESIAN_POINT('',(0.00198561130835985,0.0129394990662051,0.00217966683848901));
#385=CARTESIAN_POINT('',(0.00162881909243926,0.0131483389075998,0.00435933367697802));
#386=CARTESIAN_POINT('',(0.00127202687651868,0.0133571787489945,0.00653900051546703));
#387=CARTESIAN_POINT('',(0.00233294268707298,0.0126998934044692,0.));
#388=CARTESIAN_POINT('',(0.00192048476745739,0.0127276066672477,0.00217966683848901));
#389=CARTESIAN_POINT('',(0.0015080268478418,0.0127553199300262,0.00435933367697802));
#390=CARTESIAN_POINT('',(0.00109556892822621,0.0127830331928047,0.00653900051546703));
#391=CARTESIAN_POINT('',(0.0023338599322641,0.0126833814421845,0.));
#392=CARTESIAN_POINT('',(0.00193312943561334,0.012605302853752,0.00217966683848901));
#393=CARTESIAN_POINT('',(0.00153239893896257,0.0125272242653195,0.00435933367697802));
#394=CARTESIAN_POINT('',(0.00113166844231181,0.012449145676887,0.00653900051546703));
#395=CARTESIAN_POINT('',(0.00234734539212848,0.0126478034552771,0.));
#396=CARTESIAN_POINT('',(0.0019955222351984,0.0124406345360982,0.00217966683848901));
#397=CARTESIAN_POINT('',(0.00164369907826832,0.0122334656169193,0.00435933367697802));
#398=CARTESIAN_POINT('',(0.00129187592133824,0.0120262966977404,0.00653900051546703));
#399=CARTESIAN_POINT('',(0.00235979912056512,0.0126287607022153,0.));
#400=CARTESIAN_POINT('',(0.00203601198695559,0.012387843426833,0.00217966683848901));
#401=CARTESIAN_POINT('',(0.00171222485334605,0.0121469261514508,0.00435933367697802));
#402=CARTESIAN_POINT('',(0.00138843771973651,0.0119060088760685,0.00653900051546703));
#403=CARTESIAN_POINT('',(0.00241290658473571,0.0125678175409777,0.));
#404=CARTESIAN_POINT('',(0.00215036013550189,0.0122565491026889,0.00217966683848901));
#405=CARTESIAN_POINT('',(0.00188781368626807,0.0119452806644002,0.00435933367697802));
#406=CARTESIAN_POINT('',(0.00162526723703425,0.0116340122261114,0.00653900051546703));
#407=CARTESIAN_POINT('',(0.00246930659933027,0.0125221022307499,0.));
#408=CARTESIAN_POINT('',(0.00222685772286157,0.0122005133019553,0.00217966683848901));
#409=CARTESIAN_POINT('',(0.00198440884639287,0.0118789243731607,0.00435933367697802));
#410=CARTESIAN_POINT('',(0.00174195996992417,0.0115573354443661,0.00653900051546703));
#411=CARTESIAN_POINT('',(0.00269039802533498,0.0123692677060395,0.));
#412=CARTESIAN_POINT('',(0.00248884020970011,0.0120194144351449,0.00217966683848901));
#413=CARTESIAN_POINT('',(0.00228728239406523,0.0116695611642502,0.00435933367697802));
#414=CARTESIAN_POINT('',(0.00208572457843036,0.0113197078933555,0.00653900051546703));
#415=CARTESIAN_POINT('',(0.00290698081896606,0.0122464598975295,0.));
#416=CARTESIAN_POINT('',(0.00270867739810681,0.0118963141489264,0.00217966683848901));
#417=CARTESIAN_POINT('',(0.00251037397724756,0.0115461684003233,0.00435933367697802));
#418=CARTESIAN_POINT('',(0.00231207055638831,0.0111960226517201,0.00653900051546703));
#419=CARTESIAN_POINT('',(0.00367554486297054,0.0118118502093363,0.));
#420=CARTESIAN_POINT('',(0.00347792884015515,0.0114613176218229,0.00217966683848901));
#421=CARTESIAN_POINT('',(0.00328031281733976,0.0111107850343094,0.00435933367697802));
#422=CARTESIAN_POINT('',(0.00308269679452438,0.010760252446796,0.00653900051546703));
#423=CARTESIAN_POINT('',(0.00434634177645504,0.0114338620669896,0.));
#424=CARTESIAN_POINT('',(0.00412894536703317,0.0110923854843681,0.00217966683848901));
#425=CARTESIAN_POINT('',(0.0039115489576113,0.0107509089017467,0.00435933367697802));
#426=CARTESIAN_POINT('',(0.00369415254818943,0.0104094323191252,0.00653900051546703));
#427=CARTESIAN_POINT('',(0.00553144475426584,0.010483085686903,0.));
#428=CARTESIAN_POINT('',(0.00524521690667724,0.0101968157045262,0.00217966683848901));
#429=CARTESIAN_POINT('',(0.00495898905908865,0.00991054572214946,0.00435933367697802));
#430=CARTESIAN_POINT('',(0.00467276121150005,0.00962427573977269,0.00653900051546703));
#431=CARTESIAN_POINT('',(0.00604575081859213,0.00991029744916328,0.));
#432=CARTESIAN_POINT('',(0.00569507583372029,0.00967624622424501,0.00217966683848901));
#433=CARTESIAN_POINT('',(0.00534440084884846,0.00944219499932674,0.00435933367697802));
#434=CARTESIAN_POINT('',(0.00499372586397662,0.00920814377440846,0.00653900051546703));
#435=CARTESIAN_POINT('',(0.00634484231512189,0.00889128747479099,0.));
#436=CARTESIAN_POINT('',(0.00594101185669742,0.00883832043406576,0.00217966683848901));
#437=CARTESIAN_POINT('',(0.00553718139827296,0.00878535339334053,0.00435933367697802));
#438=CARTESIAN_POINT('',(0.00513335093984849,0.00873238635261531,0.00653900051546703));
#439=CARTESIAN_POINT('',(0.00636052196521153,0.00852330313167657,0.));
#440=CARTESIAN_POINT('',(0.00595601288634844,0.00853126883664123,0.00217966683848901));
#441=CARTESIAN_POINT('',(0.00555150380748534,0.00853923454160589,0.00435933367697802));
#442=CARTESIAN_POINT('',(0.00514699472862225,0.00854720024657056,0.00653900051546703));
#443=CARTESIAN_POINT('',(0.00626564220746918,0.00776041565182836,0.));
#444=CARTESIAN_POINT('',(0.00587150414443925,0.007851777107613,0.00217966683848901));
#445=CARTESIAN_POINT('',(0.00547736608140932,0.00794313856339763,0.00435933367697802));
#446=CARTESIAN_POINT('',(0.00508322801837939,0.00803450001918227,0.00653900051546703));
#447=CARTESIAN_POINT('',(0.00615589116815919,0.00736576870951334,0.));
#448=CARTESIAN_POINT('',(0.00577115767128646,0.00748610114379519,0.00217966683848901));
#449=CARTESIAN_POINT('',(0.00538642417441373,0.00760643357807703,0.00435933367697802));
#450=CARTESIAN_POINT('',(0.005001690677541,0.00772676601235888,0.00653900051546703));
#451=CARTESIAN_POINT('',(0.00571004445630963,0.00618920634671828,0.));
#452=CARTESIAN_POINT('',(0.00535064382809556,0.00637631473801702,0.00217966683848901));
#453=CARTESIAN_POINT('',(0.0049912431998815,0.00656342312931577,0.00435933367697802));
#454=CARTESIAN_POINT('',(0.00463184257166743,0.00675053152061451,0.00653900051546703));
#455=CARTESIAN_POINT('',(0.00525735518985044,0.00541466939038835,0.));
#456=CARTESIAN_POINT('',(0.00491202625886447,0.00562191406964192,0.00217966683848901));
#457=CARTESIAN_POINT('',(0.0045666973278785,0.0058291587488955,0.00435933367697802));
#458=CARTESIAN_POINT('',(0.00422136839689253,0.00603640342814907,0.00653900051546703));
#459=CARTESIAN_POINT('',(0.0046264936519094,0.00445557316948527,0.));
#460=CARTESIAN_POINT('',(0.00429487067772356,0.00468365430530402,0.00217966683848901));
#461=CARTESIAN_POINT('',(0.00396324770353771,0.00491173544112277,0.00435933367697802));
#462=CARTESIAN_POINT('',(0.00363162472935187,0.00513981657694152,0.00653900051546703));
#463=CARTESIAN_POINT('',(0.00442423519955367,0.00416965929811621,0.));
#464=CARTESIAN_POINT('',(0.00409617010776488,0.00440270237448453,0.00217966683848901));
#465=CARTESIAN_POINT('',(0.00376810501597609,0.00463574545085285,0.00435933367697802));
#466=CARTESIAN_POINT('',(0.0034400399241873,0.00486878852722117,0.00653900051546703));
#467=CARTESIAN_POINT('',(0.00408266900702265,0.00369672667412399,0.));
#468=CARTESIAN_POINT('',(0.00375830185452911,0.00393488982515204,0.00217966683848901));
#469=CARTESIAN_POINT('',(0.00343393470203557,0.00417305297618009,0.00435933367697802));
#470=CARTESIAN_POINT('',(0.00310956754954203,0.00441121612720814,0.00653900051546703));
#471=CARTESIAN_POINT('',(0.00394336126684735,0.00350970792150083,0.));
#472=CARTESIAN_POINT('',(0.00362084155728883,0.00375079454424809,0.00217966683848901));
#473=CARTESIAN_POINT('',(0.0032983218477303,0.00399188116699535,0.00435933367697802));
#474=CARTESIAN_POINT('',(0.00297580213817177,0.00423296778974261,0.00653900051546703));
#475=CARTESIAN_POINT('',(0.00383787907315631,0.00335732229298929,0.));
#476=CARTESIAN_POINT('',(0.00350492654640506,0.00358333475058163,0.00217966683848901));
#477=CARTESIAN_POINT('',(0.00317197401965382,0.00380934720817396,0.00435933367697802));
#478=CARTESIAN_POINT('',(0.00283902149290258,0.0040353596657663,0.00653900051546703));
#479=CARTESIAN_POINT('',(0.0038202152584945,0.00333091455790035,0.));
#480=CARTESIAN_POINT('',(0.00348442653824545,0.00355286503210922,0.00217966683848901));
#481=CARTESIAN_POINT('',(0.00314863781799641,0.00377481550631809,0.00435933367697802));
#482=CARTESIAN_POINT('',(0.00281284909774737,0.00399676598052696,0.00653900051546703));
#483=CARTESIAN_POINT('',(0.00379248558448408,0.00328672732802549,0.));
#484=CARTESIAN_POINT('',(0.0034465874660484,0.00349256908852925,0.00217966683848901));
#485=CARTESIAN_POINT('',(0.00310068934761273,0.00369841084903302,0.00435933367697802));
#486=CARTESIAN_POINT('',(0.00275479122917705,0.00390425260953679,0.00653900051546703));
#487=CARTESIAN_POINT('',(0.00378241972513547,0.00326894783323956,0.));
#488=CARTESIAN_POINT('',(0.00342965126445365,0.003465905975843,0.00217966683848901));
#489=CARTESIAN_POINT('',(0.00307688280377183,0.00366286411844643,0.00435933367697802));
#490=CARTESIAN_POINT('',(0.00272411434309,0.00385982226104986,0.00653900051546703));
#491=CARTESIAN_POINT('',(0.00377356893296771,0.00324911686559517,0.));
#492=CARTESIAN_POINT('',(0.0033987591098902,0.00339664212945169,0.00217966683848901));
#493=CARTESIAN_POINT('',(0.00302394928681269,0.00354416739330822,0.00435933367697802));
#494=CARTESIAN_POINT('',(0.00264913946373518,0.00369169265716474,0.00653900051546703));
#495=CARTESIAN_POINT('',(0.003771660001721,0.00324364625546945,0.));
#496=CARTESIAN_POINT('',(0.00338620290422789,0.00337026887530831,0.00217966683848901));
#497=CARTESIAN_POINT('',(0.00300074580673478,0.00349689149514716,0.00435933367697802));
#498=CARTESIAN_POINT('',(0.00261528870924167,0.00362351411498602,0.00653900051546703));
#499=CARTESIAN_POINT('',(0.003770427295361,0.00323719579570288,0.));
#500=CARTESIAN_POINT('',(0.00337028472341936,0.00328718431673832,0.00217966683848901));
#501=CARTESIAN_POINT('',(0.00297014215147772,0.00333717283777375,0.00435933367697802));
#502=CARTESIAN_POINT('',(0.00256999957953608,0.00338716135880918,0.00653900051546703));
#503=CARTESIAN_POINT('',(0.00377028934668512,0.00323533954350027,0.));
#504=CARTESIAN_POINT('',(0.00336507080410213,0.00325126406442403,0.00217966683848901));
#505=CARTESIAN_POINT('',(0.00295985226151915,0.00326718858534779,0.00435933367697802));
#506=CARTESIAN_POINT('',(0.00255463371893616,0.00328311310627155,0.00653900051546703));
#507=CARTESIAN_POINT('',(0.00377055648907654,0.00323220629837501,0.));
#508=CARTESIAN_POINT('',(0.00337388431135509,0.00314791208529141,0.00217966683848901));
#509=CARTESIAN_POINT('',(0.00297721213363364,0.0030636178722078,0.00435933367697802));
#510=CARTESIAN_POINT('',(0.00258053995591219,0.0029793236591242,0.00653900051546703));
#511=CARTESIAN_POINT('',(0.00377096120327042,0.00323092887921976,0.));
#512=CARTESIAN_POINT('',(0.00339000264433812,0.00307580155296355,0.00217966683848901));
#513=CARTESIAN_POINT('',(0.00300904408540582,0.00292067422670734,0.00435933367697802));
#514=CARTESIAN_POINT('',(0.00262808552647353,0.00276554690045113,0.00653900051546703));
#515=CARTESIAN_POINT('',(0.0037723075468272,0.00322894107330803,0.));
#516=CARTESIAN_POINT('',(0.00348692057057676,0.00293275169274027,0.00217966683848901));
#517=CARTESIAN_POINT('',(0.00320153359432632,0.0026365623121725,0.00435933367697802));
#518=CARTESIAN_POINT('',(0.00291614661807589,0.00234037293160473,0.00653900051546703));
#519=CARTESIAN_POINT('',(0.00377324917619009,0.00322823068655159,0.));
#520=CARTESIAN_POINT('',(0.003568379500984,0.00287419186310237,0.00217966683848901));
#521=CARTESIAN_POINT('',(0.00336350982577791,0.00252015303965314,0.00435933367697802));
#522=CARTESIAN_POINT('',(0.00315864015057182,0.00216611421620391,0.00653900051546703));
#523=CARTESIAN_POINT('',(0.00377566397925759,0.0032273655710216,0.));
#524=CARTESIAN_POINT('',(0.00370910286759004,0.00282375772876605,0.00217966683848901));
#525=CARTESIAN_POINT('',(0.00364254175592248,0.00242014988651051,0.00435933367697802));
#526=CARTESIAN_POINT('',(0.00357598064425492,0.00201654204425497,0.00653900051546703));
#527=CARTESIAN_POINT('',(0.00377713715296219,0.00322721084224804,0.));
#528=CARTESIAN_POINT('',(0.00376525056009045,0.00282310939474677,0.00217966683848901));
#529=CARTESIAN_POINT('',(0.00375336396721871,0.00241900794724549,0.00435933367697802));
#530=CARTESIAN_POINT('',(0.00374147737434696,0.00201490649974422,0.00653900051546703));
#531=CARTESIAN_POINT('',(0.00378234593434756,0.00322756308127785,0.));
#532=CARTESIAN_POINT('',(0.00388756888832318,0.00283131672246485,0.00217966683848901));
#533=CARTESIAN_POINT('',(0.0039927918422988,0.00243507036365185,0.00435933367697802));
#534=CARTESIAN_POINT('',(0.00409801479627443,0.00203882400483885,0.00653900051546703));
#535=CARTESIAN_POINT('',(0.0037868708022999,0.00322888647443167,0.));
#536=CARTESIAN_POINT('',(0.00392185445356143,0.00284899750880686,0.00217966683848901));
#537=CARTESIAN_POINT('',(0.00405683810482295,0.00246910854318205,0.00435933367697802));
#538=CARTESIAN_POINT('',(0.00419182175608448,0.00208921957755725,0.00653900051546703));
#539=CARTESIAN_POINT('',(0.00380353799731533,0.00323598586230394,0.));
#540=CARTESIAN_POINT('',(0.0040066490321369,0.00288512030597658,0.00217966683848901));
#541=CARTESIAN_POINT('',(0.00420976006695847,0.00253425474964921,0.00435933367697802));
#542=CARTESIAN_POINT('',(0.00441287110178005,0.00218338919332185,0.00653900051546703));
#543=CARTESIAN_POINT('',(0.00381877291553688,0.00324489106543318,0.));
#544=CARTESIAN_POINT('',(0.00403141105398646,0.00290306451594438,0.00217966683848901));
#545=CARTESIAN_POINT('',(0.00424404919243605,0.00256123796645558,0.00435933367697802));
#546=CARTESIAN_POINT('',(0.00445668733088563,0.00221941141696678,0.00653900051546703));
#547=CARTESIAN_POINT('',(0.00385714592878727,0.00327031806483488,0.));
#548=CARTESIAN_POINT('',(0.004089052597336,0.00294126231713047,0.00217966683848901));
#549=CARTESIAN_POINT('',(0.00432095926588473,0.00261220656942607,0.00435933367697802));
#550=CARTESIAN_POINT('',(0.00455286593443346,0.00228315082172166,0.00653900051546703));
#551=CARTESIAN_POINT('',(0.00388028402381614,0.00328683986110734,0.));
#552=CARTESIAN_POINT('',(0.00411670186275708,0.00296118807858034,0.00217966683848901));
#553=CARTESIAN_POINT('',(0.00435311970169803,0.00263553629605335,0.00435933367697802));
#554=CARTESIAN_POINT('',(0.00458953754063897,0.00230988451352635,0.00653900051546703));
#555=CARTESIAN_POINT('',(0.00396103747469095,0.0033467381957112,0.));
#556=CARTESIAN_POINT('',(0.00420738809902856,0.00302845260423458,0.00217966683848901));
#557=CARTESIAN_POINT('',(0.00445373872336617,0.00271016701275796,0.00435933367697802));
#558=CARTESIAN_POINT('',(0.00470008934770378,0.00239188142128134,0.00653900051546703));
#559=CARTESIAN_POINT('',(0.00402999199632516,0.00340044767982905,0.));
#560=CARTESIAN_POINT('',(0.00427743605213286,0.00308311928946638,0.00217966683848901));
#561=CARTESIAN_POINT('',(0.00452488010794057,0.00276579089910371,0.00435933367697802));
#562=CARTESIAN_POINT('',(0.00477232416374828,0.00244846250874104,0.00653900051546703));
#563=CARTESIAN_POINT('',(0.00444348438411446,0.00372332215328309,0.));
#564=CARTESIAN_POINT('',(0.00469198760837462,0.0034068208932149,0.00217966683848901));
#565=CARTESIAN_POINT('',(0.00494049083263477,0.00309031963314671,0.00435933367697802));
#566=CARTESIAN_POINT('',(0.00518899405689493,0.00277381837307853,0.00653900051546703));
#567=CARTESIAN_POINT('',(0.00499418158912442,0.00415546830121372,0.));
#568=CARTESIAN_POINT('',(0.00522766137149806,0.00382664692166784,0.00217966683848901));
#569=CARTESIAN_POINT('',(0.0054611411538717,0.00349782554212196,0.00435933367697802));
#570=CARTESIAN_POINT('',(0.00569462093624535,0.00316900416257608,0.00653900051546703));
#571=CARTESIAN_POINT('',(0.00635939131907034,0.0049947368745258,0.));
#572=CARTESIAN_POINT('',(0.00654739169473478,0.00463795077271183,0.00217966683848901));
#573=CARTESIAN_POINT('',(0.00673539207039923,0.00428116467089786,0.00435933367697802));
#574=CARTESIAN_POINT('',(0.00692339244606367,0.00392437856908389,0.00653900051546703));
#575=CARTESIAN_POINT('',(0.00717390384400632,0.00540185929990724,0.));
#576=CARTESIAN_POINT('',(0.00732886660810849,0.00502537038511551,0.00217966683848901));
#577=CARTESIAN_POINT('',(0.00748382937221067,0.00464888147032378,0.00435933367697802));
#578=CARTESIAN_POINT('',(0.00763879213631285,0.00427239255553206,0.00653900051546703));
#579=CARTESIAN_POINT('',(0.00846154066913151,0.00571423750040465,0.));
#580=CARTESIAN_POINT('',(0.00852636377326469,0.00531589654146944,0.00217966683848901));
#581=CARTESIAN_POINT('',(0.00859118687739786,0.00491755558253423,0.00435933367697802));
#582=CARTESIAN_POINT('',(0.00865600998153104,0.00451921462359902,0.00653900051546703));
#583=CARTESIAN_POINT('',(0.00890173095046011,0.00576864599430799,0.));
#584=CARTESIAN_POINT('',(0.00892901718969939,0.00536473557636526,0.00217966683848901));
#585=CARTESIAN_POINT('',(0.00895630342893866,0.00496082515842253,0.00435933367697802));
#586=CARTESIAN_POINT('',(0.00898358966817794,0.00455691474047981,0.00653900051546703));
#587=CARTESIAN_POINT('',(0.00978206861698715,0.00573143822864591,0.));
#588=CARTESIAN_POINT('',(0.00972079757509894,0.00533126645221713,0.00217966683848901));
#589=CARTESIAN_POINT('',(0.00965952653321074,0.00493109467578834,0.00435933367697802));
#590=CARTESIAN_POINT('',(0.00959825549132253,0.00453092289935956,0.00653900051546703));
#591=CARTESIAN_POINT('',(0.0102221174104241,0.00563834606844099,0.));
#592=CARTESIAN_POINT('',(0.0101226795760897,0.00524720435963012,0.00217966683848901));
#593=CARTESIAN_POINT('',(0.0100232417417554,0.00485606265081925,0.00435933367697802));
#594=CARTESIAN_POINT('',(0.00992380390742109,0.00446492094200837,0.00653900051546703));
#595=CARTESIAN_POINT('',(0.0115179363277174,0.00520091305483055,0.));
#596=CARTESIAN_POINT('',(0.0113307005983425,0.00483940887938148,0.00217966683848901));
#597=CARTESIAN_POINT('',(0.0111434648689675,0.0044779047039324,0.00435933367697802));
#598=CARTESIAN_POINT('',(0.0109562291395926,0.00411640052848333,0.00653900051546703));
#599=CARTESIAN_POINT('',(0.0123493933117902,0.00469863008461446,0.));
#600=CARTESIAN_POINT('',(0.0121321722875169,0.00435896543848051,0.00217966683848901));
#601=CARTESIAN_POINT('',(0.0119149512632436,0.00401930079234655,0.00435933367697802));
#602=CARTESIAN_POINT('',(0.0116977302389704,0.0036796361462126,0.00653900051546703));
#603=CARTESIAN_POINT('',(0.0138198108191452,0.00362365729478656,0.));
#604=CARTESIAN_POINT('',(0.0135620606179772,0.00331362549093852,0.00217966683848901));
#605=CARTESIAN_POINT('',(0.0133043104168092,0.00300359368709048,0.00435933367697802));
#606=CARTESIAN_POINT('',(0.0130465602156412,0.00269356188324244,0.00653900051546703));
#607=CARTESIAN_POINT('',(0.0144587713424276,0.00305096747517479,0.));
#608=CARTESIAN_POINT('',(0.0141900700211806,0.00275142305584676,0.00217966683848901));
#609=CARTESIAN_POINT('',(0.0139213686999336,0.00245187863651874,0.00435933367697802));
#610=CARTESIAN_POINT('',(0.0136526673786866,0.00215233421719072,0.00653900051546703));
#611=CARTESIAN_POINT('',(0.0151771008773501,0.00240231391337735,0.));
#612=CARTESIAN_POINT('',(0.0149069217487954,0.00210410323597094,0.00217966683848901));
#613=CARTESIAN_POINT('',(0.0146367426202408,0.00180589255856452,0.00435933367697802));
#614=CARTESIAN_POINT('',(0.0143665634916861,0.00150768188115811,0.00653900051546703));
#615=CARTESIAN_POINT('',(0.0153765255139907,0.00222115958738157,0.));
#616=CARTESIAN_POINT('',(0.0151069356301599,0.00192183435744528,0.00217966683848901));
#617=CARTESIAN_POINT('',(0.0148373457463291,0.00162250912750899,0.00435933367697802));
#618=CARTESIAN_POINT('',(0.0145677558624983,0.00132318389757271,0.00653900051546703));
#619=CARTESIAN_POINT('',(0.0156036672934004,0.00203492167837632,0.));
#620=CARTESIAN_POINT('',(0.015355754313624,0.00171782132982356,0.00217966683848901));
#621=CARTESIAN_POINT('',(0.0151078413338476,0.0014007209812708,0.00435933367697802));
#622=CARTESIAN_POINT('',(0.0148599283540712,0.00108362063271805,0.00653900051546703));
#623=CARTESIAN_POINT('',(0.015667382023945,0.00198709130537265,0.));
#624=CARTESIAN_POINT('',(0.0154283778648121,0.00166151365043414,0.00217966683848901));
#625=CARTESIAN_POINT('',(0.0151893737056791,0.00133593599549564,0.00435933367697802));
#626=CARTESIAN_POINT('',(0.0149503695465461,0.00101035834055713,0.00653900051546703));
#627=CARTESIAN_POINT('',(0.0157434594054928,0.00194083142687466,0.));
#628=CARTESIAN_POINT('',(0.0155493594047712,0.00158788121890116,0.00217966683848901));
#629=CARTESIAN_POINT('',(0.0153552594040495,0.00123493101092765,0.00435933367697802));
#630=CARTESIAN_POINT('',(0.0151611594033279,0.000881980802954147,0.00653900051546703));
#631=CARTESIAN_POINT('',(0.0157655694136305,0.00192965908087658,0.));
#632=CARTESIAN_POINT('',(0.0155912484801472,0.00156439523332954,0.00217966683848901));
#633=CARTESIAN_POINT('',(0.0154169275466639,0.00119913138578249,0.00435933367697802));
#634=CARTESIAN_POINT('',(0.0152426066131806,0.000833867538235448,0.00653900051546703));
#635=CARTESIAN_POINT('',(0.0158030418717527,0.00191649499688468,0.));
#636=CARTESIAN_POINT('',(0.0157106173922183,0.00152244993051698,0.00217966683848901));
#637=CARTESIAN_POINT('',(0.0156181929126839,0.00112840486414928,0.00435933367697802));
#638=CARTESIAN_POINT('',(0.0155257684331495,0.000734359797781573,0.00653900051546703));
#639=CARTESIAN_POINT('',(0.0158184043217372,0.00191450325889086,0.));
#640=CARTESIAN_POINT('',(0.0157953019666223,0.00149418128707688,0.00217966683848901));
#641=CARTESIAN_POINT('',(0.0157721996115075,0.00107385931526289,0.00435933367697802));
#642=CARTESIAN_POINT('',(0.0157490972563926,0.000653537343448909,0.00653900051546703));
#643=CARTESIAN_POINT('',(0.0158362003380511,0.0019189151436546,0.));
#644=CARTESIAN_POINT('',(0.0159929956221858,0.00154321166832072,0.00217966683848901));
#645=CARTESIAN_POINT('',(0.0161497909063205,0.00116750819298684,0.00435933367697802));
#646=CARTESIAN_POINT('',(0.0163065861904551,0.000791804717652967,0.00653900051546703));
#647=CARTESIAN_POINT('',(0.0158412555521901,0.00192162206178622,0.));
#648=CARTESIAN_POINT('',(0.0160677832138178,0.00158162922078599,0.00217966683848901));
#649=CARTESIAN_POINT('',(0.0162943108754455,0.00124163637978577,0.00435933367697802));
#650=CARTESIAN_POINT('',(0.0165208385370731,0.000901643538785541,0.00653900051546703));
#651=CARTESIAN_POINT('',(0.0158495956125741,0.00192957410372752,0.));
#652=CARTESIAN_POINT('',(0.0161784366482937,0.0016870991326357,0.00217966683848901));
#653=CARTESIAN_POINT('',(0.0165072776840132,0.00144462416154387,0.00435933367697802));
#654=CARTESIAN_POINT('',(0.0168361187197327,0.00120214919045205,0.00653900051546703));
#655=CARTESIAN_POINT('',(0.0158528878338524,0.00193480894603121,0.));
#656=CARTESIAN_POINT('',(0.0162122645474566,0.00174773205575858,0.00217966683848901));
#657=CARTESIAN_POINT('',(0.0165716412610609,0.00156065516548594,0.00435933367697802));
#658=CARTESIAN_POINT('',(0.0169310179746651,0.00137357827521331,0.00653900051546703));
#659=CARTESIAN_POINT('',(0.0158602470662496,0.00195419156674089,0.));
#660=CARTESIAN_POINT('',(0.0162700835896046,0.00189984004597812,0.00217966683848901));
#661=CARTESIAN_POINT('',(0.0166799201129596,0.00184548852521535,0.00435933367697802));
#662=CARTESIAN_POINT('',(0.0170897566363145,0.00179113700445258,0.00653900051546703));
#663=CARTESIAN_POINT('',(0.0158617966459308,0.00197201743894554,0.));
#664=CARTESIAN_POINT('',(0.0162654729843042,0.00196630866354866,0.00217966683848901));
#665=CARTESIAN_POINT('',(0.0166691493226775,0.00196059988815179,0.00435933367697802));
#666=CARTESIAN_POINT('',(0.0170728256610509,0.00195489111275491,0.00653900051546703));
#667=CARTESIAN_POINT('',(0.0158573036216496,0.00203942046915033,0.));
#668=CARTESIAN_POINT('',(0.0162544778885588,0.0021311306831763,0.00217966683848901));
#669=CARTESIAN_POINT('',(0.0166516521554679,0.00222284089720227,0.00435933367697802));
#670=CARTESIAN_POINT('',(0.0170488264223771,0.00231455111122824,0.00653900051546703));
#671=CARTESIAN_POINT('',(0.0158421192543627,0.00210292304074132,0.));
#672=CARTESIAN_POINT('',(0.0162304989587749,0.00220915577606449,0.00217966683848901));
#673=CARTESIAN_POINT('',(0.0166188786631872,0.00231538851138766,0.00435933367697802));
#674=CARTESIAN_POINT('',(0.0170072583675995,0.00242162124671084,0.00653900051546703));
#675=CARTESIAN_POINT('',(0.0157674227986122,0.00234283671704805,0.));
#676=CARTESIAN_POINT('',(0.016143289359259,0.00248923813573849,0.00217966683848901));
#677=CARTESIAN_POINT('',(0.0165191559199058,0.00263563955442892,0.00435933367697802));
#678=CARTESIAN_POINT('',(0.0168950224805526,0.00278204097311935,0.00653900051546703));
#679=CARTESIAN_POINT('',(0.0156787673562589,0.00256865378329758,0.));
#680=CARTESIAN_POINT('',(0.0160533786109411,0.00271559656739215,0.00217966683848901));
#681=CARTESIAN_POINT('',(0.0164279898656234,0.00286253935148671,0.00435933367697802));
#682=CARTESIAN_POINT('',(0.0168026011203057,0.00300948213558128,0.00653900051546703));
#683=CARTESIAN_POINT('',(0.0153556172089122,0.00339336328554432,0.));
#684=CARTESIAN_POINT('',(0.0157303885049438,0.00353989796574641,0.00217966683848901));
#685=CARTESIAN_POINT('',(0.0161051598009754,0.0036864326459485,0.00435933367697802));
#686=CARTESIAN_POINT('',(0.0164799310970071,0.00383296732615059,0.00653900051546703));
#687=CARTESIAN_POINT('',(0.0150639386836326,0.00413951402503968,0.));
#688=CARTESIAN_POINT('',(0.0154457899863927,0.004270080980577,0.00217966683848901));
#689=CARTESIAN_POINT('',(0.0158276412891529,0.00440064793611432,0.00435933367697802));
#690=CARTESIAN_POINT('',(0.016209492591913,0.00453121489165164,0.00653900051546703));
#691=CARTESIAN_POINT('',(0.0146448359537606,0.00575588808596189,0.));
#692=CARTESIAN_POINT('',(0.015042023605986,0.00582731481530496,0.00217966683848901));
#693=CARTESIAN_POINT('',(0.0154392112582114,0.00589874154464804,0.00435933367697802));
#694=CARTESIAN_POINT('',(0.0158363989104367,0.00597016827399112,0.00653900051546703));
#695=CARTESIAN_POINT('',(0.0145174117491685,0.00662611140738871,0.));
#696=CARTESIAN_POINT('',(0.0149274269439612,0.00665146716179707,0.00217966683848901));
#697=CARTESIAN_POINT('',(0.0153374421387539,0.00667682291620543,0.00435933367697802));
#698=CARTESIAN_POINT('',(0.0157474573335466,0.0067021786706138,0.00653900051546703));
#699=CARTESIAN_POINT('',(0.0146870245638843,0.00782303865542971,0.));
#700=CARTESIAN_POINT('',(0.0150796463893033,0.00772567258290975,0.00217966683848901));
#701=CARTESIAN_POINT('',(0.0154722682147223,0.0076283065103898,0.00435933367697802));
#702=CARTESIAN_POINT('',(0.0158648900401413,0.00753094043786984,0.00653900051546703));
#703=CARTESIAN_POINT('',(0.0148091744119542,0.00820172821630299,0.));
#704=CARTESIAN_POINT('',(0.0151847555158319,0.00805105820006523,0.00217966683848901));
#705=CARTESIAN_POINT('',(0.0155603366197096,0.00790038818382747,0.00435933367697802));
#706=CARTESIAN_POINT('',(0.0159359177235872,0.00774971816758971,0.00653900051546703));
#707=CARTESIAN_POINT('',(0.0151808448449719,0.00890252095495676,0.));
#708=CARTESIAN_POINT('',(0.0155162581724803,0.00867610999759022,0.00217966683848901));
#709=CARTESIAN_POINT('',(0.0158516714999887,0.00844969904022367,0.00435933367697802));
#710=CARTESIAN_POINT('',(0.0161870848274971,0.00822328808285713,0.00653900051546703));
#711=CARTESIAN_POINT('',(0.0154246421675579,0.00922693771519594,0.));
#712=CARTESIAN_POINT('',(0.0157385702962046,0.00897377142480146,0.00217966683848901));
#713=CARTESIAN_POINT('',(0.0160524984248514,0.00872060513440698,0.00435933367697802));
#714=CARTESIAN_POINT('',(0.0163664265534981,0.0084674388440125,0.00653900051546703));
#715=CARTESIAN_POINT('',(0.0162547226460053,0.0101262894936196,0.));
#716=CARTESIAN_POINT('',(0.016513965614473,0.00981385041306705,0.00217966683848901));
#717=CARTESIAN_POINT('',(0.0167732085829406,0.00950141133251452,0.00435933367697802));
#718=CARTESIAN_POINT('',(0.0170324515514083,0.00918897225196199,0.00653900051546703));
#719=CARTESIAN_POINT('',(0.0169396943125555,0.0106273260095101,0.));
#720=CARTESIAN_POINT('',(0.017174224386069,0.0103000976208113,0.00217966683848901));
#721=CARTESIAN_POINT('',(0.0174087544595826,0.00997286923211253,0.00435933367697802));
#722=CARTESIAN_POINT('',(0.0176432845330961,0.00964564084341376,0.00653900051546703));
#723=CARTESIAN_POINT('',(0.0178637376035865,0.0112472450786348,0.));
#724=CARTESIAN_POINT('',(0.0180827491594043,0.0109096097635312,0.00217966683848901));
#725=CARTESIAN_POINT('',(0.0183017607152221,0.0105719744484275,0.00435933367697802));
#726=CARTESIAN_POINT('',(0.0185207722710398,0.0102343391333238,0.00653900051546703));
#727=CARTESIAN_POINT('',(0.0181545163324644,0.0114319454842246,0.));
#728=CARTESIAN_POINT('',(0.0183716747299716,0.0110931265097271,0.00217966683848901));
#729=CARTESIAN_POINT('',(0.0185888331274788,0.0107543075352296,0.00435933367697802));
#730=CARTESIAN_POINT('',(0.018805991524986,0.0104154885607322,0.00653900051546703));
#731=CARTESIAN_POINT('',(0.0186514705155934,0.0117601612771466,0.));
#732=CARTESIAN_POINT('',(0.018877842705302,0.0114274270070533,0.00217966683848901));
#733=CARTESIAN_POINT('',(0.0191042148950107,0.01109469273696,0.00435933367697802));
#734=CARTESIAN_POINT('',(0.0193305870847194,0.0107619584668668,0.00653900051546703));
#735=CARTESIAN_POINT('',(0.0188576459698444,0.0119036766644787,0.));
#736=CARTESIAN_POINT('',(0.0190932172528602,0.011574445217966,0.00217966683848901));
#737=CARTESIAN_POINT('',(0.0193287885358759,0.0112452137714532,0.00435933367697802));
#738=CARTESIAN_POINT('',(0.0195643598188916,0.0109159823249404,0.00653900051546703));
#739=CARTESIAN_POINT('',(0.0190658577914793,0.0120900811442685,0.));
#740=CARTESIAN_POINT('',(0.0193506811234936,0.0118049869255847,0.00217966683848901));
#741=CARTESIAN_POINT('',(0.019635504455508,0.011519892706901,0.00435933367697802));
#742=CARTESIAN_POINT('',(0.0199203277875224,0.0112347984882172,0.00653900051546703));
#743=CARTESIAN_POINT('',(0.0191184198387339,0.0121474045373303,0.));
#744=CARTESIAN_POINT('',(0.0194274675492871,0.0118821269408874,0.00217966683848901));
#745=CARTESIAN_POINT('',(0.0197365152598402,0.0116168493444445,0.00435933367697802));
#746=CARTESIAN_POINT('',(0.0200455629703933,0.0113515717480016,0.00653900051546703));
#747=CARTESIAN_POINT('',(0.0191673002067091,0.0122264249969315,0.));
#748=CARTESIAN_POINT('',(0.0195261041472555,0.012041530188308,0.00217966683848901));
#749=CARTESIAN_POINT('',(0.019884908087802,0.0118566353796845,0.00435933367697802));
#750=CARTESIAN_POINT('',(0.0202437120283484,0.011671740571061,0.00653900051546703));
#751=CARTESIAN_POINT('',(0.0191785998788831,0.0122516043784667,0.));
#752=CARTESIAN_POINT('',(0.0195565177331243,0.0121033073819053,0.00217966683848901));
#753=CARTESIAN_POINT('',(0.0199344355873656,0.011955010385344,0.00435933367697802));
#754=CARTESIAN_POINT('',(0.0203123534416068,0.0118067133887827,0.00653900051546703));
#755=CARTESIAN_POINT('',(0.0191904283450998,0.0122996836849248,0.));
#756=CARTESIAN_POINT('',(0.0195940076155581,0.0122557168362038,0.00217966683848901));
#757=CARTESIAN_POINT('',(0.0199975868860164,0.0122117499874827,0.00435933367697802));
#758=CARTESIAN_POINT('',(0.0204011661564747,0.0121677831387617,0.00653900051546703));
#759=CARTESIAN_POINT('',(0.0191909012953073,0.0123225726007853,0.));
#760=CARTESIAN_POINT('',(0.0195979924299796,0.0123497790738289,0.00217966683848901));
#761=CARTESIAN_POINT('',(0.0200050835646519,0.0123769855468724,0.00435933367697802));
#762=CARTESIAN_POINT('',(0.0204121746993242,0.012404192019916,0.00653900051546703));
#763=CARTESIAN_POINT('',(0.019180574549935,0.0123661685660122,0.));
#764=CARTESIAN_POINT('',(0.0195566129117861,0.0125244650142163,0.00217966683848901));
#765=CARTESIAN_POINT('',(0.0199326512736372,0.0126827614624203,0.00435933367697802));
#766=CARTESIAN_POINT('',(0.0203086896354883,0.0128410579106243,0.00653900051546703));
#767=CARTESIAN_POINT('',(0.019169882080355,0.0123868967539292,0.));
#768=CARTESIAN_POINT('',(0.0195143578412374,0.0126005045409327,0.00217966683848901));
#769=CARTESIAN_POINT('',(0.0198588336021198,0.0128141123279361,0.00435933367697802));
#770=CARTESIAN_POINT('',(0.0202033093630022,0.0130277201149395,0.00653900051546703));
#771=CARTESIAN_POINT('',(0.0191381039936698,0.012426541156368,0.));
#772=CARTESIAN_POINT('',(0.0194215877886181,0.0127162920271398,0.00217966683848901));
#773=CARTESIAN_POINT('',(0.0197050715835664,0.0130060428979117,0.00435933367697802));
#774=CARTESIAN_POINT('',(0.0199885553785146,0.0132957937686835,0.00653900051546703));
#775=CARTESIAN_POINT('',(0.0191170183765648,0.0124454573708899,0.));
#776=CARTESIAN_POINT('',(0.019371432685332,0.0127585575077786,0.00217966683848901));
#777=CARTESIAN_POINT('',(0.0196258469940992,0.0130716576446673,0.00435933367697802));
#778=CARTESIAN_POINT('',(0.0198802613028664,0.013384757781556,0.00653900051546703));
#779=CARTESIAN_POINT('',(0.0190391693733554,0.0124999794783596,0.));
#780=CARTESIAN_POINT('',(0.0192228615609849,0.0128625901087378,0.00217966683848901));
#781=CARTESIAN_POINT('',(0.0194065537486144,0.013225200739116,0.00435933367697802));
#782=CARTESIAN_POINT('',(0.0195902459362438,0.0135878113694942,0.00653900051546703));
#783=CARTESIAN_POINT('',(0.0189678138353573,0.0125333588352118,0.));
#784=CARTESIAN_POINT('',(0.0191236009512486,0.0129049499361788,0.00217966683848901));
#785=CARTESIAN_POINT('',(0.0192793880671399,0.0132765410371458,0.00435933367697802));
#786=CARTESIAN_POINT('',(0.0194351751830312,0.0136481321381127,0.00653900051546703));
#787=CARTESIAN_POINT('',(0.0187033591689366,0.01262852215336,0.));
#788=CARTESIAN_POINT('',(0.0188005336346588,0.0130212345645174,0.00217966683848901));
#789=CARTESIAN_POINT('',(0.0188977081003811,0.0134139469756748,0.00435933367697802));
#790=CARTESIAN_POINT('',(0.0189948825661033,0.0138066593868322,0.00653900051546703));
#791=CARTESIAN_POINT('',(0.0184598719880876,0.012685331362248,0.));
#792=CARTESIAN_POINT('',(0.0185474407781366,0.0130781213100989,0.00217966683848901));
#793=CARTESIAN_POINT('',(0.0186350095681856,0.0134709112579498,0.00435933367697802));
#794=CARTESIAN_POINT('',(0.0187225783582345,0.0138637012058007,0.00653900051546703));
#795=CARTESIAN_POINT('',(0.0178810924473834,0.0128066511974688,0.));
#796=CARTESIAN_POINT('',(0.0179586321272862,0.0132015428701135,0.00217966683848901));
#797=CARTESIAN_POINT('',(0.0180361718071889,0.0135964345427582,0.00435933367697802));
#798=CARTESIAN_POINT('',(0.0181137114870917,0.0139913262154029,0.00653900051546703));
#799=CARTESIAN_POINT('',(0.0175458000875283,0.0128711618238016,0.));
#800=CARTESIAN_POINT('',(0.0176257021460034,0.0132655993879849,0.00217966683848901));
#801=CARTESIAN_POINT('',(0.0177056042044784,0.0136600369521681,0.00435933367697802));
#802=CARTESIAN_POINT('',(0.0177855062629534,0.0140544745163514,0.00653900051546703));
#803=CARTESIAN_POINT('',(0.0164660596806497,0.0131076969647672,0.));
#804=CARTESIAN_POINT('',(0.016564586825624,0.0134980576181146,0.00217966683848901));
#805=CARTESIAN_POINT('',(0.0166631139705982,0.013888418271462,0.00435933367697802));
#806=CARTESIAN_POINT('',(0.0167616411155725,0.0142787789248094,0.00653900051546703));
#807=CARTESIAN_POINT('',(0.0156477483063135,0.0133227247413671,0.));
#808=CARTESIAN_POINT('',(0.0157746848918785,0.0137080143916497,0.00217966683848901));
#809=CARTESIAN_POINT('',(0.0159016214774434,0.0140933040419322,0.00435933367697802));
#810=CARTESIAN_POINT('',(0.0160285580630084,0.0144785936922148,0.00653900051546703));
#811=CARTESIAN_POINT('',(0.0145279323549679,0.0138570774734008,0.));
#812=CARTESIAN_POINT('',(0.0147244109045253,0.0142091900773948,0.00217966683848901));
#813=CARTESIAN_POINT('',(0.0149208894540827,0.0145613026813887,0.00435933367697802));
#814=CARTESIAN_POINT('',(0.0151173680036401,0.0149134152853826,0.00653900051546703));
#815=CARTESIAN_POINT('',(0.0141726022228791,0.0140704968952677,0.));
#816=CARTESIAN_POINT('',(0.0143971735040568,0.0144067368895319,0.00217966683848901));
#817=CARTESIAN_POINT('',(0.0146217447852345,0.014742976883796,0.00435933367697802));
#818=CARTESIAN_POINT('',(0.0148463160664121,0.0150792168780602,0.00653900051546703));
#819=CARTESIAN_POINT('',(0.0135403886228854,0.0145889068519127,0.));
#820=CARTESIAN_POINT('',(0.0138261215765673,0.0148749953320098,0.00217966683848901));
#821=CARTESIAN_POINT('',(0.0141118545302492,0.0151610838121068,0.00435933367697802));
#822=CARTESIAN_POINT('',(0.0143975874839311,0.0154471722922039,0.00653900051546703));
#823=CARTESIAN_POINT('',(0.0132670042758266,0.0148978159416957,0.));
#824=CARTESIAN_POINT('',(0.0135799679025532,0.015152588430872,0.00217966683848901));
#825=CARTESIAN_POINT('',(0.0138929315292798,0.0154073609200482,0.00435933367697802));
#826=CARTESIAN_POINT('',(0.0142058951560064,0.0156621334092245,0.00653900051546703));
#827=CARTESIAN_POINT('',(0.0125590871921458,0.0159157682328841,0.));
#828=CARTESIAN_POINT('',(0.0129242588403193,0.0160954656189842,0.00217966683848901));
#829=CARTESIAN_POINT('',(0.0132894304884928,0.0162751630050843,0.00435933367697802));
#830=CARTESIAN_POINT('',(0.0136546021366663,0.0164548603911844,0.00653900051546703));
#831=CARTESIAN_POINT('',(0.0122337474400635,0.0167126287267508,0.));
#832=CARTESIAN_POINT('',(0.0126096633656371,0.0168578111959825,0.00217966683848901));
#833=CARTESIAN_POINT('',(0.0129855792912107,0.0170029936652142,0.00435933367697802));
#834=CARTESIAN_POINT('',(0.0133614952167842,0.0171481761344459,0.00653900051546703));
#835=CARTESIAN_POINT('',(0.0117521484386457,0.0181902123991926,0.));
#836=CARTESIAN_POINT('',(0.0121414137901551,0.0182944307224979,0.00217966683848901));
#837=CARTESIAN_POINT('',(0.0125306791416645,0.0183986490458033,0.00435933367697802));
#838=CARTESIAN_POINT('',(0.0129199444931739,0.0185028673691086,0.00653900051546703));
#839=CARTESIAN_POINT('',(0.0115958891893099,0.0188709355777676,0.));
#840=CARTESIAN_POINT('',(0.0119888875801167,0.0189612586475504,0.00217966683848901));
#841=CARTESIAN_POINT('',(0.0123818859709234,0.0190515817173331,0.00435933367697802));
#842=CARTESIAN_POINT('',(0.0127748843617302,0.0191419047871159,0.00653900051546703));
#843=CARTESIAN_POINT('',(0.0114286595431087,0.0194288858655286,0.));
#844=CARTESIAN_POINT('',(0.0118122335336695,0.0195507179426749,0.00217966683848901));
#845=CARTESIAN_POINT('',(0.0121958075242302,0.0196725500198212,0.00435933367697802));
#846=CARTESIAN_POINT('',(0.0125793815147909,0.0197943820969675,0.00653900051546703));
#847=CARTESIAN_POINT('',(0.0113966183346419,0.0195258282388079,0.));
#848=CARTESIAN_POINT('',(0.0117775452762852,0.0196568842779815,0.00217966683848901));
#849=CARTESIAN_POINT('',(0.0121584722179285,0.0197879403171551,0.00435933367697802));
#850=CARTESIAN_POINT('',(0.0125393991595718,0.0199189963563287,0.00653900051546703));
#851=CARTESIAN_POINT('',(0.0113334058367865,0.0196849084202357,0.));
#852=CARTESIAN_POINT('',(0.0117003952780904,0.0198510463013154,0.00217966683848901));
#853=CARTESIAN_POINT('',(0.0120673847193944,0.020017184182395,0.00435933367697802));
#854=CARTESIAN_POINT('',(0.0124343741606983,0.0201833220634747,0.00653900051546703));
#855=CARTESIAN_POINT('',(0.0113022345473977,0.0197470462283843,0.));
#856=CARTESIAN_POINT('',(0.0116619666193579,0.0199383309889591,0.00217966683848901));
#857=CARTESIAN_POINT('',(0.0120216986913181,0.0201296157495338,0.00435933367697802));
#858=CARTESIAN_POINT('',(0.0123814307632782,0.0203209005101086,0.00653900051546703));
#859=CARTESIAN_POINT('',(0.0112546754107718,0.0198100176193203,0.));
#860=CARTESIAN_POINT('',(0.0115564729321629,0.0200781515919491,0.00217966683848901));
#861=CARTESIAN_POINT('',(0.011858270453554,0.020346285564578,0.00435933367697802));
#862=CARTESIAN_POINT('',(0.012160067974945,0.0206144195372068,0.00653900051546703));
#863=CARTESIAN_POINT('',(0.011238688664806,0.0198259688627511,0.));
#864=CARTESIAN_POINT('',(0.0115121327794079,0.0201281386656649,0.00217966683848901));
#865=CARTESIAN_POINT('',(0.0117855768940098,0.0204303084685786,0.00435933367697802));
#866=CARTESIAN_POINT('',(0.0120590210086118,0.0207324782714924,0.00653900051546703));
#867=CARTESIAN_POINT('',(0.0112062053317182,0.0198471042596107,0.));
#868=CARTESIAN_POINT('',(0.0113716777691655,0.0202195124006394,0.00217966683848901));
#869=CARTESIAN_POINT('',(0.0115371502066127,0.0205919205416681,0.00435933367697802));
#870=CARTESIAN_POINT('',(0.01170262264406,0.0209643286826969,0.00653900051546703));
#871=CARTESIAN_POINT('',(0.0111897076702474,0.0198522733496575,0.));
#872=CARTESIAN_POINT('',(0.0112661708750806,0.0202572688038524,0.00217966683848901));
#873=CARTESIAN_POINT('',(0.0113426340799138,0.0206622642580472,0.00435933367697802));
#874=CARTESIAN_POINT('',(0.011419097284747,0.0210672597122421,0.00653900051546703));
#875=CARTESIAN_POINT('',(0.0111559647798124,0.0198512218844981,0.));
#876=CARTESIAN_POINT('',(0.0110544352967195,0.0202506360422614,0.00217966683848901));
#877=CARTESIAN_POINT('',(0.0109529058136265,0.0206500502000247,0.00435933367697802));
#878=CARTESIAN_POINT('',(0.0108513763305336,0.021049464357788,0.00653900051546703));
#879=CARTESIAN_POINT('',(0.0111387250923294,0.0198450790260777,0.));
#880=CARTESIAN_POINT('',(0.0109652799385299,0.0202120951239823,0.00217966683848901));
#881=CARTESIAN_POINT('',(0.0107918347847304,0.0205791112218869,0.00435933367697802));
#882=CARTESIAN_POINT('',(0.0106183896309309,0.0209461273197914,0.00653900051546703));
#883=CARTESIAN_POINT('',(0.0111033640698961,0.0198222343284059,0.));
#884=CARTESIAN_POINT('',(0.0108400852941853,0.0201312177508485,0.00217966683848901));
#885=CARTESIAN_POINT('',(0.0105768065184746,0.020440201173291,0.00435933367697802));
#886=CARTESIAN_POINT('',(0.0103135277427639,0.0207491845957335,0.00653900051546703));
#887=CARTESIAN_POINT('',(0.0110852427349458,0.0198055324891545,0.));
#888=CARTESIAN_POINT('',(0.0107976605082674,0.0200882836294134,0.00217966683848901));
#889=CARTESIAN_POINT('',(0.010510078281589,0.0203710347696724,0.00435933367697802));
#890=CARTESIAN_POINT('',(0.0102224960549106,0.0206537859099313,0.00653900051546703));
#891=CARTESIAN_POINT('',(0.01102933851449,0.0197406014064293,0.));
#892=CARTESIAN_POINT('',(0.0106896640944711,0.0199627550822291,0.00217966683848901));
#893=CARTESIAN_POINT('',(0.0103499896744523,0.0201849087580289,0.00435933367697802));
#894=CARTESIAN_POINT('',(0.0100103152544334,0.0204070624338287,0.00653900051546703));
#895=CARTESIAN_POINT('',(0.0109900154133796,0.0196775465979843,0.));
#896=CARTESIAN_POINT('',(0.0106412334789642,0.0198789082643644,0.00217966683848901));
#897=CARTESIAN_POINT('',(0.0102924515445488,0.0200802699307444,0.00435933367697802));
#898=CARTESIAN_POINT('',(0.0099436696101334,0.0202816315971244,0.00653900051546703));
#899=CARTESIAN_POINT('',(0.0109061006660576,0.0195173043079736,0.));
#900=CARTESIAN_POINT('',(0.0105419256618783,0.0196892997706617,0.00217966683848901));
#901=CARTESIAN_POINT('',(0.0101777506576989,0.0198612952333497,0.00435933367697802));
#902=CARTESIAN_POINT('',(0.0098135756535195,0.0200332906960378,0.00653900051546703));
#903=CARTESIAN_POINT('',(0.0108615090198459,0.019420116826408,0.));
#904=CARTESIAN_POINT('',(0.0104939970703406,0.019584117286066,0.00217966683848901));
#905=CARTESIAN_POINT('',(0.0101264851208353,0.019748117745724,0.00435933367697802));
#906=CARTESIAN_POINT('',(0.00975897317132998,0.019912118205382,0.00653900051546703));
#907=CARTESIAN_POINT('',(0.0107180893083269,0.0190854586222333,0.));
#908=CARTESIAN_POINT('',(0.0103435149574538,0.0192329824589677,0.00217966683848901));
#909=CARTESIAN_POINT('',(0.00996894060658069,0.0193805062957022,0.00435933367697802));
#910=CARTESIAN_POINT('',(0.0095943662557076,0.0195280301324367,0.00653900051546703));
#911=CARTESIAN_POINT('',(0.010609616470135,0.0188048921401463,0.));
#912=CARTESIAN_POINT('',(0.0102348829998179,0.0189515420322778,0.00217966683848901));
#913=CARTESIAN_POINT('',(0.00986014952950083,0.0190981919244092,0.00435933367697802));
#914=CARTESIAN_POINT('',(0.00948541605918373,0.0192448418165406,0.00653900051546703));
#915=CARTESIAN_POINT('',(0.0102316832221643,0.0178556356576014,0.));
#916=CARTESIAN_POINT('',(0.00985957358715741,0.0180088759664265,0.00217966683848901));
#917=CARTESIAN_POINT('',(0.00948746395215049,0.0181621162752516,0.00435933367697802));
#918=CARTESIAN_POINT('',(0.00911535431714357,0.0183153565840767,0.00653900051546703));
#919=CARTESIAN_POINT('',(0.00990970807898976,0.0170793886208586,0.));
#920=CARTESIAN_POINT('',(0.00954411797068133,0.0172508240507169,0.00217966683848901));
#921=CARTESIAN_POINT('',(0.0091785278623729,0.0174222594805752,0.00435933367697802));
#922=CARTESIAN_POINT('',(0.00881293775406447,0.0175936949104335,0.00653900051546703));
#923=CARTESIAN_POINT('',(0.00905139508034005,0.0155858144592892,0.));
#924=CARTESIAN_POINT('',(0.00871919960504672,0.0158153758142484,0.00217966683848901));
#925=CARTESIAN_POINT('',(0.00838700412975339,0.0160449371692076,0.00435933367697802));
#926=CARTESIAN_POINT('',(0.00805480865446007,0.0162744985241668,0.00653900051546703));
#927=CARTESIAN_POINT('',(0.00851505722486491,0.0148684873344625,0.));
#928=CARTESIAN_POINT('',(0.00821075562034965,0.0151428512800212,0.00217966683848901));
#929=CARTESIAN_POINT('',(0.00790645401583439,0.01541721522558,0.00435933367697802));
#930=CARTESIAN_POINT('',(0.00760215241131914,0.0156915791711387,0.00653900051546703));
#931=CARTESIAN_POINT('',(0.00783437630161643,0.0143534895032644,0.));
#932=CARTESIAN_POINT('',(0.0075915845445328,0.0146743912767424,0.00217966683848901));
#933=CARTESIAN_POINT('',(0.00734879278744916,0.0149952930502205,0.00435933367697802));
#934=CARTESIAN_POINT('',(0.00710600103036553,0.0153161948236985,0.00653900051546703));
#935=CARTESIAN_POINT('',(0.00711034527394909,0.0153104529670262,0.0065));
#936=CARTESIAN_POINT('',(0.0071414235220256,0.0153339665322246,0.0065));
#937=CARTESIAN_POINT('',(0.00720277535709885,0.0153821550356942,0.0065));
#938=CARTESIAN_POINT('',(0.00732470374463342,0.0154849659230918,0.0065));
#939=CARTESIAN_POINT('',(0.00747443471189951,0.0156244894049945,0.0065));
#940=CARTESIAN_POINT('',(0.00764972046456655,0.0158088538249678,0.0065));
#941=CARTESIAN_POINT('',(0.00781996377104607,0.0160087664860338,0.0065));
#942=CARTESIAN_POINT('',(0.00798465164371472,0.0162226553514044,0.0065));
#943=CARTESIAN_POINT('',(0.00819620970299549,0.016524063660541,0.0065));
#944=CARTESIAN_POINT('',(0.00844465198571474,0.0169264236771048,0.0065));
#945=CARTESIAN_POINT('',(0.00871556621575613,0.0174337689770459,0.0065));
#946=CARTESIAN_POINT('',(0.00895932600594067,0.017948866944996,0.0065));
#947=CARTESIAN_POINT('',(0.00914094858952007,0.018371005441248,0.0065));
#948=CARTESIAN_POINT('',(0.0092746306501555,0.0186969431945326,0.0065));
#949=CARTESIAN_POINT('',(0.00936954842352507,0.0189338531730886,0.0065));
#950=CARTESIAN_POINT('',(0.00945968499515974,0.0191617447715294,0.0065));
#951=CARTESIAN_POINT('',(0.00954578368267468,0.0193794722864279,0.0065));
#952=CARTESIAN_POINT('',(0.00962888055328726,0.0195863999162588,0.0065));
#953=CARTESIAN_POINT('',(0.00971052283903859,0.019782730745279,0.0065));
#954=CARTESIAN_POINT('',(0.00979336110221502,0.0199701931749802,0.0065));
#955=CARTESIAN_POINT('',(0.0098673427562598,0.0201226605384878,0.0065));
#956=CARTESIAN_POINT('',(0.0099351139923488,0.0202475351844481,0.0065));
#957=CARTESIAN_POINT('',(0.00999308897778413,0.0203449450167221,0.0065));
#958=CARTESIAN_POINT('',(0.010062669579092,0.0204491786244056,0.0065));
#959=CARTESIAN_POINT('',(0.0101516912630234,0.020564271294951,0.0065));
#960=CARTESIAN_POINT('',(0.0102535471273754,0.0206730600803218,0.0065));
#961=CARTESIAN_POINT('',(0.010364049866906,0.0207679696213096,0.0065));
#962=CARTESIAN_POINT('',(0.0104659135633293,0.0208416953765883,0.0065));
#963=CARTESIAN_POINT('',(0.0105914907464216,0.0209148978856136,0.0065));
#964=CARTESIAN_POINT('',(0.0107449259859104,0.0209816511049729,0.0065));
#965=CARTESIAN_POINT('',(0.0109273607276136,0.0210327702430626,0.0065));
#966=CARTESIAN_POINT('',(0.0110992773712418,0.0210529993103326,0.0065));
#967=CARTESIAN_POINT('',(0.0112422117709958,0.0210515434917964,0.0065));
#968=CARTESIAN_POINT('',(0.0113855481670123,0.0210378981624197,0.0065));
#969=CARTESIAN_POINT('',(0.0115559530944837,0.0209991692590199,0.0065));
#970=CARTESIAN_POINT('',(0.0117343030890161,0.0209276240941655,0.0065));
#971=CARTESIAN_POINT('',(0.0118817286267874,0.020842976870763,0.0065));
#972=CARTESIAN_POINT('',(0.0120001529192967,0.0207546788603373,0.0065));
#973=CARTESIAN_POINT('',(0.0121256276891445,0.0206396587805669,0.0065));
#974=CARTESIAN_POINT('',(0.0122352298357103,0.0205084461232611,0.0065));
#975=CARTESIAN_POINT('',(0.0123240334322489,0.0203737573385987,0.0065));
#976=CARTESIAN_POINT('',(0.0123886357886979,0.0202556816244981,0.0065));
#977=CARTESIAN_POINT('',(0.0124391295532474,0.0201485382661869,0.0065));
#978=CARTESIAN_POINT('',(0.0124810830022905,0.020047924814068,0.0065));
#979=CARTESIAN_POINT('',(0.012517711265895,0.0199507647721973,0.0065));
#980=CARTESIAN_POINT('',(0.0125620086549525,0.0198230331464722,0.0065));
#981=CARTESIAN_POINT('',(0.0126120803857595,0.0196629959323986,0.0065));
#982=CARTESIAN_POINT('',(0.0126691948391615,0.0194638924754938,0.0065));
#983=CARTESIAN_POINT('',(0.0127260450901139,0.0192552786165269,0.0065));
#984=CARTESIAN_POINT('',(0.0127843655268383,0.0190365174390066,0.0065));
#985=CARTESIAN_POINT('',(0.0128453620609526,0.0188080555288252,0.0065));
#986=CARTESIAN_POINT('',(0.0129099798709275,0.0185709539177885,0.0065));
#987=CARTESIAN_POINT('',(0.0130020019974701,0.0182452474975717,0.0065));
#988=CARTESIAN_POINT('',(0.0131297495166629,0.0178243658812794,0.0065));
#989=CARTESIAN_POINT('',(0.0133077946810888,0.0173128556699468,0.0065));
#990=CARTESIAN_POINT('',(0.013513608825407,0.0168119775709673,0.0065));
#991=CARTESIAN_POINT('',(0.0137094322455026,0.0164181541323609,0.0065));
#992=CARTESIAN_POINT('',(0.0138802791717822,0.0161257762186313,0.0065));
#993=CARTESIAN_POINT('',(0.0140151614355853,0.0159197680167771,0.0065));
#994=CARTESIAN_POINT('',(0.0141563927573631,0.0157287410727757,0.0065));
#995=CARTESIAN_POINT('',(0.0143033847658765,0.0155541760581948,0.0065));
#996=CARTESIAN_POINT('',(0.0144305969670996,0.0154229625597552,0.0065));
#997=CARTESIAN_POINT('',(0.0145344477636886,0.0153273697801574,0.0065));
#998=CARTESIAN_POINT('',(0.0146166847711762,0.0152573354985581,0.0065));
#999=CARTESIAN_POINT('',(0.014703131366526,0.0151890499917341,0.0065));
#1000=CARTESIAN_POINT('',(0.0148239594585781,0.0151003206028414,0.0065));
#1001=CARTESIAN_POINT('',(0.0150496519324103,0.0149512390014134,0.0065));
#1002=CARTESIAN_POINT('',(0.0154101067632372,0.0147567502869714,0.0065));
#1003=CARTESIAN_POINT('',(0.0158899953315751,0.0145547215182521,0.0065));
#1004=CARTESIAN_POINT('',(0.0164005703746881,0.014383450484662,0.0065));
#1005=CARTESIAN_POINT('',(0.0169246428833261,0.014239954983233,0.0065));
#1006=CARTESIAN_POINT('',(0.017358811008131,0.0141395182175965,0.0065));
#1007=CARTESIAN_POINT('',(0.0176972429601111,0.0140675042457855,0.0065));
#1008=CARTESIAN_POINT('',(0.0179450788454272,0.014016724276322,0.0065));
#1009=CARTESIAN_POINT('',(0.0181856344345164,0.0139681428115389,0.0065));
#1010=CARTESIAN_POINT('',(0.018418055575775,0.0139205513792552,0.0065));
#1011=CARTESIAN_POINT('',(0.0186421500006313,0.0138724522587682,0.0065));
#1012=CARTESIAN_POINT('',(0.0188587951220993,0.0138218273579327,0.0065));
#1013=CARTESIAN_POINT('',(0.0190707244165373,0.0137655074328617,0.0065));
#1014=CARTESIAN_POINT('',(0.0192482761071836,0.0137093206008596,0.0065));
#1015=CARTESIAN_POINT('',(0.019396877364854,0.0136527206698268,0.0065));
#1016=CARTESIAN_POINT('',(0.0195140151431259,0.0136014670819182,0.0065));
#1017=CARTESIAN_POINT('',(0.0196397038429489,0.013536950608206,0.0065));
#1018=CARTESIAN_POINT('',(0.0197771492678909,0.0134518837508284,0.0065));
#1019=CARTESIAN_POINT('',(0.0199284537872002,0.0133347829055477,0.0065));
#1020=CARTESIAN_POINT('',(0.0200640099317805,0.0131962186269446,0.0065));
#1021=CARTESIAN_POINT('',(0.0201700344709045,0.0130516109123286,0.0065));
#1022=CARTESIAN_POINT('',(0.0202442350647634,0.0129251003808043,0.0065));
#1023=CARTESIAN_POINT('',(0.0203082310244589,0.0127810327205296,0.0065));
#1024=CARTESIAN_POINT('',(0.0203567241377018,0.0126224042604214,0.0065));
#1025=CARTESIAN_POINT('',(0.0203806441102011,0.0124830194478346,0.0065));
#1026=CARTESIAN_POINT('',(0.0203889827327591,0.0123705472912478,0.0065));
#1027=CARTESIAN_POINT('',(0.0203902102827379,0.0122602701060499,0.0065));
#1028=CARTESIAN_POINT('',(0.020379471175447,0.0121290561981217,0.0065));
#1029=CARTESIAN_POINT('',(0.0203514829777655,0.0119862749712771,0.0065));
#1030=CARTESIAN_POINT('',(0.0203132060067619,0.0118596539606876,0.0065));
#1031=CARTESIAN_POINT('',(0.0202537512527484,0.0117117102531322,0.0065));
#1032=CARTESIAN_POINT('',(0.0201715250484267,0.011562071688381,0.0065));
#1033=CARTESIAN_POINT('',(0.0200729377178709,0.0114229074225362,0.0065));
#1034=CARTESIAN_POINT('',(0.0199777577948718,0.0113105883181611,0.0065));
#1035=CARTESIAN_POINT('',(0.0198860233720109,0.0112158531170871,0.0065));
#1036=CARTESIAN_POINT('',(0.0197668962302469,0.0111049329615911,0.0065));
#1037=CARTESIAN_POINT('',(0.0196208557000731,0.0109847003238431,0.0065));
#1038=CARTESIAN_POINT('',(0.0194428426830829,0.0108522388178528,0.0065));
#1039=CARTESIAN_POINT('',(0.0192582789457017,0.0107237905541344,0.0065));
#1040=CARTESIAN_POINT('',(0.0190656732109717,0.0105951447031854,0.0065));
#1041=CARTESIAN_POINT('',(0.0188649559218548,0.0104640197791942,0.0065));
#1042=CARTESIAN_POINT('',(0.0186569248432235,0.0103290812887524,0.0065));
#1043=CARTESIAN_POINT('',(0.0184429226009579,0.010189543585046,0.0065));
#1044=CARTESIAN_POINT('',(0.0181519017420396,0.00999677496753107,0.0065));
#1045=CARTESIAN_POINT('',(0.0177822471282025,0.00974259088658442,0.0065));
#1046=CARTESIAN_POINT('',(0.017346526830177,0.00941657874577723,0.0065));
#1047=CARTESIAN_POINT('',(0.0169372091176501,0.00907206383580349,0.0065));
#1048=CARTESIAN_POINT('',(0.0166335867353983,0.00877356616889895,0.0065));
#1049=CARTESIAN_POINT('',(0.0164215339518609,0.00853166825124855,0.0065));
#1050=CARTESIAN_POINT('',(0.0162795959131827,0.00834984834986381,0.0065));
#1051=CARTESIAN_POINT('',(0.0161561039401852,0.0081687745049927,0.0065));
#1052=CARTESIAN_POINT('',(0.0160692566829989,0.00801935924841196,0.0065));
#1053=CARTESIAN_POINT('',(0.0160095384029681,0.0079010284240023,0.0065));
#1054=CARTESIAN_POINT('',(0.015969596936545,0.00781287564614204,0.0065));
#1055=CARTESIAN_POINT('',(0.0159403264298877,0.00773992380521658,0.0065));
#1056=CARTESIAN_POINT('',(0.015919250274948,0.0076817125596825,0.0065));
#1057=CARTESIAN_POINT('',(0.0158998313176061,0.0076239115863593,0.0065));
#1058=CARTESIAN_POINT('',(0.0158777224864822,0.0075495480217363,0.0065));
#1059=CARTESIAN_POINT('',(0.0158544234362606,0.00745595493559361,0.0065));
#1060=CARTESIAN_POINT('',(0.0158345075508101,0.00735822871895223,0.0065));
#1061=CARTESIAN_POINT('',(0.0158125383039779,0.00722241120065675,0.0065));
#1062=CARTESIAN_POINT('',(0.015793871468526,0.00704260648759412,0.0065));
#1063=CARTESIAN_POINT('',(0.0157858938211194,0.0068122761057211,0.0065));
#1064=CARTESIAN_POINT('',(0.0157923118247426,0.00656941938110705,0.0065));
#1065=CARTESIAN_POINT('',(0.015819479631407,0.00623194915028677,0.0065));
#1066=CARTESIAN_POINT('',(0.015886531944477,0.00579047821158073,0.0065));
#1067=CARTESIAN_POINT('',(0.0160106916996571,0.00524808975159982,0.0065));
#1068=CARTESIAN_POINT('',(0.016140580295085,0.0048000729028776,0.0065));
#1069=CARTESIAN_POINT('',(0.0162537660349019,0.00445184633131598,0.0065));
#1070=CARTESIAN_POINT('',(0.0163415981887003,0.00419753208790574,0.0065));
#1071=CARTESIAN_POINT('',(0.0164306885542813,0.0039517349223318,0.0065));
#1072=CARTESIAN_POINT('',(0.0165193722228828,0.00371594971622705,0.0065));
#1073=CARTESIAN_POINT('',(0.0166060363630781,0.00349145909971128,0.0065));
#1074=CARTESIAN_POINT('',(0.0166891586337092,0.00327923261723772,0.0065));
#1075=CARTESIAN_POINT('',(0.0167673728065277,0.00307971285334978,0.0065));
#1076=CARTESIAN_POINT('',(0.0168275306673804,0.00292368182640404,0.0065));
#1077=CARTESIAN_POINT('',(0.016872319635383,0.00280379508413645,0.0065));
#1078=CARTESIAN_POINT('',(0.0169042312798897,0.00271568183856656,0.0065));
#1079=CARTESIAN_POINT('',(0.0169344964230943,0.00262836814277436,0.0065));
#1080=CARTESIAN_POINT('',(0.0169632079988438,0.00254020970505733,0.0065));
#1081=CARTESIAN_POINT('',(0.0169905024185327,0.00244851764626994,0.0065));
#1082=CARTESIAN_POINT('',(0.0170164065211198,0.00234865525801886,0.0065));
#1083=CARTESIAN_POINT('',(0.0170365166146253,0.00225192495131586,0.0065));
#1084=CARTESIAN_POINT('',(0.0170502662435475,0.00215846993493122,0.0065));
#1085=CARTESIAN_POINT('',(0.0170583441606727,0.00207695297897419,0.0065));
#1086=CARTESIAN_POINT('',(0.0170622076924947,0.00197951148880008,0.0065));
#1087=CARTESIAN_POINT('',(0.0170578830545027,0.00185985686217785,0.0065));
#1088=CARTESIAN_POINT('',(0.0170375686405714,0.0017100502316584,0.0065));
#1089=CARTESIAN_POINT('',(0.0169949898220082,0.00155313439775079,0.0065));
#1090=CARTESIAN_POINT('',(0.0169331034542495,0.00140830878619693,0.0065));
#1091=CARTESIAN_POINT('',(0.0168690124718179,0.00129219315816451,0.0065));
#1092=CARTESIAN_POINT('',(0.016784083067445,0.00117247525318919,0.0065));
#1093=CARTESIAN_POINT('',(0.0166769953317078,0.0010554410855278,0.0065));
#1094=CARTESIAN_POINT('',(0.016548995941084,0.000948404671039745,0.0065));
#1095=CARTESIAN_POINT('',(0.0164071324141873,0.000859693006411642,0.0065));
#1096=CARTESIAN_POINT('',(0.0162606887784344,0.000793498079899583,0.0065));
#1097=CARTESIAN_POINT('',(0.0161174753500968,0.000749490779073065,0.0065));
#1098=CARTESIAN_POINT('',(0.015983553754768,0.000724763569481397,0.0065));
#1099=CARTESIAN_POINT('',(0.0158216886804995,0.000711962458081477,0.0065));
#1100=CARTESIAN_POINT('',(0.0156537845923294,0.000722850350516852,0.0065));
#1101=CARTESIAN_POINT('',(0.015500473785836,0.000753958433285771,0.0065));
#1102=CARTESIAN_POINT('',(0.0153824421100366,0.000790819809584965,0.0065));
#1103=CARTESIAN_POINT('',(0.015289201443378,0.000828203004472189,0.0065));
#1104=CARTESIAN_POINT('',(0.0151879031283289,0.000876278585811549,0.0065));
#1105=CARTESIAN_POINT('',(0.0150907890464138,0.000931832152286781,0.0065));
#1106=CARTESIAN_POINT('',(0.0149973395526127,0.000993055636334276,0.0065));
#1107=CARTESIAN_POINT('',(0.0149158434051977,0.00105170414913205,0.0065));
#1108=CARTESIAN_POINT('',(0.014840198730042,0.00110980822585251,0.0065));
#1109=CARTESIAN_POINT('',(0.0147670277455848,0.00116875454980514,0.0065));
#1110=CARTESIAN_POINT('',(0.0146943064153686,0.00122943083425464,0.0065));
#1111=CARTESIAN_POINT('',(0.014596302547443,0.00131336675431475,0.0065));
#1112=CARTESIAN_POINT('',(0.0144697614512952,0.00142485019950675,0.0065));
#1113=CARTESIAN_POINT('',(0.0143080848751098,0.00157005406024536,0.0065));
#1114=CARTESIAN_POINT('',(0.0141353332655342,0.00172625313825425,0.0065));
#1115=CARTESIAN_POINT('',(0.0139511235974962,0.00189239216050319,0.0065));
#1116=CARTESIAN_POINT('',(0.0137555798721141,0.00206703470496298,0.0065));
#1117=CARTESIAN_POINT('',(0.0135491070302856,0.00224852424845029,0.0065));
#1118=CARTESIAN_POINT('',(0.013260030339446,0.00249723992557282,0.0065));
#1119=CARTESIAN_POINT('',(0.0128745940688706,0.0028160576613868,0.0065));
#1120=CARTESIAN_POINT('',(0.012380336351162,0.00319560005650681,0.0065));
#1121=CARTESIAN_POINT('',(0.0118624276986174,0.00355601102126527,0.0065));
#1122=CARTESIAN_POINT('',(0.0113301703300951,0.00388136238562734,0.0065));
#1123=CARTESIAN_POINT('',(0.0108835723504244,0.0041105928080572,0.0065));
#1124=CARTESIAN_POINT('',(0.0105304932893028,0.00426218280603082,0.0065));
#1125=CARTESIAN_POINT('',(0.0102693756785332,0.00435863129056773,0.0065));
#1126=CARTESIAN_POINT('',(0.0100134951946515,0.00443670816319569,0.0065));
#1127=CARTESIAN_POINT('',(0.00980582929698133,0.00448579448401462,0.0065));
#1128=CARTESIAN_POINT('',(0.00964357975601479,0.00451525272895522,0.0065));
#1129=CARTESIAN_POINT('',(0.00952398510449831,0.00453241509165772,0.0065));
#1130=CARTESIAN_POINT('',(0.00940631509202525,0.00454464755094986,0.0065));
#1131=CARTESIAN_POINT('',(0.00929145586007836,0.00455190195707387,0.0065));
#1132=CARTESIAN_POINT('',(0.00917522120407052,0.00455441957701785,0.0065));
#1133=CARTESIAN_POINT('',(0.00901773274584932,0.00455156533449596,0.0065));
#1134=CARTESIAN_POINT('',(0.00881652719923638,0.00453644185329851,0.0065));
#1135=CARTESIAN_POINT('',(0.00856873830791403,0.00450024732823867,0.0065));
#1136=CARTESIAN_POINT('',(0.00823154655957026,0.00442883032026089,0.0065));
#1137=CARTESIAN_POINT('',(0.0078009875513467,0.00429835651013871,0.0065));
#1138=CARTESIAN_POINT('',(0.00728340494647437,0.00408648582805439,0.0065));
#1139=CARTESIAN_POINT('',(0.00677857560557212,0.00383324633170694,0.0065));
#1140=CARTESIAN_POINT('',(0.00637902372709946,0.00360082524050359,0.0065));
#1141=CARTESIAN_POINT('',(0.00607775000323252,0.00341034063602033,0.0065));
#1142=CARTESIAN_POINT('',(0.00586227114109284,0.00326730124554024,0.0065));
#1143=CARTESIAN_POINT('',(0.00565849930709221,0.00312617011287654,0.0065));
#1144=CARTESIAN_POINT('',(0.005467565011589,0.00298900219806233,0.0065));
#1145=CARTESIAN_POINT('',(0.00529047657455021,0.00285778739218946,0.0065));
#1146=CARTESIAN_POINT('',(0.00515513875474392,0.00275496847299263,0.0065));
#1147=CARTESIAN_POINT('',(0.00505446973224877,0.00267745310241184,0.0065));
#1148=CARTESIAN_POINT('',(0.00498278139457045,0.00262185343340029,0.0065));
#1149=CARTESIAN_POINT('',(0.00491487690069067,0.00256892604871391,0.0065));
#1150=CARTESIAN_POINT('',(0.00485065066846322,0.00251875051581756,0.0065));
#1151=CARTESIAN_POINT('',(0.00478988161821861,0.0024713237293354,0.0065));
#1152=CARTESIAN_POINT('',(0.00473216299296854,0.00242651330567308,0.0065));
#1153=CARTESIAN_POINT('',(0.00467675641301784,0.00238396804988225,0.0065));
#1154=CARTESIAN_POINT('',(0.00463142887833386,0.00234981288031819,0.0065));
#1155=CARTESIAN_POINT('',(0.00459437285173975,0.00232254239544968,0.0065));
#1156=CARTESIAN_POINT('',(0.00456561612897019,0.00230180723359667,0.0065));
#1157=CARTESIAN_POINT('',(0.00453510409682249,0.00228037532720248,0.0065));
#1158=CARTESIAN_POINT('',(0.00450161610456312,0.00225764532078682,0.0065));
#1159=CARTESIAN_POINT('',(0.00446322872127291,0.00223274215344665,0.0065));
#1160=CARTESIAN_POINT('',(0.00441667485835805,0.0022043774189763,0.0065));
#1161=CARTESIAN_POINT('',(0.00436637350803865,0.00217627251831399,0.0065));
#1162=CARTESIAN_POINT('',(0.00431343500659645,0.00214981405753277,0.0065));
#1163=CARTESIAN_POINT('',(0.00426478623073367,0.00212764973826424,0.0065));
#1164=CARTESIAN_POINT('',(0.00420351983127141,0.00210298890582897,0.0065));
#1165=CARTESIAN_POINT('',(0.00412394119316372,0.00207613449860989,0.0065));
#1166=CARTESIAN_POINT('',(0.00401722972679584,0.00204888943037856,0.0065));
#1167=CARTESIAN_POINT('',(0.00389433138979335,0.00203030953691196,0.0065));
#1168=CARTESIAN_POINT('',(0.00376626972711922,0.00202585301682772,0.0065));
#1169=CARTESIAN_POINT('',(0.00365301722522576,0.00203164582861563,0.0065));
#1170=CARTESIAN_POINT('',(0.00352119916257582,0.00205185058113531,0.0065));
#1171=CARTESIAN_POINT('',(0.00337179585265944,0.00209335578257979,0.0065));
#1172=CARTESIAN_POINT('',(0.00321004984612997,0.00216336451074671,0.0065));
#1173=CARTESIAN_POINT('',(0.00304670815996369,0.00226645182614605,0.0065));
#1174=CARTESIAN_POINT('',(0.0028964402303579,0.0024006522984849,0.0065));
#1175=CARTESIAN_POINT('',(0.00277258694352002,0.00255592337331093,0.0065));
#1176=CARTESIAN_POINT('',(0.00268167694974428,0.00271763977039501,0.0065));
#1177=CARTESIAN_POINT('',(0.00262233958649961,0.00287260156850554,0.0065));
#1178=CARTESIAN_POINT('',(0.0025884331012489,0.00301267502313133,0.0065));
#1179=CARTESIAN_POINT('',(0.00257275355296933,0.00313478326444098,0.0065));
#1180=CARTESIAN_POINT('',(0.00256911811282225,0.00323917220721535,0.0065));
#1181=CARTESIAN_POINT('',(0.00257432262508524,0.00335715820513198,0.0065));
#1182=CARTESIAN_POINT('',(0.00259155771042895,0.00347094538350657,0.0065));
#1183=CARTESIAN_POINT('',(0.00261590197230154,0.00356938232096077,0.0065));
#1184=CARTESIAN_POINT('',(0.00263964039477426,0.00364316475861927,0.0065));
#1185=CARTESIAN_POINT('',(0.00266140873497778,0.00370035438493792,0.0065));
#1186=CARTESIAN_POINT('',(0.00268757329423707,0.00376137417961505,0.0065));
#1187=CARTESIAN_POINT('',(0.00271538751598863,0.0038178810771181,0.0065));
#1188=CARTESIAN_POINT('',(0.00274333131890932,0.00386919059485792,0.0065));
#1189=CARTESIAN_POINT('',(0.00276780099090305,0.00391099419011478,0.0065));
#1190=CARTESIAN_POINT('',(0.00279012582075447,0.0039472338077043,0.0065));
#1191=CARTESIAN_POINT('',(0.00281120872765028,0.00398016304490596,0.0065));
#1192=CARTESIAN_POINT('',(0.00283166242989005,0.00401118121957081,0.0065));
#1193=CARTESIAN_POINT('',(0.0028519107888821,0.00404118838736856,0.0065));
#1194=CARTESIAN_POINT('',(0.00287902534725241,0.00408064443808293,0.0065));
#1195=CARTESIAN_POINT('',(0.0029136844304251,0.00413000811411694,0.0065));
#1196=CARTESIAN_POINT('',(0.00295751831822578,0.00419131547617742,0.0065));
#1197=CARTESIAN_POINT('',(0.00300406863658638,0.0042556869160552,0.0065));
#1198=CARTESIAN_POINT('',(0.00305354345994734,0.00432366640677099,0.0065));
#1199=CARTESIAN_POINT('',(0.00310598507300718,0.00439552767802814,0.0065));
#1200=CARTESIAN_POINT('',(0.00316133616068456,0.00447138974874031,0.0065));
#1201=CARTESIAN_POINT('',(0.00321947496047275,0.0045512741009723,0.0065));
#1202=CARTESIAN_POINT('',(0.00330048908692014,0.00466309131573397,0.0065));
#1203=CARTESIAN_POINT('',(0.0034078336533889,0.0048126082909146,0.0065));
#1204=CARTESIAN_POINT('',(0.00354458871092782,0.00500661077876869,0.0065));
#1205=CARTESIAN_POINT('',(0.00368731094596728,0.00521389860234849,0.0065));
#1206=CARTESIAN_POINT('',(0.00383392799574021,0.00543301390019469,0.0065));
#1207=CARTESIAN_POINT('',(0.00398230539925237,0.00566237844005255,0.0065));
#1208=CARTESIAN_POINT('',(0.00417959499931543,0.00597961329859397,0.0065));
#1209=CARTESIAN_POINT('',(0.00441970664078999,0.00639316917583884,0.0065));
#1210=CARTESIAN_POINT('',(0.00467990265660348,0.00690118935128625,0.0065));
#1211=CARTESIAN_POINT('',(0.00489518463511868,0.00740325272291861,0.0065));
#1212=CARTESIAN_POINT('',(0.0050243674728832,0.00779939100145636,0.0065));
#1213=CARTESIAN_POINT('',(0.00509233844172783,0.00809073795514009,0.0065));
#1214=CARTESIAN_POINT('',(0.00512522435997486,0.00829316220679857,0.0065));
#1215=CARTESIAN_POINT('',(0.00514030264991021,0.00847638226825363,0.0065));
#1216=CARTESIAN_POINT('',(0.00513912391051933,0.00861090013128194,0.0065));
#1217=CARTESIAN_POINT('',(0.00513106473034041,0.00870706032852042,0.0065));
#1218=CARTESIAN_POINT('',(0.00512336031286143,0.00876240724043667,0.0065));
#1219=CARTESIAN_POINT('',(0.0051157335408082,0.00880405596395299,0.0065));
#1220=CARTESIAN_POINT('',(0.00510938490116207,0.00883373975439884,0.0065));
#1221=CARTESIAN_POINT('',(0.00510215708974294,0.00886316165807994,0.0065));
#1222=CARTESIAN_POINT('',(0.0050911360564725,0.00890287997489232,0.0065));
#1223=CARTESIAN_POINT('',(0.00507475858329251,0.00895327091387028,0.0065));
#1224=CARTESIAN_POINT('',(0.00504258515340929,0.0090361228691544,0.0065));
#1225=CARTESIAN_POINT('',(0.00499044096865981,0.00914439632019522,0.0065));
#1226=CARTESIAN_POINT('',(0.00490697229629372,0.00928197539128857,0.0065));
#1227=CARTESIAN_POINT('',(0.00476702890716553,0.00947372449465592,0.0065));
#1228=CARTESIAN_POINT('',(0.00453930827037364,0.00972386203358166,0.0065));
#1229=CARTESIAN_POINT('',(0.00419600969856519,0.010024372100409,0.0065));
#1230=CARTESIAN_POINT('',(0.00380442807843377,0.0103134703218686,0.0065));
#1231=CARTESIAN_POINT('',(0.00345722853486263,0.0105390604130393,0.0065));
#1232=CARTESIAN_POINT('',(0.00317817122329847,0.0107086848571341,0.0065));
#1233=CARTESIAN_POINT('',(0.00297081412847554,0.010830385281529,0.0065));
#1234=CARTESIAN_POINT('',(0.00276779208479156,0.0109466307442924,0.0065));
#1235=CARTESIAN_POINT('',(0.00257116583255111,0.0110577642267754,0.0065));
#1236=CARTESIAN_POINT('',(0.00238248511548859,0.0111645123859235,0.0065));
#1237=CARTESIAN_POINT('',(0.00220241010675368,0.0112683092027899,0.0065));
#1238=CARTESIAN_POINT('',(0.00205883644489931,0.0113545723208389,0.0065));
#1239=CARTESIAN_POINT('',(0.00194583274353557,0.0114264426141418,0.0065));
#1240=CARTESIAN_POINT('',(0.00186092633937036,0.0114832119494226,0.0065));
#1241=CARTESIAN_POINT('',(0.00177431626868867,0.0115450035244175,0.0065));
#1242=CARTESIAN_POINT('',(0.0016836353374706,0.0116154067276785,0.0065));
#1243=CARTESIAN_POINT('',(0.00158551252503934,0.0117007051542162,0.0065));
#1244=CARTESIAN_POINT('',(0.00149374446420742,0.0117935120204822,0.0065));
#1245=CARTESIAN_POINT('',(0.00141258481597558,0.0118917582065241,0.0065));
#1246=CARTESIAN_POINT('',(0.00134813284520502,0.0119819081653336,0.0065));
#1247=CARTESIAN_POINT('',(0.00128158566488248,0.0120939807521742,0.0065));
#1248=CARTESIAN_POINT('',(0.00122763034112409,0.0122111369859964,0.0065));
#1249=CARTESIAN_POINT('',(0.00118946282591338,0.0123219766855116,0.0065));
#1250=CARTESIAN_POINT('',(0.00116486087997537,0.0124140699249106,0.0065));
#1251=CARTESIAN_POINT('',(0.00114614862475636,0.0125147713350868,0.0065));
#1252=CARTESIAN_POINT('',(0.00113164654222118,0.0126569883320978,0.0065));
#1253=CARTESIAN_POINT('',(0.00113664980797598,0.0128463350895332,0.0065));
#1254=CARTESIAN_POINT('',(0.001184795912782,0.0130717723219551,0.0065));
#1255=CARTESIAN_POINT('',(0.00126824625441083,0.0132745135996805,0.0065));
#1256=CARTESIAN_POINT('',(0.00137242421435549,0.0134425043930548,0.0065));
#1257=CARTESIAN_POINT('',(0.00148303910587233,0.0135743605417174,0.0065));
#1258=CARTESIAN_POINT('',(0.00159064166374262,0.0136750902158269,0.0065));
#1259=CARTESIAN_POINT('',(0.00169067598305921,0.0137515593908576,0.0065));
#1260=CARTESIAN_POINT('',(0.00181222529758705,0.0138294233779346,0.0065));
#1261=CARTESIAN_POINT('',(0.00194273562256292,0.0138944714389787,0.0065));
#1262=CARTESIAN_POINT('',(0.00207434424547402,0.0139457818493153,0.0065));
#1263=CARTESIAN_POINT('',(0.00219003937376354,0.0139822391696089,0.0065));
#1264=CARTESIAN_POINT('',(0.00229616995418482,0.0140100917432952,0.0065));
#1265=CARTESIAN_POINT('',(0.00243059051144743,0.0140401352230488,0.0065));
#1266=CARTESIAN_POINT('',(0.00259278969509276,0.0140693849156453,0.0065));
#1267=CARTESIAN_POINT('',(0.00279068850994604,0.0140987306580681,0.0065));
#1268=CARTESIAN_POINT('',(0.0029969326499251,0.0141255557747829,0.0065));
#1269=CARTESIAN_POINT('',(0.0032135724055361,0.0141519090778378,0.0065));
#1270=CARTESIAN_POINT('',(0.00344093942332723,0.0141792448136537,0.0065));
#1271=CARTESIAN_POINT('',(0.00367845330946935,0.014208771604883,0.0065));
#1272=CARTESIAN_POINT('',(0.00392498414178248,0.0142415595783625,0.0065));
#1273=CARTESIAN_POINT('',(0.00426373834476057,0.0142909317443669,0.0065));
#1274=CARTESIAN_POINT('',(0.00470182540141687,0.0143655749561165,0.0065));
#1275=CARTESIAN_POINT('',(0.00523564337038532,0.014482439402153,0.0065));
#1276=CARTESIAN_POINT('',(0.0056733268417172,0.0146070748204729,0.0065));
#1277=CARTESIAN_POINT('',(0.00601067407213079,0.0147249845669721,0.0065));
#1278=CARTESIAN_POINT('',(0.0062552260816176,0.0148227717967848,0.0065));
#1279=CARTESIAN_POINT('',(0.00648935539793006,0.0149300612064505,0.0065));
#1280=CARTESIAN_POINT('',(0.00671131348651571,0.0150468942850445,0.0065));
#1281=CARTESIAN_POINT('',(0.00688479682248245,0.0151520979250519,0.0065));
#1282=CARTESIAN_POINT('',(0.00701630586863979,0.0152410736445039,0.0065));
#1283=CARTESIAN_POINT('',(0.00707926702587258,0.0152869394018278,0.0065));
#1284=CARTESIAN_POINT('',(0.00711034527394909,0.0153104529670262,0.0065));
#1285=CARTESIAN_POINT('',(0.00711034527394909,0.0153104529670262,0.0065));
#1286=CARTESIAN_POINT('',(0.00783437630161643,0.0143534895032644,0.));
#1287=CARTESIAN_POINT('',(0.010060406327487,0.0160376863073031,0.));
#1288=CARTESIAN_POINT('',(0.0113979105393592,0.0235810067214794,0.));
#1289=CARTESIAN_POINT('',(0.0119932615566142,0.0126025360888782,0.));
#1290=CARTESIAN_POINT('',(0.0228117229763487,0.0130316387174389,0.));
#1291=CARTESIAN_POINT('',(0.0118807326650074,0.00910910823940052,0.));
#1292=CARTESIAN_POINT('',(0.0183888471991474,-0.0017651876211033,0.));
#1293=CARTESIAN_POINT('',(0.00969995372489447,0.00906584262033759,0.));
#1294=CARTESIAN_POINT('',(0.000860813502890463,0.000114572465472677,0.));
#1295=CARTESIAN_POINT('',(0.00952548017560442,0.00993954724392366,0.));
#1296=CARTESIAN_POINT('',(-0.00110410630534508,0.0134307824931208,0.));
#1297=CARTESIAN_POINT('',(0.00573094429152814,0.0127620493934133,0.));
#1298=CARTESIAN_POINT('',(0.00783437630161643,0.0143534895032644,0.));
#1299=CARTESIAN_POINT('',(0.00783437630161643,0.0143534895032644,0.));
#1300=CARTESIAN_POINT('',(0.0107609284124795,0.010882480884207,0.0065));
#1301=CARTESIAN_POINT('',(0.0107603652056978,0.0108478550668202,0.));
#1302=CARTESIAN_POINT('',(0.0107609284124795,0.0414462459986627,0.118266239272348));
#1303=CARTESIAN_POINT('',(0.0102623784914613,0.0385595681965351,0.112788880243897));
#1304=CARTESIAN_POINT('',(0.0102623784914613,0.0385595681965351,0.10781274567004));
#1305=CARTESIAN_POINT('',(0.0107623784914613,0.0385595681965351,0.10781274567004));
#1306=CARTESIAN_POINT('',(0.0104587016101688,0.0390335341323261,0.10781274567004));
#1307=CARTESIAN_POINT('',(0.0102623784914613,0.0390725852286396,0.10781274567004));
#1308=CARTESIAN_POINT('',(0.0100660553727538,0.0390335341323261,0.10781274567004));
#1309=CARTESIAN_POINT('',(0.009899620669196,0.0389223260188004,0.10781274567004));
#1310=CARTESIAN_POINT('',(0.00978841255567026,0.0387558913152426,0.10781274567004));
#1311=CARTESIAN_POINT('',(0.00974936145935679,0.0385595681965351,0.10781274567004));
#1312=CARTESIAN_POINT('',(0.00978841255567026,0.0383632450778276,0.10781274567004));
#1313=CARTESIAN_POINT('',(0.009899620669196,0.0381968103742698,0.10781274567004));
#1314=CARTESIAN_POINT('',(0.0100660553727538,0.0380856022607441,0.10781274567004));
#1315=CARTESIAN_POINT('',(0.0102623784914613,0.0380465511644306,0.10781274567004));
#1316=CARTESIAN_POINT('',(0.0104587016101688,0.0380856022607441,0.10781274567004));
#1317=CARTESIAN_POINT('',(0.0106251363137266,0.0381968103742698,0.10781274567004));
#1318=CARTESIAN_POINT('',(0.0107363444272523,0.0383632450778276,0.10781274567004));
#1319=CARTESIAN_POINT('',(0.0107753955235658,0.0385595681965351,0.10781274567004));
#1320=CARTESIAN_POINT('',(0.0107363444272523,0.0387558913152426,0.10781274567004));
#1321=CARTESIAN_POINT('',(0.0106251363137266,0.0389223260188004,0.10781274567004));
#1322=CARTESIAN_POINT('',(0.0104587016101688,0.0390335341323261,0.10781274567004));
#1323=CARTESIAN_POINT('',(0.0102623784914613,0.0390725852286396,0.10781274567004));
#1324=CARTESIAN_POINT('',(0.0100660553727538,0.0390335341323261,0.10781274567004));
#1325=CARTESIAN_POINT('',(0.0108736553383912,0.0400353210507581,0.107688730335557));
#1326=CARTESIAN_POINT('',(0.0102623784914613,0.0401569115755053,0.107688730335557));
#1327=CARTESIAN_POINT('',(0.00965110164453133,0.040035321050758,0.107688730335557));
#1328=CARTESIAN_POINT('',(0.00913288615630805,0.0396890605316883,0.107688730335557));
#1329=CARTESIAN_POINT('',(0.00878662563723834,0.0391708450434651,0.107688730335557));
#1330=CARTESIAN_POINT('',(0.00866503511249114,0.0385595681965351,0.107688730335557));
#1331=CARTESIAN_POINT('',(0.00878662563723834,0.0379482913496051,0.107688730335557));
#1332=CARTESIAN_POINT('',(0.00913288615630807,0.0374300758613819,0.107688730335557));
#1333=CARTESIAN_POINT('',(0.00965110164453134,0.0370838153423121,0.107688730335557));
#1334=CARTESIAN_POINT('',(0.0102623784914613,0.036962224817565,0.107688730335557));
#1335=CARTESIAN_POINT('',(0.0108736553383912,0.0370838153423121,0.107688730335557));
#1336=CARTESIAN_POINT('',(0.0113918708266145,0.0374300758613819,0.107688730335557));
#1337=CARTESIAN_POINT('',(0.0117381313456842,0.0379482913496052,0.107688730335557));
#1338=CARTESIAN_POINT('',(0.0118597218704314,0.0385595681965351,0.107688730335557));
#1339=CARTESIAN_POINT('',(0.0117381313456842,0.0391708450434651,0.107688730335557));
#1340=CARTESIAN_POINT('',(0.0113918708266145,0.0396890605316883,0.107688730335557));
#1341=CARTESIAN_POINT('',(0.0108736553383912,0.0400353210507581,0.107688730335557));
#1342=CARTESIAN_POINT('',(0.0102623784914613,0.0401569115755053,0.107688730335557));
#1343=CARTESIAN_POINT('',(0.00965110164453133,0.040035321050758,0.107688730335557));
#1344=CARTESIAN_POINT('',(0.011663731206995,0.0419427329280451,0.106938818141064));
#1345=CARTESIAN_POINT('',(0.0102623784914613,0.0422214793142258,0.106938818141064));
#1346=CARTESIAN_POINT('',(0.0088610257759275,0.0419427329280451,0.106938818141064));
#1347=CARTESIAN_POINT('',(0.00767301630803975,0.0411489303799566,0.106938818141064));
#1348=CARTESIAN_POINT('',(0.00687921375995128,0.0399609209120688,0.106938818141064));
#1349=CARTESIAN_POINT('',(0.00660046737377054,0.0385595681965351,0.106938818141064));
#1350=CARTESIAN_POINT('',(0.00687921375995128,0.0371582154810013,0.106938818141064));
#1351=CARTESIAN_POINT('',(0.00767301630803974,0.0359702060131135,0.106938818141064));
#1352=CARTESIAN_POINT('',(0.0088610257759275,0.0351764034650251,0.106938818141064));
#1353=CARTESIAN_POINT('',(0.0102623784914613,0.0348976570788443,0.106938818141064));
#1354=CARTESIAN_POINT('',(0.011663731206995,0.0351764034650251,0.106938818141064));
#1355=CARTESIAN_POINT('',(0.0128517406748828,0.0359702060131135,0.106938818141064));
#1356=CARTESIAN_POINT('',(0.0136455432229713,0.0371582154810013,0.106938818141064));
#1357=CARTESIAN_POINT('',(0.013924289609152,0.0385595681965351,0.106938818141064));
#1358=CARTESIAN_POINT('',(0.0136455432229713,0.0399609209120689,0.106938818141064));
#1359=CARTESIAN_POINT('',(0.0128517406748828,0.0411489303799566,0.106938818141064));
#1360=CARTESIAN_POINT('',(0.011663731206995,0.0419427329280451,0.106938818141064));
#1361=CARTESIAN_POINT('',(0.0102623784914613,0.0422214793142258,0.106938818141064));
#1362=CARTESIAN_POINT('',(0.0088610257759275,0.0419427329280451,0.106938818141064));
#1363=CARTESIAN_POINT('',(0.0137190115006069,0.0469046184873611,0.103761354247891));
#1364=CARTESIAN_POINT('',(0.0102623784914613,0.047592185542373,0.103761354247891));
#1365=CARTESIAN_POINT('',(0.00680574548231559,0.0469046184873611,0.103761354247891));
#1366=CARTESIAN_POINT('',(0.00387535351435608,0.0449465931736403,0.103761354247891));
#1367=CARTESIAN_POINT('',(0.00191732820063524,0.0420162012056808,0.103761354247891));
#1368=CARTESIAN_POINT('',(0.0012297611456234,0.0385595681965351,0.103761354247891));
#1369=CARTESIAN_POINT('',(0.00191732820063524,0.0351029351873894,0.103761354247891));
#1370=CARTESIAN_POINT('',(0.00387535351435608,0.0321725432194299,0.103761354247891));
#1371=CARTESIAN_POINT('',(0.00680574548231559,0.030214517905709,0.103761354247891));
#1372=CARTESIAN_POINT('',(0.0102623784914613,0.0295269508506972,0.103761354247891));
#1373=CARTESIAN_POINT('',(0.013719011500607,0.030214517905709,0.103761354247891));
#1374=CARTESIAN_POINT('',(0.0166494034685665,0.0321725432194299,0.103761354247891));
#1375=CARTESIAN_POINT('',(0.0186074287822873,0.0351029351873894,0.103761354247891));
#1376=CARTESIAN_POINT('',(0.0192949958372992,0.0385595681965351,0.103761354247891));
#1377=CARTESIAN_POINT('',(0.0186074287822873,0.0420162012056808,0.103761354247891));
#1378=CARTESIAN_POINT('',(0.0166494034685665,0.0449465931736403,0.103761354247891));
#1379=CARTESIAN_POINT('',(0.0137190115006069,0.0469046184873611,0.103761354247891));
#1380=CARTESIAN_POINT('',(0.0102623784914613,0.047592185542373,0.103761354247891));
#1381=CARTESIAN_POINT('',(0.00680574548231559,0.0469046184873611,0.103761354247891));
#1382=CARTESIAN_POINT('',(0.0156887517543418,0.05165999212228,0.0997853100282438));
#1383=CARTESIAN_POINT('',(0.0102623784914613,0.0527393648742852,0.0997853100282438));
#1384=CARTESIAN_POINT('',(0.00483600522858075,0.05165999212228,0.0997853100282438));
#1385=CARTESIAN_POINT('',(0.000235748104777675,0.0485861985832187,0.0997853100282438));
#1386=CARTESIAN_POINT('',(-0.00283804543428362,0.0439859414594156,0.0997853100282438));
#1387=CARTESIAN_POINT('',(-0.00391741818628887,0.0385595681965351,0.0997853100282438));
#1388=CARTESIAN_POINT('',(-0.00283804543428362,0.0331331949336546,0.0997853100282438));
#1389=CARTESIAN_POINT('',(0.00023574810477767,0.0285329378098515,0.0997853100282438));
#1390=CARTESIAN_POINT('',(0.00483600522858076,0.0254591442707902,0.0997853100282438));
#1391=CARTESIAN_POINT('',(0.0102623784914613,0.0243797715187849,0.0997853100282438));
#1392=CARTESIAN_POINT('',(0.0156887517543418,0.0254591442707902,0.0997853100282438));
#1393=CARTESIAN_POINT('',(0.0202890088781449,0.0285329378098515,0.0997853100282438));
#1394=CARTESIAN_POINT('',(0.0233628024172062,0.0331331949336546,0.0997853100282438));
#1395=CARTESIAN_POINT('',(0.0244421751692114,0.0385595681965351,0.0997853100282438));
#1396=CARTESIAN_POINT('',(0.0233628024172062,0.0439859414594156,0.0997853100282438));
#1397=CARTESIAN_POINT('',(0.0202890088781449,0.0485861985832187,0.0997853100282438));
#1398=CARTESIAN_POINT('',(0.0156887517543418,0.05165999212228,0.0997853100282438));
#1399=CARTESIAN_POINT('',(0.0102623784914613,0.0527393648742852,0.0997853100282438));
#1400=CARTESIAN_POINT('',(0.00483600522858075,0.05165999212228,0.0997853100282438));
#1401=CARTESIAN_POINT('',(0.017346562912598,0.0556623023043957,0.0961127106961387));
#1402=CARTESIAN_POINT('',(0.0102623784914613,0.057071434198558,0.0961127106961387));
#1403=CARTESIAN_POINT('',(0.00317819407032452,0.0556623023043957,0.0961127106961387));
#1404=CARTESIAN_POINT('',(-0.00282748749098586,0.0516494341789822,0.0961127106961387));
#1405=CARTESIAN_POINT('',(-0.00684035561639928,0.0456437526176719,0.0961127106961387));
#1406=CARTESIAN_POINT('',(-0.00824948751056169,0.0385595681965351,0.0961127106961387));
#1407=CARTESIAN_POINT('',(-0.00684035561639928,0.0314753837753983,0.0961127106961387));
#1408=CARTESIAN_POINT('',(-0.00282748749098586,0.025469702214088,0.0961127106961387));
#1409=CARTESIAN_POINT('',(0.00317819407032452,0.0214568340886745,0.0961127106961387));
#1410=CARTESIAN_POINT('',(0.0102623784914613,0.0200477021945121,0.0961127106961387));
#1411=CARTESIAN_POINT('',(0.017346562912598,0.0214568340886745,0.0961127106961387));
#1412=CARTESIAN_POINT('',(0.0233522444739084,0.0254697022140879,0.0961127106961387));
#1413=CARTESIAN_POINT('',(0.0273651125993218,0.0314753837753983,0.0961127106961387));
#1414=CARTESIAN_POINT('',(0.0287742444934843,0.0385595681965351,0.0961127106961387));
#1415=CARTESIAN_POINT('',(0.0273651125993218,0.0456437526176719,0.0961127106961387));
#1416=CARTESIAN_POINT('',(0.0233522444739084,0.0516494341789822,0.0961127106961387));
#1417=CARTESIAN_POINT('',(0.017346562912598,0.0556623023043957,0.0961127106961387));
#1418=CARTESIAN_POINT('',(0.0102623784914613,0.057071434198558,0.0961127106961387));
#1419=CARTESIAN_POINT('',(0.00317819407032452,0.0556623023043957,0.0961127106961387));
#1420=CARTESIAN_POINT('',(0.0102623784914613,0.0385595681965351,0.0961127106961387));
#1421=CARTESIAN_POINT('',(0.0283045338620968,0.0385595681965351,0.0961127106961386));
#1422=CARTESIAN_POINT('',(0.0102623784914613,0.0385595681965351,0.0900524184107781));
#1423=CARTESIAN_POINT('',(0.0102623784914613,0.0385595681965351,0.0892234955765801));
#1424=CARTESIAN_POINT('',(0.0102623784914613,0.0563170010500021,0.0892234955765801));
#1425=CARTESIAN_POINT('',(0.0102623784914613,0.0385595681965351,0.0900524184107781));
#1426=CARTESIAN_POINT('',(0.0274604483724808,0.0385595681965351,0.0900524184107781));
#1427=CARTESIAN_POINT('',(0.0173465629125979,0.0556623023043955,0.0961127106961392));
#1428=CARTESIAN_POINT('',(0.0102623784914613,0.0570714341985579,0.0961127106961391));
#1429=CARTESIAN_POINT('',(0.00317819407032458,0.0556623023043955,0.0961127106961391));
#1430=CARTESIAN_POINT('',(-0.00282748749098574,0.0516494341789821,0.0961127106961391));
#1431=CARTESIAN_POINT('',(-0.00684035561639912,0.0456437526176718,0.0961127106961391));
#1432=CARTESIAN_POINT('',(-0.00824948751056152,0.0385595681965351,0.0961127106961391));
#1433=CARTESIAN_POINT('',(-0.00684035561639912,0.0314753837753984,0.0961127106961391));
#1434=CARTESIAN_POINT('',(-0.00282748749098574,0.0254697022140881,0.0961127106961391));
#1435=CARTESIAN_POINT('',(0.00317819407032458,0.0214568340886747,0.0961127106961391));
#1436=CARTESIAN_POINT('',(0.0102623784914613,0.0200477021945123,0.0961127106961391));
#1437=CARTESIAN_POINT('',(0.017346562912598,0.0214568340886747,0.0961127106961391));
#1438=CARTESIAN_POINT('',(0.0233522444739083,0.0254697022140881,0.0961127106961391));
#1439=CARTESIAN_POINT('',(0.0273651125993217,0.0314753837753984,0.0961127106961391));
#1440=CARTESIAN_POINT('',(0.0287742444934841,0.0385595681965351,0.0961127106961391));
#1441=CARTESIAN_POINT('',(0.0273651125993217,0.0456437526176718,0.0961127106961392));
#1442=CARTESIAN_POINT('',(0.0233522444739083,0.0516494341789821,0.0961127106961391));
#1443=CARTESIAN_POINT('',(0.0173465629125979,0.0556623023043955,0.0961127106961392));
#1444=CARTESIAN_POINT('',(0.0102623784914613,0.0570714341985579,0.0961127106961391));
#1445=CARTESIAN_POINT('',(0.00317819407032458,0.0556623023043955,0.0961127106961391));
#1446=CARTESIAN_POINT('',(0.0173786919534866,0.0557398686706551,0.0959007502685889));
#1447=CARTESIAN_POINT('',(0.0102623784914613,0.0571553914284023,0.0959007502685889));
#1448=CARTESIAN_POINT('',(0.00314606502943586,0.0557398686706551,0.0959007502685889));
#1449=CARTESIAN_POINT('',(-0.00288685421753834,0.0517088009055347,0.0959007502685888));
#1450=CARTESIAN_POINT('',(-0.0069179219826587,0.0456758816585605,0.0959007502685889));
#1451=CARTESIAN_POINT('',(-0.0083334447404059,0.0385595681965351,0.0959007502685889));
#1452=CARTESIAN_POINT('',(-0.0069179219826587,0.0314432547345097,0.0959007502685889));
#1453=CARTESIAN_POINT('',(-0.00288685421753835,0.0254103354875355,0.0959007502685889));
#1454=CARTESIAN_POINT('',(0.00314606502943587,0.0213792677224151,0.0959007502685889));
#1455=CARTESIAN_POINT('',(0.0102623784914613,0.0199637449646679,0.0959007502685889));
#1456=CARTESIAN_POINT('',(0.0173786919534867,0.0213792677224151,0.0959007502685889));
#1457=CARTESIAN_POINT('',(0.0234116112004609,0.0254103354875355,0.0959007502685889));
#1458=CARTESIAN_POINT('',(0.0274426789655813,0.0314432547345097,0.0959007502685889));
#1459=CARTESIAN_POINT('',(0.0288582017233285,0.0385595681965351,0.0959007502685889));
#1460=CARTESIAN_POINT('',(0.0274426789655813,0.0456758816585605,0.0959007502685889));
#1461=CARTESIAN_POINT('',(0.0234116112004609,0.0517088009055347,0.0959007502685889));
#1462=CARTESIAN_POINT('',(0.0173786919534866,0.0557398686706551,0.0959007502685889));
#1463=CARTESIAN_POINT('',(0.0102623784914613,0.0571553914284023,0.0959007502685889));
#1464=CARTESIAN_POINT('',(0.00314606502943586,0.0557398686706551,0.0959007502685889));
#1465=CARTESIAN_POINT('',(0.0174474280848416,0.0559058123711972,0.0954421890341542));
#1466=CARTESIAN_POINT('',(0.0102623784914613,0.0573350075955567,0.0954421890341541));
#1467=CARTESIAN_POINT('',(0.00307732889808094,0.0559058123711972,0.0954421890341541));
#1468=CARTESIAN_POINT('',(-0.003013862027344,0.0518358087153404,0.0954421890341542));
#1469=CARTESIAN_POINT('',(-0.00708386568320082,0.0457446177899154,0.0954421890341542));
#1470=CARTESIAN_POINT('',(-0.00851306090756036,0.0385595681965351,0.0954421890341541));
#1471=CARTESIAN_POINT('',(-0.00708386568320083,0.0313745186031548,0.0954421890341542));
#1472=CARTESIAN_POINT('',(-0.003013862027344,0.0252833276777298,0.0954421890341541));
#1473=CARTESIAN_POINT('',(0.00307732889808093,0.021213324021873,0.0954421890341542));
#1474=CARTESIAN_POINT('',(0.0102623784914613,0.0197841287975134,0.0954421890341541));
#1475=CARTESIAN_POINT('',(0.0174474280848416,0.021213324021873,0.0954421890341542));
#1476=CARTESIAN_POINT('',(0.0235386190102666,0.0252833276777298,0.0954421890341542));
#1477=CARTESIAN_POINT('',(0.0276086226661234,0.0313745186031547,0.0954421890341541));
#1478=CARTESIAN_POINT('',(0.0290378178904829,0.0385595681965351,0.0954421890341542));
#1479=CARTESIAN_POINT('',(0.0276086226661234,0.0457446177899154,0.0954421890341542));
#1480=CARTESIAN_POINT('',(0.0235386190102666,0.0518358087153404,0.0954421890341542));
#1481=CARTESIAN_POINT('',(0.0174474280848416,0.0559058123711972,0.0954421890341542));
#1482=CARTESIAN_POINT('',(0.0102623784914613,0.0573350075955567,0.0954421890341541));
#1483=CARTESIAN_POINT('',(0.00307732889808094,0.0559058123711972,0.0954421890341541));
#1484=CARTESIAN_POINT('',(0.0175613593481844,0.0561808667723378,0.0945866651043999));
#1485=CARTESIAN_POINT('',(0.0102623784914613,0.0576327243340073,0.0945866651043998));
#1486=CARTESIAN_POINT('',(0.00296339763473812,0.0561808667723378,0.0945866651043999));
#1487=CARTESIAN_POINT('',(-0.00322437955197515,0.0520463262399715,0.0945866651043999));
#1488=CARTESIAN_POINT('',(-0.00735892008434136,0.0458585490532583,0.0945866651043999));
#1489=CARTESIAN_POINT('',(-0.00881077764601096,0.0385595681965351,0.0945866651043999));
#1490=CARTESIAN_POINT('',(-0.00735892008434135,0.0312605873398119,0.0945866651043999));
#1491=CARTESIAN_POINT('',(-0.00322437955197516,0.0250728101530987,0.0945866651043999));
#1492=CARTESIAN_POINT('',(0.00296339763473812,0.0209382696207325,0.0945866651043999));
#1493=CARTESIAN_POINT('',(0.0102623784914613,0.0194864120590629,0.0945866651043999));
#1494=CARTESIAN_POINT('',(0.0175613593481844,0.0209382696207325,0.0945866651043999));
#1495=CARTESIAN_POINT('',(0.0237491365348977,0.0250728101530987,0.0945866651043999));
#1496=CARTESIAN_POINT('',(0.0278836770672639,0.0312605873398119,0.0945866651043999));
#1497=CARTESIAN_POINT('',(0.0293355346289335,0.0385595681965351,0.0945866651043999));
#1498=CARTESIAN_POINT('',(0.0278836770672639,0.0458585490532583,0.0945866651043999));
#1499=CARTESIAN_POINT('',(0.0237491365348977,0.0520463262399715,0.0945866651043998));
#1500=CARTESIAN_POINT('',(0.0175613593481844,0.0561808667723378,0.0945866651043999));
#1501=CARTESIAN_POINT('',(0.0102623784914613,0.0576327243340073,0.0945866651043998));
#1502=CARTESIAN_POINT('',(0.00296339763473812,0.0561808667723378,0.0945866651043999));
#1503=CARTESIAN_POINT('',(0.0176745508760652,0.0564541352940933,0.0935302318646941));
#1504=CARTESIAN_POINT('',(0.0102623784914613,0.0579285080505409,0.0935302318646941));
#1505=CARTESIAN_POINT('',(0.00285020610685734,0.0564541352940933,0.0935302318646941));
#1506=CARTESIAN_POINT('',(-0.00343353022370062,0.052255476911697,0.0935302318646941));
#1507=CARTESIAN_POINT('',(-0.00763218860609686,0.045971740581139,0.0935302318646941));
#1508=CARTESIAN_POINT('',(-0.00910656136254456,0.0385595681965351,0.0935302318646941));
#1509=CARTESIAN_POINT('',(-0.00763218860609686,0.0311473958119312,0.0935302318646941));
#1510=CARTESIAN_POINT('',(-0.00343353022370063,0.0248636594813732,0.0935302318646941));
#1511=CARTESIAN_POINT('',(0.00285020610685735,0.0206650010989769,0.0935302318646941));
#1512=CARTESIAN_POINT('',(0.0102623784914613,0.0191906283425293,0.0935302318646941));
#1513=CARTESIAN_POINT('',(0.0176745508760652,0.020665001098977,0.0935302318646941));
#1514=CARTESIAN_POINT('',(0.0239582872066232,0.0248636594813732,0.0935302318646941));
#1515=CARTESIAN_POINT('',(0.0281569455890194,0.0311473958119312,0.0935302318646941));
#1516=CARTESIAN_POINT('',(0.0296313183454671,0.0385595681965351,0.0935302318646941));
#1517=CARTESIAN_POINT('',(0.0281569455890194,0.045971740581139,0.0935302318646941));
#1518=CARTESIAN_POINT('',(0.0239582872066232,0.052255476911697,0.0935302318646941));
#1519=CARTESIAN_POINT('',(0.0176745508760652,0.0564541352940933,0.0935302318646941));
#1520=CARTESIAN_POINT('',(0.0102623784914613,0.0579285080505409,0.0935302318646941));
#1521=CARTESIAN_POINT('',(0.00285020610685734,0.0564541352940933,0.0935302318646941));
#1522=CARTESIAN_POINT('',(0.0177447327401208,0.056623569302129,0.0923452958656221));
#1523=CARTESIAN_POINT('',(0.0102623784914613,0.058111902099303,0.092345295865622));
#1524=CARTESIAN_POINT('',(0.00278002424280171,0.056623569302129,0.092345295865622));
#1525=CARTESIAN_POINT('',(-0.00356320939920959,0.0523851560872059,0.092345295865622));
#1526=CARTESIAN_POINT('',(-0.00780162261413258,0.0460419224451947,0.0923452958656221));
#1527=CARTESIAN_POINT('',(-0.00928995541130671,0.0385595681965351,0.092345295865622));
#1528=CARTESIAN_POINT('',(-0.00780162261413258,0.0310772139478755,0.0923452958656221));
#1529=CARTESIAN_POINT('',(-0.0035632093992096,0.0247339803058642,0.092345295865622));
#1530=CARTESIAN_POINT('',(0.00278002424280171,0.0204955670909412,0.092345295865622));
#1531=CARTESIAN_POINT('',(0.0102623784914613,0.0190072342937671,0.0923452958656221));
#1532=CARTESIAN_POINT('',(0.0177447327401208,0.0204955670909412,0.0923452958656221));
#1533=CARTESIAN_POINT('',(0.0240879663821321,0.0247339803058642,0.092345295865622));
#1534=CARTESIAN_POINT('',(0.0283263795970551,0.0310772139478755,0.0923452958656221));
#1535=CARTESIAN_POINT('',(0.0298147123942293,0.0385595681965351,0.092345295865622));
#1536=CARTESIAN_POINT('',(0.0283263795970552,0.0460419224451947,0.0923452958656221));
#1537=CARTESIAN_POINT('',(0.0240879663821322,0.052385156087206,0.092345295865622));
#1538=CARTESIAN_POINT('',(0.0177447327401208,0.056623569302129,0.0923452958656221));
#1539=CARTESIAN_POINT('',(0.0102623784914613,0.058111902099303,0.092345295865622));
#1540=CARTESIAN_POINT('',(0.00278002424280171,0.056623569302129,0.092345295865622));
#1541=CARTESIAN_POINT('',(0.0177320826618259,0.0565930293115443,0.0913144341058729));
#1542=CARTESIAN_POINT('',(0.0102623784914613,0.0580788458516972,0.0913144341058728));
#1543=CARTESIAN_POINT('',(0.00279267432109663,0.0565930293115443,0.0913144341058728));
#1544=CARTESIAN_POINT('',(-0.00353983510236692,0.0523617817903633,0.0913144341058728));
#1545=CARTESIAN_POINT('',(-0.00777108262354793,0.0460292723668997,0.0913144341058728));
#1546=CARTESIAN_POINT('',(-0.00925689916370086,0.0385595681965351,0.0913144341058728));
#1547=CARTESIAN_POINT('',(-0.00777108262354793,0.0310898640261705,0.0913144341058728));
#1548=CARTESIAN_POINT('',(-0.00353983510236693,0.0247573546027069,0.0913144341058728));
#1549=CARTESIAN_POINT('',(0.00279267432109663,0.0205261070815259,0.0913144341058728));
#1550=CARTESIAN_POINT('',(0.0102623784914613,0.019040290541373,0.0913144341058728));
#1551=CARTESIAN_POINT('',(0.0177320826618259,0.0205261070815259,0.0913144341058728));
#1552=CARTESIAN_POINT('',(0.0240645920852895,0.0247573546027069,0.0913144341058728));
#1553=CARTESIAN_POINT('',(0.0282958396064705,0.0310898640261704,0.0913144341058728));
#1554=CARTESIAN_POINT('',(0.0297816561466234,0.0385595681965351,0.0913144341058728));
#1555=CARTESIAN_POINT('',(0.0282958396064705,0.0460292723668998,0.0913144341058729));
#1556=CARTESIAN_POINT('',(0.0240645920852895,0.0523617817903633,0.0913144341058728));
#1557=CARTESIAN_POINT('',(0.0177320826618259,0.0565930293115443,0.0913144341058729));
#1558=CARTESIAN_POINT('',(0.0102623784914613,0.0580788458516972,0.0913144341058728));
#1559=CARTESIAN_POINT('',(0.00279267432109663,0.0565930293115443,0.0913144341058728));
#1560=CARTESIAN_POINT('',(0.0176142644833027,0.0563085910670595,0.0901839399472196));
#1561=CARTESIAN_POINT('',(0.0102623784914613,0.057770972114402,0.0901839399472195));
#1562=CARTESIAN_POINT('',(0.00291049249961983,0.0563085910670595,0.0901839399472195));
#1563=CARTESIAN_POINT('',(-0.00332213549497622,0.0521440821829726,0.0901839399472195));
#1564=CARTESIAN_POINT('',(-0.00748664437906311,0.0459114541883766,0.0901839399472195));
#1565=CARTESIAN_POINT('',(-0.00894902542640563,0.0385595681965351,0.0901839399472195));
#1566=CARTESIAN_POINT('',(-0.00748664437906311,0.0312076822046937,0.0901839399472195));
#1567=CARTESIAN_POINT('',(-0.00332213549497622,0.0249750542100976,0.0901839399472195));
#1568=CARTESIAN_POINT('',(0.00291049249961983,0.0208105453260107,0.0901839399472195));
#1569=CARTESIAN_POINT('',(0.0102623784914613,0.0193481642786682,0.0901839399472195));
#1570=CARTESIAN_POINT('',(0.0176142644833027,0.0208105453260107,0.0901839399472195));
#1571=CARTESIAN_POINT('',(0.0238468924778988,0.0249750542100976,0.0901839399472195));
#1572=CARTESIAN_POINT('',(0.0280114013619857,0.0312076822046937,0.0901839399472195));
#1573=CARTESIAN_POINT('',(0.0294737824093282,0.0385595681965351,0.0901839399472195));
#1574=CARTESIAN_POINT('',(0.0280114013619857,0.0459114541883765,0.0901839399472195));
#1575=CARTESIAN_POINT('',(0.0238468924778988,0.0521440821829726,0.0901839399472195));
#1576=CARTESIAN_POINT('',(0.0176142644833027,0.0563085910670595,0.0901839399472196));
#1577=CARTESIAN_POINT('',(0.0102623784914613,0.057770972114402,0.0901839399472195));
#1578=CARTESIAN_POINT('',(0.00291049249961983,0.0563085910670595,0.0901839399472195));
#1579=CARTESIAN_POINT('',(0.0174112944365136,0.0558185780273458,0.0895217585864405));
#1580=CARTESIAN_POINT('',(0.0102623784914613,0.0572405858221744,0.0895217585864405));
#1581=CARTESIAN_POINT('',(0.0031134625464089,0.0558185780273458,0.0895217585864405));
#1582=CARTESIAN_POINT('',(-0.00294709575109366,0.0517690424390901,0.0895217585864405));
#1583=CARTESIAN_POINT('',(-0.00699663133934945,0.0457084841415875,0.0895217585864405));
#1584=CARTESIAN_POINT('',(-0.00841863913417798,0.0385595681965351,0.0895217585864405));
#1585=CARTESIAN_POINT('',(-0.00699663133934945,0.0314106522514827,0.0895217585864405));
#1586=CARTESIAN_POINT('',(-0.00294709575109366,0.0253500939539802,0.0895217585864405));
#1587=CARTESIAN_POINT('',(0.0031134625464089,0.0213005583657244,0.0895217585864405));
#1588=CARTESIAN_POINT('',(0.0102623784914613,0.0198785505708958,0.0895217585864405));
#1589=CARTESIAN_POINT('',(0.0174112944365137,0.0213005583657244,0.0895217585864405));
#1590=CARTESIAN_POINT('',(0.0234718527340162,0.0253500939539801,0.0895217585864405));
#1591=CARTESIAN_POINT('',(0.027521388322272,0.0314106522514827,0.0895217585864405));
#1592=CARTESIAN_POINT('',(0.0289433961171006,0.0385595681965351,0.0895217585864405));
#1593=CARTESIAN_POINT('',(0.027521388322272,0.0457084841415875,0.0895217585864405));
#1594=CARTESIAN_POINT('',(0.0234718527340162,0.0517690424390901,0.0895217585864405));
#1595=CARTESIAN_POINT('',(0.0174112944365136,0.0558185780273458,0.0895217585864405));
#1596=CARTESIAN_POINT('',(0.0102623784914613,0.0572405858221744,0.0895217585864405));
#1597=CARTESIAN_POINT('',(0.0031134625464089,0.0558185780273458,0.0895217585864405));
#1598=CARTESIAN_POINT('',(0.0172347676875245,0.0553924047558147,0.0892234955765802));
#1599=CARTESIAN_POINT('',(0.0102623784914613,0.0567792991970959,0.0892234955765801));
#1600=CARTESIAN_POINT('',(0.00328998929539803,0.0553924047558146,0.0892234955765802));
#1601=CARTESIAN_POINT('',(-0.00262091685043003,0.0514428635384264,0.0892234955765802));
#1602=CARTESIAN_POINT('',(-0.00657045806781824,0.0455319573925984,0.0892234955765802));
#1603=CARTESIAN_POINT('',(-0.00795735250909953,0.0385595681965351,0.0892234955765802));
#1604=CARTESIAN_POINT('',(-0.00657045806781824,0.0315871790004719,0.0892234955765801));
#1605=CARTESIAN_POINT('',(-0.00262091685043003,0.0256762728546438,0.0892234955765802));
#1606=CARTESIAN_POINT('',(0.00328998929539803,0.0217267316372556,0.0892234955765801));
#1607=CARTESIAN_POINT('',(0.0102623784914613,0.0203398371959743,0.0892234955765802));
#1608=CARTESIAN_POINT('',(0.0172347676875245,0.0217267316372556,0.0892234955765802));
#1609=CARTESIAN_POINT('',(0.0231456738333526,0.0256762728546438,0.0892234955765801));
#1610=CARTESIAN_POINT('',(0.0270952150507408,0.0315871790004719,0.0892234955765802));
#1611=CARTESIAN_POINT('',(0.0284821094920221,0.0385595681965351,0.0892234955765802));
#1612=CARTESIAN_POINT('',(0.0270952150507408,0.0455319573925984,0.0892234955765802));
#1613=CARTESIAN_POINT('',(0.0231456738333526,0.0514428635384264,0.0892234955765801));
#1614=CARTESIAN_POINT('',(0.0172347676875245,0.0553924047558147,0.0892234955765802));
#1615=CARTESIAN_POINT('',(0.0102623784914613,0.0567792991970959,0.0892234955765801));
#1616=CARTESIAN_POINT('',(0.00328998929539803,0.0553924047558146,0.0892234955765802));
#1617=CARTESIAN_POINT('',(0.0102623784914613,0.0385595681965351,0.10684148222208));
#1618=CARTESIAN_POINT('',(0.0102623784914613,0.0385595681965351,0.10684148222208));
#1619=CARTESIAN_POINT('',(0.0102623784914613,0.0385595681965351,0.10684148222208));
#1620=CARTESIAN_POINT('',(0.0102623784914613,0.0385595681965351,0.10684148222208));
#1621=CARTESIAN_POINT('',(0.0102623784914613,0.0385595681965351,0.10684148222208));
#1622=CARTESIAN_POINT('',(0.0102623784914613,0.0385595681965351,0.10684148222208));
#1623=CARTESIAN_POINT('',(0.0102623784914613,0.0385595681965351,0.10684148222208));
#1624=CARTESIAN_POINT('',(0.0102623784914613,0.0385595681965351,0.10684148222208));
#1625=CARTESIAN_POINT('',(0.0102623784914613,0.0385595681965351,0.10684148222208));
#1626=CARTESIAN_POINT('',(0.0102623784914613,0.0385595681965351,0.10684148222208));
#1627=CARTESIAN_POINT('',(0.0102623784914613,0.0385595681965351,0.10684148222208));
#1628=CARTESIAN_POINT('',(0.0102623784914613,0.0385595681965351,0.10684148222208));
#1629=CARTESIAN_POINT('',(0.0102623784914613,0.0385595681965351,0.10684148222208));
#1630=CARTESIAN_POINT('',(0.0102623784914613,0.0385595681965351,0.10684148222208));
#1631=CARTESIAN_POINT('',(0.0102623784914613,0.0385595681965351,0.10684148222208));
#1632=CARTESIAN_POINT('',(0.0102623784914613,0.0385595681965351,0.10684148222208));
#1633=CARTESIAN_POINT('',(0.0102623784914613,0.0385595681965351,0.10684148222208));
#1634=CARTESIAN_POINT('',(0.0102623784914613,0.0385595681965351,0.10684148222208));
#1635=CARTESIAN_POINT('',(0.0102623784914613,0.0385595681965351,0.10684148222208));
#1636=CARTESIAN_POINT('',(0.0113510490349184,0.0411878513875054,0.10684148222208));
#1637=CARTESIAN_POINT('',(0.0102623784914613,0.0414044014226009,0.10684148222208));
#1638=CARTESIAN_POINT('',(0.00917370794800416,0.0411878513875054,0.10684148222208));
#1639=CARTESIAN_POINT('',(0.00825077762596535,0.0405711690620311,0.10684148222208));
#1640=CARTESIAN_POINT('',(0.00763409530049102,0.0396482387399922,0.10684148222208));
#1641=CARTESIAN_POINT('',(0.00741754526539547,0.0385595681965351,0.10684148222208));
#1642=CARTESIAN_POINT('',(0.00763409530049102,0.037470897653078,0.10684148222208));
#1643=CARTESIAN_POINT('',(0.00825077762596535,0.0365479673310391,0.10684148222208));
#1644=CARTESIAN_POINT('',(0.00917370794800416,0.0359312850055649,0.10684148222208));
#1645=CARTESIAN_POINT('',(0.0102623784914613,0.0357147349704693,0.10684148222208));
#1646=CARTESIAN_POINT('',(0.0113510490349184,0.0359312850055649,0.10684148222208));
#1647=CARTESIAN_POINT('',(0.0122739793569572,0.0365479673310392,0.10684148222208));
#1648=CARTESIAN_POINT('',(0.0128906616824315,0.037470897653078,0.10684148222208));
#1649=CARTESIAN_POINT('',(0.0131072117175271,0.0385595681965351,0.10684148222208));
#1650=CARTESIAN_POINT('',(0.0128906616824316,0.0396482387399923,0.10684148222208));
#1651=CARTESIAN_POINT('',(0.0122739793569572,0.0405711690620311,0.10684148222208));
#1652=CARTESIAN_POINT('',(0.0113510490349184,0.0411878513875054,0.10684148222208));
#1653=CARTESIAN_POINT('',(0.0102623784914613,0.0414044014226009,0.10684148222208));
#1654=CARTESIAN_POINT('',(0.00917370794800416,0.0411878513875054,0.10684148222208));
#1655=CARTESIAN_POINT('',(0.0136019681781125,0.0466220509108099,0.103068068508362));
#1656=CARTESIAN_POINT('',(0.0102623784914613,0.0472863366014584,0.103068068508362));
#1657=CARTESIAN_POINT('',(0.00692278880481001,0.0466220509108099,0.103068068508362));
#1658=CARTESIAN_POINT('',(0.0040916213744955,0.0447303253135009,0.103068068508362));
#1659=CARTESIAN_POINT('',(0.00219989577718647,0.0418991578831863,0.103068068508362));
#1660=CARTESIAN_POINT('',(0.00153561008653797,0.0385595681965351,0.103068068508362));
#1661=CARTESIAN_POINT('',(0.00219989577718648,0.0352199785098838,0.103068068508362));
#1662=CARTESIAN_POINT('',(0.0040916213744955,0.0323888110795693,0.103068068508362));
#1663=CARTESIAN_POINT('',(0.00692278880481001,0.0304970854822603,0.103068068508362));
#1664=CARTESIAN_POINT('',(0.0102623784914613,0.0298327997916118,0.103068068508362));
#1665=CARTESIAN_POINT('',(0.0136019681781126,0.0304970854822603,0.103068068508362));
#1666=CARTESIAN_POINT('',(0.016433135608427,0.0323888110795693,0.103068068508362));
#1667=CARTESIAN_POINT('',(0.0183248612057361,0.0352199785098838,0.103068068508362));
#1668=CARTESIAN_POINT('',(0.0189891468963846,0.0385595681965351,0.103068068508362));
#1669=CARTESIAN_POINT('',(0.0183248612057361,0.0418991578831863,0.103068068508362));
#1670=CARTESIAN_POINT('',(0.016433135608427,0.0447303253135008,0.103068068508362));
#1671=CARTESIAN_POINT('',(0.0136019681781125,0.0466220509108099,0.103068068508362));
#1672=CARTESIAN_POINT('',(0.0102623784914613,0.0472863366014584,0.103068068508362));
#1673=CARTESIAN_POINT('',(0.00692278880481001,0.0466220509108099,0.103068068508362));
#1674=CARTESIAN_POINT('',(0.0170151359210437,0.0548621667664489,0.0955212410809256));
#1675=CARTESIAN_POINT('',(0.0102623784914613,0.0562053737331076,0.0955212410809255));
#1676=CARTESIAN_POINT('',(0.00350962106187879,0.0548621667664488,0.0955212410809255));
#1677=CARTESIAN_POINT('',(-0.00221509026294829,0.0510370369509447,0.0955212410809255));
#1678=CARTESIAN_POINT('',(-0.00604022007845244,0.0453123256261176,0.0955212410809255));
#1679=CARTESIAN_POINT('',(-0.00738342704511126,0.0385595681965351,0.0955212410809255));
#1680=CARTESIAN_POINT('',(-0.00604022007845244,0.0318068107669526,0.0955212410809255));
#1681=CARTESIAN_POINT('',(-0.00221509026294829,0.0260820994421255,0.0955212410809255));
#1682=CARTESIAN_POINT('',(0.00350962106187879,0.0222569696266214,0.0955212410809255));
#1683=CARTESIAN_POINT('',(0.0102623784914613,0.0209137626599626,0.0955212410809255));
#1684=CARTESIAN_POINT('',(0.0170151359210438,0.0222569696266214,0.0955212410809255));
#1685=CARTESIAN_POINT('',(0.0227398472458709,0.0260820994421255,0.0955212410809255));
#1686=CARTESIAN_POINT('',(0.026564977061375,0.0318068107669526,0.0955212410809255));
#1687=CARTESIAN_POINT('',(0.0279081840280338,0.0385595681965351,0.0955212410809255));
#1688=CARTESIAN_POINT('',(0.026564977061375,0.0453123256261176,0.0955212410809256));
#1689=CARTESIAN_POINT('',(0.0227398472458708,0.0510370369509447,0.0955212410809255));
#1690=CARTESIAN_POINT('',(0.0170151359210437,0.0548621667664489,0.0955212410809256));
#1691=CARTESIAN_POINT('',(0.0102623784914613,0.0562053737331076,0.0955212410809255));
#1692=CARTESIAN_POINT('',(0.00350962106187879,0.0548621667664488,0.0955212410809255));
#1693=CARTESIAN_POINT('',(0.0102623784914613,0.0385595681965351,0.0955212410809255));
#1694=CARTESIAN_POINT('',(0.0274604483724808,0.0385595681965351,0.0955212410809255));
#1695=CARTESIAN_POINT('',(0.0102623784914613,0.0385595681965351,0.10684148222208));
#1696=CARTESIAN_POINT('',(0.0170151359210437,0.0548621667664488,0.0955212410809255));
#1697=CARTESIAN_POINT('',(0.0102623784914613,0.0562053737331076,0.0955212410809255));
#1698=CARTESIAN_POINT('',(0.00350962106187879,0.0548621667664488,0.0955212410809255));
#1699=CARTESIAN_POINT('',(-0.00221509026294829,0.0510370369509447,0.0955212410809255));
#1700=CARTESIAN_POINT('',(-0.00604022007845244,0.0453123256261176,0.0955212410809255));
#1701=CARTESIAN_POINT('',(-0.00738342704511126,0.0385595681965351,0.0955212410809255));
#1702=CARTESIAN_POINT('',(-0.00604022007845244,0.0318068107669526,0.0955212410809255));
#1703=CARTESIAN_POINT('',(-0.00221509026294829,0.0260820994421255,0.0955212410809255));
#1704=CARTESIAN_POINT('',(0.00350962106187879,0.0222569696266214,0.0955212410809255));
#1705=CARTESIAN_POINT('',(0.0102623784914613,0.0209137626599626,0.0955212410809255));
#1706=CARTESIAN_POINT('',(0.0170151359210438,0.0222569696266214,0.0955212410809255));
#1707=CARTESIAN_POINT('',(0.0227398472458709,0.0260820994421255,0.0955212410809255));
#1708=CARTESIAN_POINT('',(0.026564977061375,0.0318068107669526,0.0955212410809255));
#1709=CARTESIAN_POINT('',(0.0279081840280338,0.0385595681965351,0.0955212410809255));
#1710=CARTESIAN_POINT('',(0.026564977061375,0.0453123256261176,0.0955212410809255));
#1711=CARTESIAN_POINT('',(0.0227398472458708,0.0510370369509447,0.0955212410809255));
#1712=CARTESIAN_POINT('',(0.0170151359210437,0.0548621667664488,0.0955212410809255));
#1713=CARTESIAN_POINT('',(0.0102623784914613,0.0562053737331076,0.0955212410809255));
#1714=CARTESIAN_POINT('',(0.00350962106187879,0.0548621667664488,0.0955212410809255));
#1715=CARTESIAN_POINT('',(0.0174516558116599,0.05591601900662,0.092625568195239));
#1716=CARTESIAN_POINT('',(0.0102623784914613,0.0573460551781295,0.0926255681952389));
#1717=CARTESIAN_POINT('',(0.00307310117126265,0.0559160190066199,0.0926255681952389));
#1718=CARTESIAN_POINT('',(-0.00302167384789693,0.0518436205358933,0.0926255681952389));
#1719=CARTESIAN_POINT('',(-0.00709407231862355,0.0457488455167337,0.0926255681952389));
#1720=CARTESIAN_POINT('',(-0.00852410849013315,0.0385595681965351,0.0926255681952389));
#1721=CARTESIAN_POINT('',(-0.00709407231862354,0.0313702908763364,0.0926255681952389));
#1722=CARTESIAN_POINT('',(-0.00302167384789693,0.0252755158571769,0.0926255681952389));
#1723=CARTESIAN_POINT('',(0.00307310117126265,0.0212031173864503,0.0926255681952389));
#1724=CARTESIAN_POINT('',(0.0102623784914613,0.0197730812149407,0.0926255681952389));
#1725=CARTESIAN_POINT('',(0.0174516558116599,0.0212031173864503,0.0926255681952389));
#1726=CARTESIAN_POINT('',(0.0235464308308195,0.0252755158571769,0.0926255681952389));
#1727=CARTESIAN_POINT('',(0.0276188293015461,0.0313702908763365,0.0926255681952389));
#1728=CARTESIAN_POINT('',(0.0290488654730557,0.0385595681965351,0.0926255681952389));
#1729=CARTESIAN_POINT('',(0.0276188293015461,0.0457488455167337,0.092625568195239));
#1730=CARTESIAN_POINT('',(0.0235464308308195,0.0518436205358933,0.0926255681952389));
#1731=CARTESIAN_POINT('',(0.0174516558116599,0.05591601900662,0.092625568195239));
#1732=CARTESIAN_POINT('',(0.0102623784914613,0.0573460551781295,0.0926255681952389));
#1733=CARTESIAN_POINT('',(0.00307310117126265,0.0559160190066199,0.0926255681952389));
#1734=CARTESIAN_POINT('',(0.0174516558116599,0.0559160190066199,0.0908026273051898));
#1735=CARTESIAN_POINT('',(0.0102623784914613,0.0573460551781295,0.0908026273051897));
#1736=CARTESIAN_POINT('',(0.00307310117126266,0.0559160190066199,0.0908026273051898));
#1737=CARTESIAN_POINT('',(-0.00302167384789691,0.0518436205358933,0.0908026273051898));
#1738=CARTESIAN_POINT('',(-0.00709407231862352,0.0457488455167337,0.0908026273051898));
#1739=CARTESIAN_POINT('',(-0.00852410849013312,0.0385595681965351,0.0908026273051898));
#1740=CARTESIAN_POINT('',(-0.00709407231862352,0.0313702908763365,0.0908026273051898));
#1741=CARTESIAN_POINT('',(-0.00302167384789691,0.0252755158571769,0.0908026273051898));
#1742=CARTESIAN_POINT('',(0.00307310117126266,0.0212031173864503,0.0908026273051898));
#1743=CARTESIAN_POINT('',(0.0102623784914613,0.0197730812149407,0.0908026273051898));
#1744=CARTESIAN_POINT('',(0.0174516558116599,0.0212031173864503,0.0908026273051898));
#1745=CARTESIAN_POINT('',(0.0235464308308195,0.0252755158571769,0.0908026273051898));
#1746=CARTESIAN_POINT('',(0.0276188293015461,0.0313702908763365,0.0908026273051898));
#1747=CARTESIAN_POINT('',(0.0290488654730557,0.0385595681965351,0.0908026273051898));
#1748=CARTESIAN_POINT('',(0.0276188293015461,0.0457488455167337,0.0908026273051898));
#1749=CARTESIAN_POINT('',(0.0235464308308195,0.0518436205358933,0.0908026273051898));
#1750=CARTESIAN_POINT('',(0.0174516558116599,0.0559160190066199,0.0908026273051898));
#1751=CARTESIAN_POINT('',(0.0102623784914613,0.0573460551781295,0.0908026273051897));
#1752=CARTESIAN_POINT('',(0.00307310117126266,0.0559160190066199,0.0908026273051898));
#1753=CARTESIAN_POINT('',(0.0170151359210437,0.0548621667664488,0.0900524184107781));
#1754=CARTESIAN_POINT('',(0.0102623784914613,0.0562053737331076,0.0900524184107781));
#1755=CARTESIAN_POINT('',(0.00350962106187879,0.0548621667664488,0.0900524184107781));
#1756=CARTESIAN_POINT('',(-0.00221509026294829,0.0510370369509447,0.0900524184107781));
#1757=CARTESIAN_POINT('',(-0.00604022007845244,0.0453123256261176,0.0900524184107781));
#1758=CARTESIAN_POINT('',(-0.00738342704511126,0.0385595681965351,0.0900524184107781));
#1759=CARTESIAN_POINT('',(-0.00604022007845244,0.0318068107669526,0.0900524184107781));
#1760=CARTESIAN_POINT('',(-0.00221509026294829,0.0260820994421255,0.0900524184107781));
#1761=CARTESIAN_POINT('',(0.00350962106187879,0.0222569696266214,0.0900524184107781));
#1762=CARTESIAN_POINT('',(0.0102623784914613,0.0209137626599626,0.0900524184107781));
#1763=CARTESIAN_POINT('',(0.0170151359210438,0.0222569696266214,0.0900524184107781));
#1764=CARTESIAN_POINT('',(0.0227398472458709,0.0260820994421255,0.0900524184107781));
#1765=CARTESIAN_POINT('',(0.026564977061375,0.0318068107669526,0.0900524184107781));
#1766=CARTESIAN_POINT('',(0.0279081840280338,0.0385595681965351,0.0900524184107781));
#1767=CARTESIAN_POINT('',(0.026564977061375,0.0453123256261176,0.0900524184107781));
#1768=CARTESIAN_POINT('',(0.0227398472458708,0.0510370369509447,0.0900524184107781));
#1769=CARTESIAN_POINT('',(0.0170151359210437,0.0548621667664488,0.0900524184107781));
#1770=CARTESIAN_POINT('',(0.0102623784914613,0.0562053737331076,0.0900524184107781));
#1771=CARTESIAN_POINT('',(0.00350962106187879,0.0548621667664488,0.0900524184107781));
#1772=MECHANICAL_DESIGN_GEOMETRIC_PRESENTATION_REPRESENTATION('',(#128),
#1773);
#1773=(
GEOMETRIC_REPRESENTATION_CONTEXT(3)
GLOBAL_UNCERTAINTY_ASSIGNED_CONTEXT((#1774))
GLOBAL_UNIT_ASSIGNED_CONTEXT((#1777,#1776,#1775))
REPRESENTATION_CONTEXT('lamp','TOP_LEVEL_ASSEMBLY_PART')
);
#1774=UNCERTAINTY_MEASURE_WITH_UNIT(LENGTH_MEASURE(2.E-5),#1777,
'DISTANCE_ACCURACY_VALUE','Maximum Tolerance applied to model');
#1775=(
NAMED_UNIT(*)
SI_UNIT($,.STERADIAN.)
SOLID_ANGLE_UNIT()
);
#1776=(
NAMED_UNIT(*)
PLANE_ANGLE_UNIT()
SI_UNIT($,.RADIAN.)
);
#1777=(
LENGTH_UNIT()
NAMED_UNIT(*)
SI_UNIT($,.METRE.)
);
#1778=PRODUCT_DEFINITION_SHAPE('','',#1779);
#1779=PRODUCT_DEFINITION('','',#1781,#1780);
#1780=PRODUCT_DEFINITION_CONTEXT('',#1787,'design');
#1781=PRODUCT_DEFINITION_FORMATION_WITH_SPECIFIED_SOURCE('','',#1783,
 .NOT_KNOWN.);
#1782=PRODUCT_RELATED_PRODUCT_CATEGORY('','',(#1783));
#1783=PRODUCT('lamp','lamp','lamp',(#1785));
#1784=PRODUCT_CATEGORY('','');
#1785=PRODUCT_CONTEXT('',#1787,'mechanical');
#1786=APPLICATION_PROTOCOL_DEFINITION('international standard',
'ap242_managed_model_based_3d_engineering',2020,#1787);
#1787=APPLICATION_CONTEXT('managed model based 3d engineering');
ENDSEC;
END-ISO-10303-21;
