ISO-10303-21;
HEADER;
/* Generated by software containing ST-Developer
 * from STEP Tools, Inc. (www.steptools.com) 
 */
/* OPTION: using custom renumber hook */

FILE_DESCRIPTION(
/* description */ ('STEP AP242 Edition 2',
'CAx-IF Rec.Pracs.---Representation and Presentation of Product Manufa
cturing Information (PMI)---4.0---2014-10-13',
'CAx-IF Rec.Pracs.---3D Tessellated Geometry---0.4---2014-09-14','2;1',
'CAx-IF Rec.Pracs.---User Defined Attributes---1.5---2016-08-15'),
/* implementation_level */ '2;1');

FILE_NAME(
/* name */ 'Assembly 1 - tall chair',
/* time_stamp */ '2026-09-07T22:10:42Z',
/* author */ (''),
/* organization */ (''),
/* preprocessor_version */ 'ST-DEVELOPER v20',
/* originating_system */ 'ONSHAPE BY PTC INC, 1.220',
/* authorisation */ '  ');

FILE_SCHEMA (('AP242_MANAGED_MODEL_BASED_3D_ENGINEERING_MIM_LF { 1 0 10303 442 3 1 4 }'));
ENDSEC;

DATA;
#10=SHAPE_REPRESENTATION_RELATIONSHIP('','',#215,#11);
#11=ADVANCED_BREP_SHAPE_REPRESENTATION('',(#213),#1652);
#12=CYLINDRICAL_SURFACE('',#222,0.00044028);
#13=B_SPLINE_SURFACE_WITH_KNOTS('',3,3,((#495,#496,#497,#498,#499,#500),
(#501,#502,#503,#504,#505,#506),(#507,#508,#509,#510,#511,#512),(#513,#514,
#515,#516,#517,#518),(#519,#520,#521,#522,#523,#524),(#525,#526,#527,#528,
#529,#530),(#531,#532,#533,#534,#535,#536)),.RULED_SURF.,.F.,.F.,.F.,(4,
3,4),(4,1,1,4),(-0.01,0.,1.),(0.,0.505500361697652,0.595409258643227,1.),
 .UNSPECIFIED.);
#14=B_SPLINE_SURFACE_WITH_KNOTS('',3,3,((#568,#569,#570,#571,#572,#573),
(#574,#575,#576,#577,#578,#579),(#580,#581,#582,#583,#584,#585),(#586,#587,
#588,#589,#590,#591),(#592,#593,#594,#595,#596,#597),(#598,#599,#600,#601,
#602,#603),(#604,#605,#606,#607,#608,#609),(#610,#611,#612,#613,#614,#615),
(#616,#617,#618,#619,#620,#621),(#622,#623,#624,#625,#626,#627),(#628,#629,
#630,#631,#632,#633),(#634,#635,#636,#637,#638,#639),(#640,#641,#642,#643,
#644,#645),(#646,#647,#648,#649,#650,#651),(#652,#653,#654,#655,#656,#657),
(#658,#659,#660,#661,#662,#663),(#664,#665,#666,#667,#668,#669),(#670,#671,
#672,#673,#674,#675),(#676,#677,#678,#679,#680,#681),(#682,#683,#684,#685,
#686,#687),(#688,#689,#690,#691,#692,#693),(#694,#695,#696,#697,#698,#699),
(#700,#701,#702,#703,#704,#705),(#706,#707,#708,#709,#710,#711),(#712,#713,
#714,#715,#716,#717),(#718,#719,#720,#721,#722,#723),(#724,#725,#726,#727,
#728,#729),(#730,#731,#732,#733,#734,#735),(#736,#737,#738,#739,#740,#741),
(#742,#743,#744,#745,#746,#747),(#748,#749,#750,#751,#752,#753),(#754,#755,
#756,#757,#758,#759),(#760,#761,#762,#763,#764,#765),(#766,#767,#768,#769,
#770,#771),(#772,#773,#774,#775,#776,#777),(#778,#779,#780,#781,#782,#783),
(#784,#785,#786,#787,#788,#789),(#790,#791,#792,#793,#794,#795),(#796,#797,
#798,#799,#800,#801),(#802,#803,#804,#805,#806,#807),(#808,#809,#810,#811,
#812,#813),(#814,#815,#816,#817,#818,#819),(#820,#821,#822,#823,#824,#825),
(#826,#827,#828,#829,#830,#831),(#832,#833,#834,#835,#836,#837),(#838,#839,
#840,#841,#842,#843),(#844,#845,#846,#847,#848,#849),(#850,#851,#852,#853,
#854,#855),(#856,#857,#858,#859,#860,#861),(#862,#863,#864,#865,#866,#867),
(#868,#869,#870,#871,#872,#873),(#874,#875,#876,#877,#878,#879),(#880,#881,
#882,#883,#884,#885),(#886,#887,#888,#889,#890,#891),(#892,#893,#894,#895,
#896,#897),(#898,#899,#900,#901,#902,#903),(#904,#905,#906,#907,#908,#909),
(#910,#911,#912,#913,#914,#915),(#916,#917,#918,#919,#920,#921),(#922,#923,
#924,#925,#926,#927),(#928,#929,#930,#931,#932,#933),(#934,#935,#936,#937,
#938,#939),(#940,#941,#942,#943,#944,#945),(#946,#947,#948,#949,#950,#951),
(#952,#953,#954,#955,#956,#957),(#958,#959,#960,#961,#962,#963),(#964,#965,
#966,#967,#968,#969),(#970,#971,#972,#973,#974,#975),(#976,#977,#978,#979,
#980,#981),(#982,#983,#984,#985,#986,#987),(#988,#989,#990,#991,#992,#993),
(#994,#995,#996,#997,#998,#999),(#1000,#1001,#1002,#1003,#1004,#1005),(#1006,
#1007,#1008,#1009,#1010,#1011),(#1012,#1013,#1014,#1015,#1016,#1017),(#1018,
#1019,#1020,#1021,#1022,#1023),(#1024,#1025,#1026,#1027,#1028,#1029),(#1030,
#1031,#1032,#1033,#1034,#1035),(#1036,#1037,#1038,#1039,#1040,#1041),(#1042,
#1043,#1044,#1045,#1046,#1047),(#1048,#1049,#1050,#1051,#1052,#1053),(#1054,
#1055,#1056,#1057,#1058,#1059),(#1060,#1061,#1062,#1063,#1064,#1065),(#1066,
#1067,#1068,#1069,#1070,#1071),(#1072,#1073,#1074,#1075,#1076,#1077),(#1078,
#1079,#1080,#1081,#1082,#1083),(#1084,#1085,#1086,#1087,#1088,#1089),(#1090,
#1091,#1092,#1093,#1094,#1095),(#1096,#1097,#1098,#1099,#1100,#1101),(#1102,
#1103,#1104,#1105,#1106,#1107),(#1108,#1109,#1110,#1111,#1112,#1113),(#1114,
#1115,#1116,#1117,#1118,#1119),(#1120,#1121,#1122,#1123,#1124,#1125),(#1126,
#1127,#1128,#1129,#1130,#1131)),.UNSPECIFIED.,.F.,.F.,.F.,(4,2,2,2,2,2,
2,2,2,2,2,2,2,2,2,2,2,2,2,2,2,2,2,2,2,2,2,2,2,2,2,2,2,2,2,2,2,2,2,2,2,2,
2,2,2,2,4),(4,1,1,4),(0.,0.125,0.15625,0.171875,0.1796875,0.18359375,0.185546875,
0.1875,0.25,0.28125,0.2890625,0.296875,0.3125,0.3203125,0.32421875,0.328125,
0.34375,0.375,0.4375,0.453125,0.4609375,0.46484375,0.46875,0.484375,0.4921875,
0.5,0.5625,0.5703125,0.578125,0.59375,0.609375,0.61328125,0.615234375,0.6171875,
0.625,0.75,0.765625,0.7734375,0.78125,0.8125,0.8203125,0.822265625,0.82421875,
0.828125,0.84375,0.875,1.),(0.,0.505500361697652,0.595409258643227,1.),
 .UNSPECIFIED.);
#15=LINE('',#480,#21);
#16=LINE('',#487,#22);
#17=LINE('',#494,#23);
#18=LINE('',#537,#24);
#19=LINE('',#1251,#25);
#20=LINE('',#1253,#26);
#21=VECTOR('',#229,1.);
#22=VECTOR('',#230,1.);
#23=VECTOR('',#233,1.);
#24=VECTOR('',#234,1.);
#25=VECTOR('',#237,1.);
#26=VECTOR('',#240,1.);
#27=PLANE('',#218);
#28=PLANE('',#219);
#29=PLANE('',#220);
#30=PLANE('',#221);
#31=B_SPLINE_CURVE_WITH_KNOTS('',3,(#387,#388,#389,#390,#391,#392,#393),
 .UNSPECIFIED.,.F.,.F.,(4,1,1,1,4),(6.28642821315607E-17,0.00943358582571358,
0.0188671716514271,0.0283007574771406,0.0377343433028541),.UNSPECIFIED.);
#32=B_SPLINE_CURVE_WITH_KNOTS('',3,(#395,#396,#397,#398,#399,#400,#401,
#402,#403,#404,#405,#406,#407,#408,#409,#410,#411,#412,#413,#414,#415,#416,
#417,#418,#419,#420,#421,#422),.UNSPECIFIED.,.F.,.F.,(4,1,1,1,1,1,1,1,1,
1,1,1,1,1,1,1,1,1,1,1,1,1,1,1,1,4),(-4.67055544111554E-5,0.00205113106151444,
0.00310004936947723,0.00414896767744003,0.00519788598540283,0.00624680429336562,
0.00729572260132842,0.00782018175530982,0.00834464090929122,0.00939355921725401,
0.0104424775252168,0.0114913958331796,0.0125403141411424,0.014638150757068,
0.0167359873729936,0.0188338239889192,0.0209316606048448,0.025127333836696,
0.0293230070685472,0.0335186803003983,0.0377143535322495,0.0419100267641007,
0.0503013732278031,0.0586927196915055,0.0628883929233566,0.0670840661552078),
 .UNSPECIFIED.);
#33=B_SPLINE_CURVE_WITH_KNOTS('',3,(#424,#425,#426,#427,#428,#429,#430,
#431,#432,#433,#434,#435,#436,#437,#438,#439,#440,#441,#442,#443,#444,#445,
#446,#447),.UNSPECIFIED.,.F.,.F.,(4,1,1,1,1,1,1,1,1,1,1,1,1,1,1,1,1,1,1,
1,1,4),(-2.84589061145777E-5,0.00275281431368395,0.00553408753348248,0.0110966339730795,
0.0138779071928781,0.0166591804126766,0.0222217268522736,0.0277842732918707,
0.0333468197314677,0.0389093661710648,0.0444719126106619,0.0500344590502589,
0.055597005489856,0.061159551929453,0.0667220983690501,0.0722846448086471,
0.0778471912482442,0.0806284644680427,0.0834097376878412,0.0861910109076398,
0.087581647517539,0.0889722841274383),.UNSPECIFIED.);
#34=B_SPLINE_CURVE_WITH_KNOTS('',3,(#449,#450,#451,#452,#453,#454,#455,
#456,#457,#458,#459,#460,#461,#462,#463,#464,#465,#466,#467,#468),
 .UNSPECIFIED.,.F.,.F.,(4,1,1,1,1,1,1,1,1,1,1,1,1,1,1,1,1,4),(-1.79367917205689E-5,
0.00162856913877665,0.00327507506927386,0.00492158099977107,0.00656808693026829,
0.00986109879126272,0.0131541106522571,0.0164471225132516,0.019740134374246,
0.0263261580962349,0.0329121818182237,0.0394982055402126,0.042791217401207,
0.0460842292622014,0.0477307351926986,0.0493772411231959,0.0510237470536931,
0.0526702529841903),.UNSPECIFIED.);
#35=B_SPLINE_CURVE_WITH_KNOTS('',3,(#470,#471,#472,#473,#474,#475,#476,
#477,#478),.UNSPECIFIED.,.F.,.F.,(4,1,1,1,1,1,4),(0.,0.18469771099625,0.3272486847356,
0.461780803490638,0.615990738543912,0.82132730508252,1.),.UNSPECIFIED.);
#36=B_SPLINE_CURVE_WITH_KNOTS('',3,(#483,#484,#485,#486),.UNSPECIFIED.,
 .F.,.F.,(4,4),(0.,4.15274688869831E-5),.UNSPECIFIED.);
#37=B_SPLINE_CURVE_WITH_KNOTS('',3,(#489,#490,#491,#492),.UNSPECIFIED.,
 .F.,.F.,(4,4),(1.18012206615884E-15,0.000368713921569566),
 .UNSPECIFIED.);
#38=B_SPLINE_CURVE_WITH_KNOTS('',3,(#540,#541,#542,#543,#544),
 .UNSPECIFIED.,.F.,.F.,(4,1,4),(0.,0.000382430660481397,0.000764861320962794),
 .UNSPECIFIED.);
#39=B_SPLINE_CURVE_WITH_KNOTS('',3,(#546,#547,#548,#549,#550,#551),
 .UNSPECIFIED.,.F.,.F.,(4,1,1,4),(0.,0.505500361697652,0.595409258643227,
1.),.UNSPECIFIED.);
#40=B_SPLINE_CURVE_WITH_KNOTS('',3,(#553,#554,#555,#556),.UNSPECIFIED.,
 .F.,.F.,(4,4),(0.,4.27059729424947E-5),.UNSPECIFIED.);
#41=B_SPLINE_CURVE_WITH_KNOTS('',3,(#557,#558,#559,#560,#561,#562),
 .UNSPECIFIED.,.F.,.F.,(4,1,1,4),(0.,0.505500361697652,0.595409258643227,
1.),.UNSPECIFIED.);
#42=B_SPLINE_CURVE_WITH_KNOTS('',3,(#564,#565,#566,#567),.UNSPECIFIED.,
 .F.,.F.,(4,4),(1.38777878078145E-17,0.000687787615309512),
 .UNSPECIFIED.);
#43=B_SPLINE_CURVE_WITH_KNOTS('',3,(#1132,#1133,#1134,#1135,#1136,#1137),
 .UNSPECIFIED.,.F.,.F.,(4,1,1,4),(0.,0.505500361697652,0.595409258643227,
1.),.UNSPECIFIED.);
#44=B_SPLINE_CURVE_WITH_KNOTS('',3,(#1140,#1141,#1142,#1143,#1144,#1145,
#1146,#1147,#1148,#1149,#1150,#1151,#1152,#1153,#1154,#1155,#1156,#1157,
#1158,#1159,#1160,#1161),.UNSPECIFIED.,.F.,.F.,(4,1,1,1,1,1,1,1,1,1,1,1,
1,1,1,1,1,1,1,4),(-5.99999999607311E-8,0.00081234682329634,0.00162475364659264,
0.00324956729318524,0.00487438093977784,0.00649919458637045,0.00974882187955565,
0.0129984491727409,0.0162480764659261,0.0194977037591113,0.0259969583454817,
0.0324962129318521,0.0357458402250373,0.0389954675182225,0.0422450948114077,
0.0454947221045929,0.0487443493977781,0.0503691630443707,0.051181569867667,
0.0519939766909633),.UNSPECIFIED.);
#45=B_SPLINE_CURVE_WITH_KNOTS('',3,(#1162,#1163,#1164,#1165,#1166,#1167,
#1168,#1169,#1170,#1171,#1172,#1173,#1174,#1175,#1176,#1177,#1178,#1179,
#1180,#1181,#1182,#1183),.UNSPECIFIED.,.F.,.F.,(4,1,1,1,1,1,1,1,1,1,1,1,
1,1,1,1,1,1,1,4),(-1.84568496920483E-5,0.0028400325916717,0.00569852203303545,
0.00855701147439919,0.0114155009157629,0.0171324797984904,0.0228494586812179,
0.0285664375639454,0.0342834164466729,0.0400003953294004,0.0457173742121279,
0.0514343530948554,0.0571513319775829,0.0628683108603104,0.0685852897430379,
0.0743022686257654,0.0800192475084929,0.0857362263912204,0.0885947158325841,
0.0914532052739479),.UNSPECIFIED.);
#46=B_SPLINE_CURVE_WITH_KNOTS('',3,(#1184,#1185,#1186,#1187,#1188,#1189,
#1190,#1191,#1192,#1193,#1194,#1195,#1196,#1197,#1198,#1199,#1200,#1201,
#1202,#1203,#1204,#1205,#1206,#1207,#1208,#1209,#1210,#1211,#1212),
 .UNSPECIFIED.,.F.,.F.,(4,1,1,1,1,1,1,1,1,1,1,1,1,1,1,1,1,1,1,1,1,1,1,1,
1,1,4),(-2.87987681572521E-5,0.00412753659934738,0.008283871966852,0.0165965427018613,
0.0249092134368705,0.0290655488043751,0.0332218841718798,0.0373782195393844,
0.041534554906889,0.0456908902743937,0.047769057958146,0.0498472256418983,
0.0519253933256506,0.0540035610094029,0.0550426448512791,0.0560817286931552,
0.0571208125350314,0.0581598963769075,0.0586794382978456,0.0591989802187837,
0.0597185221397218,0.0602380640606598,0.061277147902536,0.0623162317444122,
0.0633553155862883,0.0643943994281645,0.0664725671119168),.UNSPECIFIED.);
#47=B_SPLINE_CURVE_WITH_KNOTS('',3,(#1213,#1214,#1215,#1216,#1217,#1218,
#1219),.UNSPECIFIED.,.F.,.F.,(4,1,1,1,4),(-4.68993307120566E-5,0.00939093990539721,
0.0188287791415065,0.0282666183776158,0.037704457613725),.UNSPECIFIED.);
#48=B_SPLINE_CURVE_WITH_KNOTS('',3,(#1220,#1221,#1222,#1223,#1224,#1225,
#1226,#1227,#1228,#1229,#1230,#1231,#1232,#1233,#1234,#1235,#1236,#1237,
#1238,#1239,#1240),.UNSPECIFIED.,.F.,.F.,(4,1,1,1,1,1,1,1,1,1,1,1,1,1,1,
1,1,1,4),(-5.9999999609365E-8,0.000605958237771989,0.00121197647554359,
0.00242401295108678,0.00363604942662998,0.00484808590217318,0.00727215885325957,
0.00969623180434596,0.0121203047554324,0.0145443777065188,0.0169684506576051,
0.0193925236086915,0.0218165965597779,0.0242406695108643,0.0266647424619507,
0.0290888154130371,0.0315128883641235,0.0339369613152099,0.0387851072173827),
 .UNSPECIFIED.);
#49=B_SPLINE_CURVE_WITH_KNOTS('',3,(#1242,#1243,#1244,#1245),
 .UNSPECIFIED.,.F.,.F.,(4,4),(0.,8.62078440958307E-5),.UNSPECIFIED.);
#50=B_SPLINE_CURVE_WITH_KNOTS('',3,(#1247,#1248,#1249,#1250),
 .UNSPECIFIED.,.F.,.F.,(4,4),(0.,0.00018039550552887),.UNSPECIFIED.);
#51=B_SPLINE_CURVE_WITH_KNOTS('',3,(#1255,#1256,#1257,#1258,#1259,#1260,
#1261,#1262,#1263,#1264,#1265,#1266,#1267,#1268,#1269,#1270,#1271,#1272,
#1273,#1274,#1275,#1276,#1277,#1278),.UNSPECIFIED.,.F.,.F.,(4,1,1,1,1,1,
1,1,1,1,1,1,1,1,1,1,1,1,1,1,1,4),(0.,0.00468861596596442,0.00703292394894664,
0.00937723193192885,0.0117215399149111,0.0140658478978933,0.0164101558808755,
0.0187544638638577,0.0199266178553488,0.0210987718468399,0.022270925838331,
0.0234430798298221,0.0257873878128043,0.0281316957957865,0.0304760037787688,
0.032820311761751,0.0339924657532421,0.0351646197447332,0.0363367737362243,
0.0369228507319698,0.0372158892298426,0.0375089277277154),.UNSPECIFIED.);
#52=B_SPLINE_CURVE_WITH_KNOTS('',3,(#1280,#1281,#1282,#1283,#1284),
 .UNSPECIFIED.,.F.,.F.,(4,1,4),(0.,0.000431174481550522,0.000862348963101045),
 .UNSPECIFIED.);
#53=ORIENTED_EDGE('',*,*,#111,.F.);
#54=ORIENTED_EDGE('',*,*,#112,.T.);
#55=ORIENTED_EDGE('',*,*,#113,.T.);
#56=ORIENTED_EDGE('',*,*,#114,.T.);
#57=ORIENTED_EDGE('',*,*,#115,.T.);
#58=ORIENTED_EDGE('',*,*,#116,.T.);
#59=ORIENTED_EDGE('',*,*,#117,.F.);
#60=ORIENTED_EDGE('',*,*,#118,.T.);
#61=ORIENTED_EDGE('',*,*,#111,.T.);
#62=ORIENTED_EDGE('',*,*,#119,.T.);
#63=ORIENTED_EDGE('',*,*,#116,.F.);
#64=ORIENTED_EDGE('',*,*,#120,.T.);
#65=ORIENTED_EDGE('',*,*,#121,.T.);
#66=ORIENTED_EDGE('',*,*,#119,.F.);
#67=ORIENTED_EDGE('',*,*,#122,.F.);
#68=ORIENTED_EDGE('',*,*,#123,.T.);
#69=ORIENTED_EDGE('',*,*,#124,.F.);
#70=ORIENTED_EDGE('',*,*,#125,.T.);
#71=ORIENTED_EDGE('',*,*,#117,.T.);
#72=ORIENTED_EDGE('',*,*,#126,.T.);
#73=ORIENTED_EDGE('',*,*,#127,.T.);
#74=ORIENTED_EDGE('',*,*,#128,.F.);
#75=ORIENTED_EDGE('',*,*,#129,.T.);
#76=ORIENTED_EDGE('',*,*,#130,.T.);
#77=ORIENTED_EDGE('',*,*,#131,.T.);
#78=ORIENTED_EDGE('',*,*,#132,.T.);
#79=ORIENTED_EDGE('',*,*,#124,.T.);
#80=ORIENTED_EDGE('',*,*,#133,.T.);
#81=ORIENTED_EDGE('',*,*,#134,.T.);
#82=ORIENTED_EDGE('',*,*,#121,.F.);
#83=ORIENTED_EDGE('',*,*,#135,.T.);
#84=ORIENTED_EDGE('',*,*,#128,.T.);
#85=ORIENTED_EDGE('',*,*,#136,.T.);
#86=ORIENTED_EDGE('',*,*,#126,.F.);
#87=ORIENTED_EDGE('',*,*,#137,.T.);
#88=ORIENTED_EDGE('',*,*,#138,.T.);
#89=ORIENTED_EDGE('',*,*,#122,.T.);
#90=ORIENTED_EDGE('',*,*,#136,.F.);
#91=ORIENTED_EDGE('',*,*,#134,.F.);
#92=ORIENTED_EDGE('',*,*,#139,.F.);
#93=ORIENTED_EDGE('',*,*,#137,.F.);
#94=ORIENTED_EDGE('',*,*,#127,.F.);
#95=ORIENTED_EDGE('',*,*,#139,.T.);
#96=ORIENTED_EDGE('',*,*,#133,.F.);
#97=ORIENTED_EDGE('',*,*,#123,.F.);
#98=ORIENTED_EDGE('',*,*,#138,.F.);
#99=ORIENTED_EDGE('',*,*,#120,.F.);
#100=ORIENTED_EDGE('',*,*,#115,.F.);
#101=ORIENTED_EDGE('',*,*,#129,.F.);
#102=ORIENTED_EDGE('',*,*,#135,.F.);
#103=ORIENTED_EDGE('',*,*,#130,.F.);
#104=ORIENTED_EDGE('',*,*,#114,.F.);
#105=ORIENTED_EDGE('',*,*,#131,.F.);
#106=ORIENTED_EDGE('',*,*,#113,.F.);
#107=ORIENTED_EDGE('',*,*,#132,.F.);
#108=ORIENTED_EDGE('',*,*,#112,.F.);
#109=ORIENTED_EDGE('',*,*,#118,.F.);
#110=ORIENTED_EDGE('',*,*,#125,.F.);
#111=EDGE_CURVE('',#140,#141,#158,.T.);
#112=EDGE_CURVE('',#140,#142,#31,.T.);
#113=EDGE_CURVE('',#142,#143,#32,.T.);
#114=EDGE_CURVE('',#143,#144,#33,.T.);
#115=EDGE_CURVE('',#144,#145,#34,.T.);
#116=EDGE_CURVE('',#145,#141,#35,.T.);
#117=EDGE_CURVE('',#146,#147,#15,.T.);
#118=EDGE_CURVE('',#146,#140,#36,.T.);
#119=EDGE_CURVE('',#141,#147,#16,.T.);
#120=EDGE_CURVE('',#145,#148,#37,.T.);
#121=EDGE_CURVE('',#148,#147,#17,.T.);
#122=EDGE_CURVE('',#149,#150,#18,.T.);
#123=EDGE_CURVE('',#149,#151,#38,.T.);
#124=EDGE_CURVE('',#152,#151,#39,.T.);
#125=EDGE_CURVE('',#152,#146,#40,.T.);
#126=EDGE_CURVE('',#147,#153,#41,.T.);
#127=EDGE_CURVE('',#153,#150,#42,.T.);
#128=EDGE_CURVE('',#154,#155,#43,.T.);
#129=EDGE_CURVE('',#154,#144,#44,.T.);
#130=EDGE_CURVE('',#144,#143,#45,.T.);
#131=EDGE_CURVE('',#143,#142,#46,.T.);
#132=EDGE_CURVE('',#142,#152,#47,.T.);
#133=EDGE_CURVE('',#151,#156,#48,.T.);
#134=EDGE_CURVE('',#156,#155,#49,.T.);
#135=EDGE_CURVE('',#148,#154,#50,.T.);
#136=EDGE_CURVE('',#155,#153,#19,.F.);
#137=EDGE_CURVE('',#150,#157,#20,.F.);
#138=EDGE_CURVE('',#157,#149,#51,.T.);
#139=EDGE_CURVE('',#157,#156,#52,.F.);
#140=VERTEX_POINT('',#385);
#141=VERTEX_POINT('',#386);
#142=VERTEX_POINT('',#394);
#143=VERTEX_POINT('',#423);
#144=VERTEX_POINT('',#448);
#145=VERTEX_POINT('',#469);
#146=VERTEX_POINT('',#481);
#147=VERTEX_POINT('',#482);
#148=VERTEX_POINT('',#493);
#149=VERTEX_POINT('',#538);
#150=VERTEX_POINT('',#539);
#151=VERTEX_POINT('',#545);
#152=VERTEX_POINT('',#552);
#153=VERTEX_POINT('',#563);
#154=VERTEX_POINT('',#1138);
#155=VERTEX_POINT('',#1139);
#156=VERTEX_POINT('',#1241);
#157=VERTEX_POINT('',#1254);
#158=CIRCLE('',#217,0.0498364397790283);
#159=EDGE_LOOP('',(#53,#54,#55,#56,#57,#58));
#160=EDGE_LOOP('',(#59,#60,#61,#62));
#161=EDGE_LOOP('',(#63,#64,#65,#66));
#162=EDGE_LOOP('',(#67,#68,#69,#70,#71,#72,#73));
#163=EDGE_LOOP('',(#74,#75,#76,#77,#78,#79,#80,#81));
#164=EDGE_LOOP('',(#82,#83,#84,#85,#86));
#165=EDGE_LOOP('',(#87,#88,#89));
#166=EDGE_LOOP('',(#90,#91,#92,#93,#94));
#167=EDGE_LOOP('',(#95,#96,#97,#98));
#168=EDGE_LOOP('',(#99,#100,#101,#102));
#169=EDGE_LOOP('',(#103,#104));
#170=EDGE_LOOP('',(#105,#106));
#171=EDGE_LOOP('',(#107,#108,#109,#110));
#172=FACE_BOUND('',#159,.T.);
#173=FACE_BOUND('',#160,.T.);
#174=FACE_BOUND('',#161,.T.);
#175=FACE_BOUND('',#162,.T.);
#176=FACE_BOUND('',#163,.T.);
#177=FACE_BOUND('',#164,.T.);
#178=FACE_BOUND('',#165,.T.);
#179=FACE_BOUND('',#166,.T.);
#180=FACE_BOUND('',#167,.T.);
#181=FACE_BOUND('',#168,.T.);
#182=FACE_BOUND('',#169,.T.);
#183=FACE_BOUND('',#170,.T.);
#184=FACE_BOUND('',#171,.T.);
#185=(
BOUNDED_SURFACE()
B_SPLINE_SURFACE(3,3,((#244,#245,#246,#247),(#248,#249,#250,#251),(#252,
#253,#254,#255),(#256,#257,#258,#259),(#260,#261,#262,#263),(#264,#265,
#266,#267),(#268,#269,#270,#271),(#272,#273,#274,#275),(#276,#277,#278,
#279),(#280,#281,#282,#283),(#284,#285,#286,#287),(#288,#289,#290,#291),
(#292,#293,#294,#295),(#296,#297,#298,#299),(#300,#301,#302,#303),(#304,
#305,#306,#307),(#308,#309,#310,#311),(#312,#313,#314,#315),(#316,#317,
#318,#319),(#320,#321,#322,#323),(#324,#325,#326,#327),(#328,#329,#330,
#331),(#332,#333,#334,#335),(#336,#337,#338,#339),(#340,#341,#342,#343),
(#344,#345,#346,#347),(#348,#349,#350,#351),(#352,#353,#354,#355),(#356,
#357,#358,#359),(#360,#361,#362,#363),(#364,#365,#366,#367),(#368,#369,
#370,#371),(#372,#373,#374,#375),(#376,#377,#378,#379),(#380,#381,#382,
#383)),.SURF_OF_REVOLUTION.,.F.,.F.,.F.)
B_SPLINE_SURFACE_WITH_KNOTS((4,1,1,1,1,1,1,1,1,1,1,1,1,1,1,1,1,1,1,1,1,
1,1,1,1,1,1,1,1,1,1,1,4),(4,4),(0.,0.0625,0.125,0.15625,0.1875,0.21875,
0.25,0.28125,0.3125,0.328125,0.34375,0.375,0.40625,0.4375,0.453125,0.46875,
0.5,0.53125,0.5625,0.59375,0.609375,0.625,0.65625,0.6875,0.75,0.78125,0.8125,
0.828125,0.84375,0.875,0.90625,0.9375,1.),(0.,1.),.UNSPECIFIED.)
GEOMETRIC_REPRESENTATION_ITEM()
RATIONAL_B_SPLINE_SURFACE(((1.,0.94925302167393,0.94925302167393,1.),(1.,
0.94925302167393,0.94925302167393,1.),(1.,0.94925302167393,0.94925302167393,
1.),(1.,0.94925302167393,0.94925302167393,1.),(1.,0.94925302167393,0.94925302167393,
1.),(1.,0.94925302167393,0.94925302167393,1.),(1.,0.94925302167393,0.94925302167393,
1.),(1.,0.94925302167393,0.94925302167393,1.),(1.,0.94925302167393,0.94925302167393,
1.),(1.,0.94925302167393,0.94925302167393,1.),(1.,0.94925302167393,0.94925302167393,
1.),(1.,0.94925302167393,0.94925302167393,1.),(1.,0.94925302167393,0.94925302167393,
1.),(1.,0.94925302167393,0.94925302167393,1.),(1.,0.94925302167393,0.94925302167393,
1.),(1.,0.94925302167393,0.94925302167393,1.),(1.,0.94925302167393,0.94925302167393,
1.),(1.,0.94925302167393,0.94925302167393,1.),(1.,0.94925302167393,0.94925302167393,
1.),(1.,0.94925302167393,0.94925302167393,1.),(1.,0.94925302167393,0.94925302167393,
1.),(1.,0.94925302167393,0.94925302167393,1.),(1.,0.94925302167393,0.94925302167393,
1.),(1.,0.94925302167393,0.94925302167393,1.),(1.,0.94925302167393,0.94925302167393,
1.),(1.,0.94925302167393,0.94925302167393,1.),(1.,0.94925302167393,0.94925302167393,
1.),(1.,0.94925302167393,0.94925302167393,1.),(1.,0.94925302167393,0.94925302167393,
1.),(1.,0.94925302167393,0.94925302167393,1.),(1.,0.94925302167393,0.94925302167393,
1.),(1.,0.94925302167393,0.94925302167393,1.),(1.,0.94925302167393,0.94925302167393,
1.),(1.,0.94925302167393,0.94925302167393,1.),(1.,0.94925302167393,0.94925302167393,
1.)))
REPRESENTATION_ITEM('')
SURFACE()
);
#186=(
BOUNDED_SURFACE()
B_SPLINE_SURFACE(3,2,((#1285,#1286,#1287),(#1288,#1289,#1290),(#1291,#1292,
#1293),(#1294,#1295,#1296),(#1297,#1298,#1299),(#1300,#1301,#1302),(#1303,
#1304,#1305),(#1306,#1307,#1308),(#1309,#1310,#1311),(#1312,#1313,#1314),
(#1315,#1316,#1317),(#1318,#1319,#1320),(#1321,#1322,#1323),(#1324,#1325,
#1326),(#1327,#1328,#1329),(#1330,#1331,#1332),(#1333,#1334,#1335),(#1336,
#1337,#1338),(#1339,#1340,#1341),(#1342,#1343,#1344),(#1345,#1346,#1347),
(#1348,#1349,#1350),(#1351,#1352,#1353),(#1354,#1355,#1356),(#1357,#1358,
#1359),(#1360,#1361,#1362),(#1363,#1364,#1365),(#1366,#1367,#1368),(#1369,
#1370,#1371),(#1372,#1373,#1374),(#1375,#1376,#1377),(#1378,#1379,#1380)),
 .UNSPECIFIED.,.F.,.F.,.F.)
B_SPLINE_SURFACE_WITH_KNOTS((4,1,1,1,1,1,1,1,1,1,1,1,1,1,1,1,1,1,1,1,1,
1,1,1,1,1,1,1,1,4),(3,3),(0.0103170444326856,0.0151261995523651,0.0175307771122049,
0.0199353546720447,0.0223399322318845,0.0247445097917243,0.0271490873515641,
0.0295536649114039,0.0307559536913237,0.0319582424712436,0.0331605312511635,
0.0343628200310834,0.0355651088110033,0.0367673975909232,0.039171975150763,
0.0415765527106028,0.0439811302704426,0.0451834190503625,0.0463857078302824,
0.0469868522202423,0.0475879966102022,0.0478885688051822,0.0480388549026722,
0.0481891410001622,0.0482267125245347,0.0482454982867209,0.0482642840489072,
0.0483394270976522,0.0484897131951422,0.0487902853901221),(0.,1.),
 .UNSPECIFIED.)
GEOMETRIC_REPRESENTATION_ITEM()
RATIONAL_B_SPLINE_SURFACE(((1.,0.771435710316215,1.),(1.,0.770396507613695,
1.),(1.,0.770161182460822,1.),(1.,0.766511358430356,1.),(1.,0.759561146616561,
1.),(1.,0.744323694281544,1.),(1.,0.727410404332836,1.),(1.,0.713368867304212,
1.),(1.,0.703830840666893,1.),(1.,0.698631092043349,1.),(1.,0.697643135530104,
1.),(1.,0.704511118196028,1.),(1.,0.713988326880083,1.),(1.,0.722947618482695,
1.),(1.,0.733729023130651,1.),(1.,0.743431668588619,1.),(1.,0.745609712970496,
1.),(1.,0.738830624327441,1.),(1.,0.730649648762483,1.),(1.,0.724581780908786,
1.),(1.,0.719184086884988,1.),(1.,0.715610170494507,1.),(1.,0.712832279357623,
1.),(1.,0.711216358146502,1.),(1.,0.709991631458468,1.),(1.,0.709411243481448,
1.),(1.,0.708653670342742,1.),(1.,0.708657773748207,1.),(1.,0.708001857024609,
1.),(1.,0.707205326726673,1.),(1.,0.706315755691804,1.),(1.,0.705771138510718,
1.)))
REPRESENTATION_ITEM('')
SURFACE()
);
#187=(
BOUNDED_SURFACE()
B_SPLINE_SURFACE(3,2,((#1381,#1382,#1383),(#1384,#1385,#1386),(#1387,#1388,
#1389),(#1390,#1391,#1392),(#1393,#1394,#1395),(#1396,#1397,#1398),(#1399,
#1400,#1401),(#1402,#1403,#1404),(#1405,#1406,#1407),(#1408,#1409,#1410),
(#1411,#1412,#1413),(#1414,#1415,#1416),(#1417,#1418,#1419),(#1420,#1421,
#1422),(#1423,#1424,#1425),(#1426,#1427,#1428),(#1429,#1430,#1431),(#1432,
#1433,#1434),(#1435,#1436,#1437),(#1438,#1439,#1440),(#1441,#1442,#1443),
(#1444,#1445,#1446),(#1447,#1448,#1449),(#1450,#1451,#1452),(#1453,#1454,
#1455),(#1456,#1457,#1458),(#1459,#1460,#1461)),.UNSPECIFIED.,.F.,.F.,.F.)
B_SPLINE_SURFACE_WITH_KNOTS((4,1,1,1,1,1,1,1,1,1,1,1,1,1,1,1,1,1,1,1,1,
1,1,1,4),(3,3),(0.00325136781797481,0.00366169890877075,0.00407202999956669,
0.00448236109036262,0.00489269218115856,0.00571335436275044,0.00653401654434231,
0.00817534090752607,0.00981666527070982,0.0114579896338936,0.0130993139970773,
0.0163819627234448,0.0196646114498123,0.0229472601761798,0.0295125576289148,
0.0360778550816498,0.0393605038080174,0.0426431525343849,0.0459258012607524,
0.0492084499871199,0.0508497743503036,0.0524910987134874,0.0541324230766711,
0.054953085258263,0.0557737474398549),(0.,1.),.UNSPECIFIED.)
GEOMETRIC_REPRESENTATION_ITEM()
RATIONAL_B_SPLINE_SURFACE(((1.,0.871823006858877,1.),(1.,0.881210555733397,
1.),(1.,0.898547989371531,1.),(1.,0.854747586672598,1.),(1.,0.848091535777223,
1.),(1.,0.83919215622165,1.),(1.,0.836059235005932,1.),(1.,0.83251765164247,
1.),(1.,0.831010350107632,1.),(1.,0.829855004590703,1.),(1.,0.829202862330096,
1.),(1.,0.828563296894845,1.),(1.,0.828027852474259,1.),(1.,0.827521430310549,
1.),(1.,0.826951564228103,1.),(1.,0.82638281154564,1.),(1.,0.826087251747293,
1.),(1.,0.826450162635113,1.),(1.,0.827299150221674,1.),(1.,0.829763389550686,
1.),(1.,0.834711210961792,1.),(1.,0.847852983832877,1.),(1.,0.869187816766807,
1.),(1.,0.916263628464865,1.),(1.,0.978959463586304,1.),(1.,1.00000000940815,
1.),(1.,1.,1.)))
REPRESENTATION_ITEM('')
SURFACE()
);
#188=(
BOUNDED_SURFACE()
B_SPLINE_SURFACE(3,2,((#1462,#1463,#1464),(#1465,#1466,#1467),(#1468,#1469,
#1470),(#1471,#1472,#1473),(#1474,#1475,#1476),(#1477,#1478,#1479),(#1480,
#1481,#1482),(#1483,#1484,#1485),(#1486,#1487,#1488),(#1489,#1490,#1491),
(#1492,#1493,#1494),(#1495,#1496,#1497),(#1498,#1499,#1500),(#1501,#1502,
#1503),(#1504,#1505,#1506),(#1507,#1508,#1509),(#1510,#1511,#1512),(#1513,
#1514,#1515),(#1516,#1517,#1518),(#1519,#1520,#1521),(#1522,#1523,#1524),
(#1525,#1526,#1527),(#1528,#1529,#1530)),.UNSPECIFIED.,.F.,.F.,.F.)
B_SPLINE_SURFACE_WITH_KNOTS((4,1,1,1,1,1,1,1,1,1,1,1,1,1,1,1,1,1,1,1,4),
(3,3),(-2.82476951650832E-5,0.00273631553190845,0.00550087875898197,0.011030005213129,
0.0165591316672761,0.0220882581214231,0.0276173845755702,0.0331465110297173,
0.0386756374838643,0.0442047639380114,0.0497338903921584,0.0552630168463055,
0.0607921433004526,0.0663212697545996,0.0718503962087467,0.0773795226628937,
0.0801440858899672,0.0829086491170408,0.0856732123441143,0.0870554939576511,
0.0884377755711878),(0.,1.),.UNSPECIFIED.)
GEOMETRIC_REPRESENTATION_ITEM()
RATIONAL_B_SPLINE_SURFACE(((1.,1.,1.),(1.,1.00000000064644,1.),(1.,0.984799305236284,
1.),(1.,0.921446916905301,1.),(1.,0.882949909306063,1.),(1.,0.867821817829103,
1.),(1.,0.860518743640198,1.),(1.,0.856196047357827,1.),(1.,0.852850884657887,
1.),(1.,0.848411534401282,1.),(1.,0.842879019868885,1.),(1.,0.841003307844747,
1.),(1.,0.842847342297099,1.),(1.,0.847089289750909,1.),(1.,0.852859413788493,
1.),(1.,0.860719499155213,1.),(1.,0.871189621177206,1.),(1.,0.887444259120093,
1.),(1.,0.907884009269019,1.),(1.,0.942461797259862,1.),(1.,0.98541779915351,
1.),(1.,0.999999999042665,1.),(1.,1.,1.)))
REPRESENTATION_ITEM('')
SURFACE()
);
#189=(
BOUNDED_SURFACE()
B_SPLINE_SURFACE(3,2,((#1531,#1532,#1533),(#1534,#1535,#1536),(#1537,#1538,
#1539),(#1540,#1541,#1542),(#1543,#1544,#1545),(#1546,#1547,#1548),(#1549,
#1550,#1551),(#1552,#1553,#1554),(#1555,#1556,#1557),(#1558,#1559,#1560),
(#1561,#1562,#1563),(#1564,#1565,#1566),(#1567,#1568,#1569),(#1570,#1571,
#1572),(#1573,#1574,#1575),(#1576,#1577,#1578),(#1579,#1580,#1581),(#1582,
#1583,#1584),(#1585,#1586,#1587),(#1588,#1589,#1590),(#1591,#1592,#1593),
(#1594,#1595,#1596),(#1597,#1598,#1599),(#1600,#1601,#1602),(#1603,#1604,
#1605),(#1606,#1607,#1608),(#1609,#1610,#1611),(#1612,#1613,#1614),(#1615,
#1616,#1617),(#1618,#1619,#1620),(#1621,#1622,#1623),(#1624,#1625,#1626)),
 .UNSPECIFIED.,.F.,.F.,.F.)
B_SPLINE_SURFACE_WITH_KNOTS((4,1,1,1,1,1,1,1,1,1,1,1,1,1,1,1,1,1,1,1,1,
1,1,1,1,1,1,1,1,4),(3,3),(-2.89317343694508E-5,0.00409524867224595,0.00821942907886134,
0.0164677898920921,0.0247161507053229,0.0288403311119383,0.0329645115185537,
0.0370886919251691,0.0412128723317845,0.0453370527383999,0.0473991429417076,
0.0494612331450153,0.051523323348323,0.0535854135516307,0.0546164586532846,
0.0556475037549384,0.0566785488565923,0.0571940714074192,0.0577095939582461,
0.058225116509073,0.0587406390599,0.0589984003353134,0.0592561616107269,
0.0597716841615538,0.0602872067123807,0.0608027292632077,0.0618337743648615,
0.0628648194665154,0.0638958645681692,0.0659579547714769),(0.,1.),
 .UNSPECIFIED.)
GEOMETRIC_REPRESENTATION_ITEM()
RATIONAL_B_SPLINE_SURFACE(((1.,1.,1.),(1.,0.99999999951717,1.),(1.,0.984781645549897,
1.),(1.,0.959273124120473,1.),(1.,0.943149354441406,1.),(1.,0.935025931948641,
1.),(1.,0.930431961209181,1.),(1.,0.927607513045173,1.),(1.,0.925082776717638,
1.),(1.,0.922553580692208,1.),(1.,0.920113166779851,1.),(1.,0.917561615243608,
1.),(1.,0.915149962099584,1.),(1.,0.911896832795231,1.),(1.,0.907943883124632,
1.),(1.,0.903180313649526,1.),(1.,0.898289898629665,1.),(1.,0.892403883077074,
1.),(1.,0.885635900162407,1.),(1.,0.879119706233657,1.),(1.,0.870458259369587,
1.),(1.,0.863185096138793,1.),(1.,0.865599234874079,1.),(1.,0.878513361076157,
1.),(1.,0.915520744371378,1.),(1.,0.950747926461487,1.),(1.,0.977839380780519,
1.),(1.,0.99090929753404,1.),(1.,0.99683320383547,1.),(1.,0.999835764404796,
1.),(1.,1.00000000005136,1.),(1.,1.,1.)))
REPRESENTATION_ITEM('')
SURFACE()
);
#190=(
BOUNDED_SURFACE()
B_SPLINE_SURFACE(3,2,((#1627,#1628,#1629),(#1630,#1631,#1632),(#1633,#1634,
#1635),(#1636,#1637,#1638),(#1639,#1640,#1641),(#1642,#1643,#1644),(#1645,
#1646,#1647),(#1648,#1649,#1650)),.UNSPECIFIED.,.F.,.F.,.F.)
B_SPLINE_SURFACE_WITH_KNOTS((4,1,1,1,1,4),(3,3),(0.00456504140828467,0.0140709142808233,
0.023576787153362,0.0330826600259006,0.0378355964621699,0.0425885328984392),
(0.,1.),.UNSPECIFIED.)
GEOMETRIC_REPRESENTATION_ITEM()
RATIONAL_B_SPLINE_SURFACE(((1.,0.995593370055567,1.),(1.,0.995575195897957,
1.),(1.,0.99557900614688,1.),(1.,0.995889878027835,1.),(1.,0.996938706500561,
1.),(1.,0.998642592440738,1.),(1.,0.999999999902906,1.),(1.,1.,1.)))
REPRESENTATION_ITEM('')
SURFACE()
);
#191=ADVANCED_FACE('',(#172),#185,.F.);
#192=ADVANCED_FACE('',(#173),#27,.F.);
#193=ADVANCED_FACE('',(#174),#28,.F.);
#194=ADVANCED_FACE('',(#175),#13,.T.);
#195=ADVANCED_FACE('',(#176),#14,.T.);
#196=ADVANCED_FACE('',(#177),#29,.F.);
#197=ADVANCED_FACE('',(#178),#30,.T.);
#198=ADVANCED_FACE('',(#179),#12,.T.);
#199=ADVANCED_FACE('',(#180),#186,.T.);
#200=ADVANCED_FACE('',(#181),#187,.T.);
#201=ADVANCED_FACE('',(#182),#188,.F.);
#202=ADVANCED_FACE('',(#183),#189,.T.);
#203=ADVANCED_FACE('',(#184),#190,.F.);
#204=CLOSED_SHELL('',(#191,#192,#193,#194,#195,#196,#197,#198,#199,#200,
#201,#202,#203));
#205=STYLED_ITEM('',(#206),#213);
#206=PRESENTATION_STYLE_ASSIGNMENT((#207));
#207=SURFACE_STYLE_USAGE(.BOTH.,#208);
#208=SURFACE_SIDE_STYLE('',(#209));
#209=SURFACE_STYLE_FILL_AREA(#210);
#210=FILL_AREA_STYLE('',(#211));
#211=FILL_AREA_STYLE_COLOUR('',#212);
#212=COLOUR_RGB('',0.282352941176471,0.549019607843137,0.16078431372549);
#213=MANIFOLD_SOLID_BREP('tall chair',#204);
#214=SHAPE_DEFINITION_REPRESENTATION(#1657,#215);
#215=SHAPE_REPRESENTATION('tall chair',(#216),#1652);
#216=AXIS2_PLACEMENT_3D('',#243,#223,#224);
#217=AXIS2_PLACEMENT_3D('',#384,#225,#226);
#218=AXIS2_PLACEMENT_3D('',#479,#227,#228);
#219=AXIS2_PLACEMENT_3D('',#488,#231,#232);
#220=AXIS2_PLACEMENT_3D('',#1246,#235,#236);
#221=AXIS2_PLACEMENT_3D('',#1252,#238,#239);
#222=AXIS2_PLACEMENT_3D('',#1279,#241,#242);
#223=DIRECTION('',(0.,0.,1.));
#224=DIRECTION('',(1.,0.,0.));
#225=DIRECTION('',(0.,0.,-1.));
#226=DIRECTION('',(-1.,0.,0.));
#227=DIRECTION('',(0.,0.,1.));
#228=DIRECTION('',(1.,0.,0.));
#229=DIRECTION('',(0.707106781186548,0.707106781186548,0.));
#230=DIRECTION('',(1.,0.,0.));
#231=DIRECTION('',(0.,-1.,0.));
#232=DIRECTION('',(1.,0.,0.));
#233=DIRECTION('',(0.,0.,-1.));
#234=DIRECTION('',(1.,0.,0.));
#235=DIRECTION('',(-1.,7.18663885278497E-16,3.6391499581496E-14));
#236=DIRECTION('',(3.6391499581496E-14,0.,1.));
#237=DIRECTION('',(3.6391499581496E-14,0.,1.));
#238=DIRECTION('',(0.,-1.,0.));
#239=DIRECTION('',(1.,0.,0.));
#240=DIRECTION('',(-3.6391499581496E-14,0.,-1.));
#241=DIRECTION('',(-3.6391499581496E-14,0.,-1.));
#242=DIRECTION('',(-1.,0.,3.6391499581496E-14));
#243=CARTESIAN_POINT('',(0.,0.,0.));
#244=CARTESIAN_POINT('',(0.0470504388213158,0.0933662287890911,0.108997166156769));
#245=CARTESIAN_POINT('',(0.0470504388213158,0.0933662287890911,0.108997166156769));
#246=CARTESIAN_POINT('',(0.0470504388213158,0.0933662287890911,0.108997166156769));
#247=CARTESIAN_POINT('',(0.0470504388213158,0.0933662287890911,0.108997166156769));
#248=CARTESIAN_POINT('',(0.0438151771859947,0.09013096715377,0.110220206802273));
#249=CARTESIAN_POINT('',(0.0429456647034158,0.0910004796363489,0.110220206802273));
#250=CARTESIAN_POINT('',(0.0424750879388169,0.0921365524435847,0.110220206802273));
#251=CARTESIAN_POINT('',(0.0424750879388194,0.0933662287891004,0.110220206802273));
#252=CARTESIAN_POINT('',(0.0348945826894683,0.0812103726572436,0.111639621804863));
#253=CARTESIAN_POINT('',(0.0316275613989242,0.0844773939477877,0.111639621804863));
#254=CARTESIAN_POINT('',(0.0298594622173915,0.0887459629714771,0.111639621804863));
#255=CARTESIAN_POINT('',(0.029859462217401,0.0933662287891262,0.111639621804863));
#256=CARTESIAN_POINT('',(0.0229515441800586,0.0692673341478339,0.11029144748422));
#257=CARTESIAN_POINT('',(0.0164746986977157,0.0757441796301768,0.11029144748422));
#258=CARTESIAN_POINT('',(0.0129694551814309,0.0842065860666365,0.11029144748422));
#259=CARTESIAN_POINT('',(0.0129694551814496,0.0933662287891608,0.11029144748422));
#260=CARTESIAN_POINT('',(0.0161085249982779,0.0624243149660532,0.107010903920025));
#261=CARTESIAN_POINT('',(0.00779254213918474,0.0707402978251464,0.107010903920025));
#262=CARTESIAN_POINT('',(0.00329196464697201,0.0816056530453888,0.107010903920025));
#263=CARTESIAN_POINT('',(0.00329196464699606,0.0933662287891805,0.107010903920025));
#264=CARTESIAN_POINT('',(0.0131553539293805,0.0594711438971558,0.103357195321224));
#265=CARTESIAN_POINT('',(0.00404567355922275,0.0685808242673136,0.103357195321224));
#266=CARTESIAN_POINT('',(-0.000884449930672826,0.0804831952608281,0.103357195321224));
#267=CARTESIAN_POINT('',(-0.000884449930646486,0.0933662287891891,0.103357195321224));
#268=CARTESIAN_POINT('',(0.0130806154028188,0.0593964053705941,0.0984651273272344));
#269=CARTESIAN_POINT('',(0.00395084822389562,0.0685261725495174,0.0984651273272344));
#270=CARTESIAN_POINT('',(-0.000990146168568174,0.0804547882234473,0.0984651273272344));
#271=CARTESIAN_POINT('',(-0.000990146168541782,0.0933662287891893,0.0984651273272344));
#272=CARTESIAN_POINT('',(0.0150678135918787,0.061383603559654,0.0928665972950189));
#273=CARTESIAN_POINT('',(0.00647212798826965,0.0699792891632631,0.0928665972950189));
#274=CARTESIAN_POINT('',(0.00182017646152511,0.0812100936306645,0.0928665972950189));
#275=CARTESIAN_POINT('',(0.00182017646154996,0.0933662287891836,0.0928665972950189));
#276=CARTESIAN_POINT('',(0.0183949151044796,0.0647107050722549,0.0870578182768251));
#277=CARTESIAN_POINT('',(0.0106934249700807,0.0724121952066538,0.0870578182768251));
#278=CARTESIAN_POINT('',(0.00652540854403989,0.0824746769906244,0.0870578182768251));
#279=CARTESIAN_POINT('',(0.00652540854406215,0.0933662287891739,0.0870578182768251));
#280=CARTESIAN_POINT('',(0.0216619680304099,0.0679777579981853,0.0824623932176283));
#281=CARTESIAN_POINT('',(0.0148385346408902,0.0748011913877051,0.0824623932176283));
#282=CARTESIAN_POINT('',(0.0111457191008839,0.0837164367477563,0.0824623932176283));
#283=CARTESIAN_POINT('',(0.0111457191009036,0.0933662287891645,0.0824623932176283));
#284=CARTESIAN_POINT('',(0.0242008053564723,0.0705165953242476,0.0791866790009979));
#285=CARTESIAN_POINT('',(0.0180597126846699,0.07665768799605,0.0791866790009979));
#286=CARTESIAN_POINT('',(0.0147361772800623,0.0846814122449042,0.0791866790009979));
#287=CARTESIAN_POINT('',(0.01473617728008,0.0933662287891572,0.0791866790009979));
#288=CARTESIAN_POINT('',(0.0265705265804146,0.07288631654819,0.0762551490844744));
#289=CARTESIAN_POINT('',(0.0210663227963468,0.0783905203322579,0.0762551490844744));
#290=CARTESIAN_POINT('',(0.0180874691740067,0.0855821091476563,0.0762551490844744));
#291=CARTESIAN_POINT('',(0.0180874691740227,0.0933662287891504,0.0762551490844744));
#292=CARTESIAN_POINT('',(0.0292283579014256,0.075544147869201,0.0730234273900718));
#293=CARTESIAN_POINT('',(0.0244384757922968,0.0803340299783299,0.0730234273900718));
#294=CARTESIAN_POINT('',(0.0218462102746826,0.0865923125482443,0.0730234273900718));
#295=CARTESIAN_POINT('',(0.0218462102746964,0.0933662287891426,0.0730234273900718));
#296=CARTESIAN_POINT('',(0.0319458363882027,0.0782616263559781,0.0691972277763064));
#297=CARTESIAN_POINT('',(0.0278863067920191,0.0823211559521617,0.0691972277763064));
#298=CARTESIAN_POINT('',(0.0256893052061419,0.087625186977357,0.0691972277763064));
#299=CARTESIAN_POINT('',(0.0256893052061537,0.0933662287891348,0.0691972277763064));
#300=CARTESIAN_POINT('',(0.0338330297513755,0.0801488197191509,0.0655103828237852));
#301=CARTESIAN_POINT('',(0.0302807043232888,0.0837011451472376,0.0655103828237852));
#302=CARTESIAN_POINT('',(0.0283581996551628,0.0883424819907663,0.0655103828237852));
#303=CARTESIAN_POINT('',(0.0283581996551731,0.0933662287891294,0.0655103828237852));
#304=CARTESIAN_POINT('',(0.0351233223997256,0.081439112367501,0.0619468878398753));
#305=CARTESIAN_POINT('',(0.0319177774457964,0.0846446573214303,0.0619468878398753));
#306=CARTESIAN_POINT('',(0.0301829490178909,0.0888329036404823,0.0619468878398753));
#307=CARTESIAN_POINT('',(0.0301829490179002,0.0933662287891256,0.0619468878398753));
#308=CARTESIAN_POINT('',(0.0362760822709164,0.0825918722386917,0.0578415367706722));
#309=CARTESIAN_POINT('',(0.0333803543303852,0.085487600179223,0.0578415367706722));
#310=CARTESIAN_POINT('',(0.0318131976618892,0.0892710510626804,0.0578415367706722));
#311=CARTESIAN_POINT('',(0.0318131976618976,0.0933662287891223,0.0578415367706722));
#312=CARTESIAN_POINT('',(0.0374096946897231,0.0837254846574985,0.0517275364531067));
#313=CARTESIAN_POINT('',(0.0348186376721855,0.0863165416750361,0.0517275364531067));
#314=CARTESIAN_POINT('',(0.0334163677190412,0.0897019208140353,0.0517275364531067));
#315=CARTESIAN_POINT('',(0.0334163677190487,0.093366228789119,0.0517275364531067));
#316=CARTESIAN_POINT('',(0.0379073106382445,0.0842231006060199,0.043835953885562));
#317=CARTESIAN_POINT('',(0.0354499934314368,0.0866804178128276,0.043835953885562));
#318=CARTESIAN_POINT('',(0.0341201029422936,0.0898910574681974,0.043835953885562));
#319=CARTESIAN_POINT('',(0.0341201029423007,0.0933662287891176,0.043835953885562));
#320=CARTESIAN_POINT('',(0.0371891437334706,0.083504933701246,0.0363328076728692));
#321=CARTESIAN_POINT('',(0.034538811197869,0.0861552662368476,0.0363328076728692));
#322=CARTESIAN_POINT('',(0.0331044615655143,0.0896180925724731,0.0363328076728692));
#323=CARTESIAN_POINT('',(0.033104461565522,0.0933662287891196,0.0363328076728692));
#324=CARTESIAN_POINT('',(0.0352762155840811,0.0815920055518564,0.0312111539052689));
#325=CARTESIAN_POINT('',(0.0321117623708775,0.08475645876506,0.0312111539052689));
#326=CARTESIAN_POINT('',(0.0303991726328009,0.0888910161375175,0.0312111539052689));
#327=CARTESIAN_POINT('',(0.03039917263281,0.0933662287891251,0.0312111539052689));
#328=CARTESIAN_POINT('',(0.0327844602693693,0.0791002502371446,0.0282626096354871));
#329=CARTESIAN_POINT('',(0.0289503201517064,0.0829343903548075,0.0282626096354871));
#330=CARTESIAN_POINT('',(0.0268752984726183,0.0879439358346947,0.0282626096354871));
#331=CARTESIAN_POINT('',(0.0268752984726294,0.0933662287891324,0.0282626096354871));
#332=CARTESIAN_POINT('',(0.0295722566226403,0.0758880465904157,0.0262708777678426));
#333=CARTESIAN_POINT('',(0.024874801112824,0.080585502100232,0.0262708777678426));
#334=CARTESIAN_POINT('',(0.0223325565103074,0.0867230234985151,0.0262708777678426));
#335=CARTESIAN_POINT('',(0.022332556510321,0.0933662287891416,0.0262708777678426));
#336=CARTESIAN_POINT('',(0.0243147581529073,0.0706305481206826,0.0255333370185305));
#337=CARTESIAN_POINT('',(0.0182042915602582,0.0767410147133317,0.0255333370185305));
#338=CARTESIAN_POINT('',(0.0148973308702511,0.0847247240614048,0.0255333370185305));
#339=CARTESIAN_POINT('',(0.0148973308702688,0.0933662287891568,0.0255333370185305));
#340=CARTESIAN_POINT('',(0.0143435682038837,0.060659358171659,0.0269392466511421));
#341=CARTESIAN_POINT('',(0.00555323361163135,0.0694496927639114,0.0269392466511421));
#342=CARTESIAN_POINT('',(0.000795938811335889,0.080934818391025,0.0269392466511421));
#343=CARTESIAN_POINT('',(0.000795938811361301,0.0933662287891856,0.0269392466511421));
#344=CARTESIAN_POINT('',(0.00358324923374902,0.0498990392015244,0.0306297127927771));
#345=CARTESIAN_POINT('',(-0.00809904054349228,0.0615813289787657,0.0306297127927771));
#346=CARTESIAN_POINT('',(-0.0144214502116975,0.0768449761466695,0.0306297127927771));
#347=CARTESIAN_POINT('',(-0.0144214502116637,0.0933662287892168,0.0306297127927771));
#348=CARTESIAN_POINT('',(-0.00482285255409217,0.0414929374136832,0.0333518872898278));
#349=CARTESIAN_POINT('',(-0.0187643755119078,0.0554344603714988,0.0333518872898278));
#350=CARTESIAN_POINT('',(-0.0263094733667577,0.0736499379421623,0.0333518872898278));
#351=CARTESIAN_POINT('',(-0.0263094733667174,0.0933662287892411,0.0333518872898278));
#352=CARTESIAN_POINT('',(-0.00845087695690204,0.0378649130108733,0.0339821084411648));
#353=CARTESIAN_POINT('',(-0.0233674717515372,0.0527815078055084,0.0339821084411648));
#354=CARTESIAN_POINT('',(-0.0314402746818348,0.0722709781262546,0.0339821084411648));
#355=CARTESIAN_POINT('',(-0.0314402746817917,0.0933662287892515,0.0339821084411648));
#356=CARTESIAN_POINT('',(-0.00996657710784647,0.0363492128599289,0.0334203469764324));
#357=CARTESIAN_POINT('',(-0.0252905331454501,0.0516731688975325,0.0334203469764324));
#358=CARTESIAN_POINT('',(-0.0335837983917926,0.0716948823316678,0.0334203469764324));
#359=CARTESIAN_POINT('',(-0.0335837983917482,0.0933662287892559,0.0334203469764324));
#360=CARTESIAN_POINT('',(-0.010510096179033,0.0358056937887424,0.0320892219656466));
#361=CARTESIAN_POINT('',(-0.0259801290012023,0.0512757266109117,0.0320892219656466));
#362=CARTESIAN_POINT('',(-0.0343524504336733,0.0714882985617887,0.0320892219656466));
#363=CARTESIAN_POINT('',(-0.0343524504336286,0.0933662287892575,0.0320892219656466));
#364=CARTESIAN_POINT('',(-0.00955607530168513,0.0367597146660902,0.0291294216252745));
#365=CARTESIAN_POINT('',(-0.024769704421465,0.0519733437858701,0.0291294216252745));
#366=CARTESIAN_POINT('',(-0.0330032611701402,0.0718509081551477,0.0291294216252745));
#367=CARTESIAN_POINT('',(-0.0330032611700962,0.0933662287892547,0.0291294216252745));
#368=CARTESIAN_POINT('',(-0.00625987465877764,0.0400559153089977,0.0238409056268795));
#369=CARTESIAN_POINT('',(-0.0205876132611409,0.054383653911361,0.0238409056268795));
#370=CARTESIAN_POINT('',(-0.0283417295166349,0.0731037465396465,0.0238409056268795));
#371=CARTESIAN_POINT('',(-0.0283417295165935,0.0933662287892452,0.0238409056268795));
#372=CARTESIAN_POINT('',(0.000365710939271846,0.0466815009070472,0.0149427788218139));
#373=CARTESIAN_POINT('',(-0.0121813279759309,0.0592285398222499,0.0149427788218139));
#374=CARTESIAN_POINT('',(-0.0189717365052044,0.0756220361877234,0.0149427788218139));
#375=CARTESIAN_POINT('',(-0.0189717365051681,0.0933662287892261,0.0149427788218139));
#376=CARTESIAN_POINT('',(0.00713323310841309,0.0534490230761884,0.00671315812167076));
#377=CARTESIAN_POINT('',(-0.003594959090359,0.0641772152749605,0.00671315812167076));
#378=CARTESIAN_POINT('',(-0.00940101486993898,0.0781942738819578,0.00671315812167076));
#379=CARTESIAN_POINT('',(-0.00940101486990796,0.0933662287892065,0.00671315812167076));
#380=CARTESIAN_POINT('',(0.0118107543033699,0.0581265442711452,0.001));
#381=CARTESIAN_POINT('',(0.00233969785588874,0.0675976007186263,0.001));
#382=CARTESIAN_POINT('',(-0.00278600095773988,0.079972132311164,0.001));
#383=CARTESIAN_POINT('',(-0.0027860009577125,0.093366228789193,0.001));
#384=CARTESIAN_POINT('',(0.0470504388213158,0.0933662287890911,0.001));
#385=CARTESIAN_POINT('',(0.0117814799518858,0.0581558429616797,0.001));
#386=CARTESIAN_POINT('',(-0.00278600095771253,0.0933662287890911,0.001));
#387=CARTESIAN_POINT('',(0.0117814799518858,0.0581558429616798,0.001));
#388=CARTESIAN_POINT('',(0.0100986082020161,0.056473095801732,0.00305539495803183));
#389=CARTESIAN_POINT('',(0.00673118059734148,0.0531055209692273,0.00716260812338237));
#390=CARTESIAN_POINT('',(0.00170359880765841,0.0480762883280316,0.0133635981907098));
#391=CARTESIAN_POINT('',(-0.00323312993426071,0.0431290155974257,0.0196934720769011));
#392=CARTESIAN_POINT('',(-0.00641369246769982,0.03993440005271,0.0240954027087216));
#393=CARTESIAN_POINT('',(-0.00785729981533804,0.0384584901524389,0.026467269138748));
#394=CARTESIAN_POINT('',(-0.00785729981406436,0.038458490153711,0.0264672691366796));
#395=CARTESIAN_POINT('',(-0.00785729981533659,0.038458490152437,0.0264672691387483));
#396=CARTESIAN_POINT('',(-0.00818561808960956,0.0381375685118265,0.0269947229019512));
#397=CARTESIAN_POINT('',(-0.00866745743631755,0.0376691983340508,0.027800125188313));
#398=CARTESIAN_POINT('',(-0.00927287357597647,0.0370943687543445,0.0289233657725408));
#399=CARTESIAN_POINT('',(-0.00969903648952282,0.0367021481627538,0.0297947455514974));
#400=CARTESIAN_POINT('',(-0.0100832563868499,0.0363712567958855,0.0307185349916903));
#401=CARTESIAN_POINT('',(-0.0103920041392307,0.0361575771022544,0.0316873631934333));
#402=CARTESIAN_POINT('',(-0.0104692996269957,0.0361937862622563,0.0326102165096444));
#403=CARTESIAN_POINT('',(-0.0101797778739751,0.036501940474692,0.0332029295821999));
#404=CARTESIAN_POINT('',(-0.00974581534083425,0.036924268528009,0.0335705432810724));
#405=CARTESIAN_POINT('',(-0.00911409428324497,0.0375315317118824,0.0337497671431146));
#406=CARTESIAN_POINT('',(-0.00837468221618799,0.0382550802801701,0.0337894573436309));
#407=CARTESIAN_POINT('',(-0.00762856084982644,0.0389896688282107,0.0337411754782854));
#408=CARTESIAN_POINT('',(-0.00664367128268122,0.0399638874677946,0.0336043584100524));
#409=CARTESIAN_POINT('',(-0.00542607361642903,0.0411728731993282,0.033346936063434));
#410=CARTESIAN_POINT('',(-0.00397532933763948,0.042616745050474,0.0329664231179939));
#411=CARTESIAN_POINT('',(-0.00253096082519352,0.0440561199464846,0.0325426270599566));
#412=CARTESIAN_POINT('',(-0.000610077474875651,0.0459718131172782,0.031942106821173));
#413=CARTESIAN_POINT('',(0.00178423679295307,0.0483612821004248,0.0311528392109196));
#414=CARTESIAN_POINT('',(0.00465526965871578,0.0512273992101804,0.0301956202807037));
#415=CARTESIAN_POINT('',(0.00752965062607088,0.0540969409349782,0.0292600901574025));
#416=CARTESIAN_POINT('',(0.0104124649352182,0.0569743478346568,0.0283725117335158));
#417=CARTESIAN_POINT('',(0.0142706007670634,0.0608237015511845,0.0272880780496659));
#418=CARTESIAN_POINT('',(0.0191136088656789,0.0656503847935471,0.02619514607127));
#419=CARTESIAN_POINT('',(0.024013674447329,0.0705181889312494,0.0257034238661558));
#420=CARTESIAN_POINT('',(0.0280095683790794,0.07444579523951,0.0260915701355546));
#421=CARTESIAN_POINT('',(0.0299777098850116,0.0763438705559403,0.0267068973540677));
#422=CARTESIAN_POINT('',(0.0309315826851526,0.0772473726529278,0.0271862469186261));
#423=CARTESIAN_POINT('',(0.0309315826851537,0.0772473726529291,0.0271862469186267));
#424=CARTESIAN_POINT('',(0.0309315826851526,0.0772473726529279,0.0271862469186262));
#425=CARTESIAN_POINT('',(0.0315297567094909,0.0778803995981299,0.027503994105554));
#426=CARTESIAN_POINT('',(0.0326837018740588,0.0791216233086521,0.0283030460341607));
#427=CARTESIAN_POINT('',(0.0347137581685709,0.0812875614620742,0.0306258463769899));
#428=CARTESIAN_POINT('',(0.036135355188966,0.0827637171881024,0.0338280128535433));
#429=CARTESIAN_POINT('',(0.0369621553183356,0.0836172121669103,0.0373391059603212));
#430=CARTESIAN_POINT('',(0.0374763184540806,0.0841477765070965,0.0410210438432445));
#431=CARTESIAN_POINT('',(0.037613051973032,0.0842946472415136,0.0456254975457011));
#432=CARTESIAN_POINT('',(0.0372111251062107,0.083900318068772,0.0512118031028415));
#433=CARTESIAN_POINT('',(0.0363525161936666,0.0830474366016384,0.0566061563691037));
#434=CARTESIAN_POINT('',(0.035026728418335,0.0817287930501227,0.0619036245590215));
#435=CARTESIAN_POINT('',(0.0331285277080261,0.0798400591306821,0.0667342554987773));
#436=CARTESIAN_POINT('',(0.0305510066212763,0.0772666702122912,0.0710098377532059));
#437=CARTESIAN_POINT('',(0.0276251812018337,0.074338521484279,0.0747507379973255));
#438=CARTESIAN_POINT('',(0.0246286989469862,0.0713355763453397,0.0783853315394958));
#439=CARTESIAN_POINT('',(0.0217097910660165,0.0684074110316354,0.0821403510102544));
#440=CARTESIAN_POINT('',(0.0189313530974948,0.065616558001647,0.0860618913428303));
#441=CARTESIAN_POINT('',(0.0167828672610699,0.0634514633493899,0.0895363384572422));
#442=CARTESIAN_POINT('',(0.0152420402064928,0.0618851425295555,0.0925204449071269));
#443=CARTESIAN_POINT('',(0.0142107319731951,0.0608204298674982,0.0949237372530485));
#444=CARTESIAN_POINT('',(0.0135455184969196,0.0600985319118794,0.0970832342656731));
#445=CARTESIAN_POINT('',(0.0132420188179931,0.0596928798453587,0.0988987862649244));
#446=CARTESIAN_POINT('',(0.0132027906304106,0.0595661088287345,0.0998690664445041));
#447=CARTESIAN_POINT('',(0.0132184990281145,0.0595342889958899,0.100331252048262));
#448=CARTESIAN_POINT('',(0.0132184990281145,0.0595342889958898,0.100331252048262));
#449=CARTESIAN_POINT('',(0.0132184990281145,0.0595342889958899,0.100331252048262));
#450=CARTESIAN_POINT('',(0.0131731011500762,0.0595606425903611,0.100877571703943));
#451=CARTESIAN_POINT('',(0.0131629753707667,0.0597086167114965,0.101975752697234));
#452=CARTESIAN_POINT('',(0.013537367557923,0.060190709167723,0.103507359210167));
#453=CARTESIAN_POINT('',(0.0142387667987831,0.0609374087409148,0.104800151997461));
#454=CARTESIAN_POINT('',(0.0154145488297022,0.0621386579893764,0.106200422125436));
#455=CARTESIAN_POINT('',(0.0171141718408072,0.0638479591544422,0.107484324942189));
#456=CARTESIAN_POINT('',(0.0192872348490125,0.0660255925940089,0.108592766891022));
#457=CARTESIAN_POINT('',(0.0215213336915469,0.0682613094569382,0.109410209320264));
#458=CARTESIAN_POINT('',(0.0245355857138782,0.0712762759208915,0.11021870078996));
#459=CARTESIAN_POINT('',(0.0283634530442875,0.0751037099356487,0.110827277012556));
#460=CARTESIAN_POINT('',(0.0329523267990349,0.0796914043953859,0.111087929990421));
#461=CARTESIAN_POINT('',(0.0367859083921776,0.0835238694669163,0.110965388502658));
#462=CARTESIAN_POINT('',(0.0398555648510527,0.0865917684980805,0.11064996503159));
#463=CARTESIAN_POINT('',(0.0417632701565937,0.0884987489589591,0.110352072595588));
#464=CARTESIAN_POINT('',(0.043285128937484,0.0900169530992845,0.11004325510981));
#465=CARTESIAN_POINT('',(0.0444205179000718,0.0911535510610123,0.109768706700512));
#466=CARTESIAN_POINT('',(0.0455654814385589,0.0922754420430161,0.109457685280285));
#467=CARTESIAN_POINT('',(0.0463006514485711,0.093033721024657,0.109191752875304));
#468=CARTESIAN_POINT('',(0.0467203915082833,0.0933662287890918,0.109083731594364));
#469=CARTESIAN_POINT('',(0.046720391508282,0.0933662287890911,0.109083731594364));
#470=CARTESIAN_POINT('',(0.0470504388213158,0.0933662287890911,0.108997166156769));
#471=CARTESIAN_POINT('',(0.0335295294612876,0.0933662287890911,0.112611451079648));
#472=CARTESIAN_POINT('',(-0.0172257298572874,0.0933662287890911,0.11107025531839));
#473=CARTESIAN_POINT('',(0.0164184861199906,0.0933662287890911,0.0763706503671677));
#474=CARTESIAN_POINT('',(0.0334764979902776,0.0933662287890911,0.0650890465562152));
#475=CARTESIAN_POINT('',(0.0384683595422907,0.0933662287890911,0.00977957951495914));
#476=CARTESIAN_POINT('',(-0.0582197109470451,0.0933662287890911,0.0484515974911387));
#477=CARTESIAN_POINT('',(-0.0216967587594499,0.0933662287890911,0.0173325657294176));
#478=CARTESIAN_POINT('',(-0.00278600095771252,0.0933662287890911,0.001));
#479=CARTESIAN_POINT('',(-0.00244703586174257,0.0438687541060328,0.001));
#480=CARTESIAN_POINT('',(-0.00244703586174257,0.0438687541060328,0.001));
#481=CARTESIAN_POINT('',(0.0118086298813913,0.0581244198491667,0.001));
#482=CARTESIAN_POINT('',(0.0470504388213158,0.0933662287890911,0.001));
#483=CARTESIAN_POINT('',(0.0118086298813913,0.0581244198491667,0.001));
#484=CARTESIAN_POINT('',(0.0118003307961584,0.0581355429986703,0.001));
#485=CARTESIAN_POINT('',(0.0117912853330365,0.0581460212691201,0.001));
#486=CARTESIAN_POINT('',(0.0117814799518858,0.0581558429616798,0.001));
#487=CARTESIAN_POINT('',(-0.0229495611786843,0.0933662287890911,0.001));
#488=CARTESIAN_POINT('',(-0.0229495611786843,0.0933662287890911,0.06975));
#489=CARTESIAN_POINT('',(0.0467203915082832,0.0933662287890918,0.109083731594364));
#490=CARTESIAN_POINT('',(0.0468411569234627,0.0933662287890918,0.10905265227625));
#491=CARTESIAN_POINT('',(0.0469562525226097,0.0933662287890911,0.109003083653983));
#492=CARTESIAN_POINT('',(0.0470504388213158,0.0933662287890911,0.108920292307521));
#493=CARTESIAN_POINT('',(0.0470504388213158,0.0933662287890911,0.108920292307521));
#494=CARTESIAN_POINT('',(0.0470504388213158,0.0933662287890911,0.06975));
#495=CARTESIAN_POINT('',(0.0114583574581904,0.0577741474259658,0.001));
#496=CARTESIAN_POINT('',(0.0159268792294497,0.0482235589650286,0.00171371601991791));
#497=CARTESIAN_POINT('',(0.0211901776099323,0.0369742914550394,0.00255437442196924));
#498=CARTESIAN_POINT('',(0.0206765791079541,-0.00115662285392438,0.00247234204136738));
#499=CARTESIAN_POINT('',(0.020771819501997,-0.0192940518640695,0.00248755391644627));
#500=CARTESIAN_POINT('',(0.0208497434854507,-0.0341337712109089,0.0025));
#501=CARTESIAN_POINT('',(0.0115758230732502,0.0578916130410256,0.001));
#502=CARTESIAN_POINT('',(0.0160295972479047,0.0482851331859166,0.00171371601991791));
#503=CARTESIAN_POINT('',(0.0212755250066695,0.0369700333717593,0.00255437442196924));
#504=CARTESIAN_POINT('',(0.0207636215492523,-0.001154456947843,0.00247234204136738));
#505=CARTESIAN_POINT('',(0.0208585476185624,-0.019293077206163,0.00248755391644627));
#506=CARTESIAN_POINT('',(0.0209362144271533,-0.0341337712109089,0.0025));
#507=CARTESIAN_POINT('',(0.01169328868831,0.0580090786560854,0.001));
#508=CARTESIAN_POINT('',(0.0161323152663597,0.0483467074068046,0.00171371601991791));
#509=CARTESIAN_POINT('',(0.0213608724034068,0.0369657752884792,0.00255437442196924));
#510=CARTESIAN_POINT('',(0.0208506639905505,-0.00115229104176161,0.00247234204136738));
#511=CARTESIAN_POINT('',(0.0209452757351279,-0.0192921025482565,0.00248755391644627));
#512=CARTESIAN_POINT('',(0.0210226853688558,-0.0341337712109089,0.0025));
#513=CARTESIAN_POINT('',(0.0118107543033698,0.0581265442711452,0.001));
#514=CARTESIAN_POINT('',(0.0162350332848147,0.0484082816276926,0.00171371601991791));
#515=CARTESIAN_POINT('',(0.021446219800144,0.0369615172051991,0.00255437442196924));
#516=CARTESIAN_POINT('',(0.0209377064318488,-0.00115012513568022,0.00247234204136738));
#517=CARTESIAN_POINT('',(0.0210320038516933,-0.01929112789035,0.00248755391644627));
#518=CARTESIAN_POINT('',(0.0211091563105583,-0.0341337712109089,0.0025));
#519=CARTESIAN_POINT('',(0.0235573158093518,0.0698731057771271,0.001));
#520=CARTESIAN_POINT('',(0.026506835130315,0.0545657037164943,0.00171371601991791));
#521=CARTESIAN_POINT('',(0.0299809594738679,0.0365357088771898,0.00255437442196924));
#522=CARTESIAN_POINT('',(0.0296419505616711,-0.000933534527541543,0.00247234204136738));
#523=CARTESIAN_POINT('',(0.0297048155082341,-0.0191936620997018,0.00248755391644627));
#524=CARTESIAN_POINT('',(0.0297562504808108,-0.0341337712109089,0.0025));
#525=CARTESIAN_POINT('',(0.0353038773153339,0.0816196672831092,0.001));
#526=CARTESIAN_POINT('',(0.0367786369758155,0.0607231258052961,0.00171371601991791));
#527=CARTESIAN_POINT('',(0.0385156991475918,0.0361099005491806,0.00255437442196924));
#528=CARTESIAN_POINT('',(0.0383461946914935,-0.000716943919402868,0.00247234204136738));
#529=CARTESIAN_POINT('',(0.0383776271647749,-0.0190961963090534,0.00248755391644627));
#530=CARTESIAN_POINT('',(0.0384033446510633,-0.0341337712109089,0.0025));
#531=CARTESIAN_POINT('',(0.0470504388213158,0.0933662287890911,0.001));
#532=CARTESIAN_POINT('',(0.0470504388213158,0.0668805478940978,0.00171371601991791));
#533=CARTESIAN_POINT('',(0.0470504388213158,0.0356840922211713,0.00255437442196924));
#534=CARTESIAN_POINT('',(0.0470504388213158,-0.000500353311264193,0.00247234204136738));
#535=CARTESIAN_POINT('',(0.0470504388213158,-0.0189987305184052,0.00248755391644627));
#536=CARTESIAN_POINT('',(0.0470504388213158,-0.0341337712109089,0.0025));
#537=CARTESIAN_POINT('',(0.034079797565937,-0.0341337712109089,0.0025));
#538=CARTESIAN_POINT('',(0.0216480073765862,-0.0341337712109089,0.0025));
#539=CARTESIAN_POINT('',(0.0466101588213157,-0.0341337712109089,0.0025));
#540=CARTESIAN_POINT('',(0.0216480073765862,-0.0341337712109089,0.0025));
#541=CARTESIAN_POINT('',(0.0215186404031702,-0.0341337712109089,0.0025));
#542=CARTESIAN_POINT('',(0.021260404215585,-0.0340629806925387,0.00249994066439605));
#543=CARTESIAN_POINT('',(0.021107555223134,-0.0338257482417419,0.0024997417157126));
#544=CARTESIAN_POINT('',(0.0211068787339278,-0.033695566556883,0.00249963258579881));
#545=CARTESIAN_POINT('',(0.0211068787339279,-0.033695566556883,0.00249963258579882));
#546=CARTESIAN_POINT('',(0.0118107543033699,0.0581265442711452,0.001));
#547=CARTESIAN_POINT('',(0.0162350332848147,0.0484082816276926,0.00171371601991791));
#548=CARTESIAN_POINT('',(0.021446219800144,0.0369615172051991,0.00255437442196924));
#549=CARTESIAN_POINT('',(0.0209377064318488,-0.00115012513568022,0.00247234204136738));
#550=CARTESIAN_POINT('',(0.0210320038516933,-0.01929112789035,0.00248755391644628));
#551=CARTESIAN_POINT('',(0.0211091563105584,-0.0341337712109089,0.0025));
#552=CARTESIAN_POINT('',(0.0118288056527807,0.0580868930776391,0.00100291200833167));
#553=CARTESIAN_POINT('',(0.0118288056527807,0.0580868930776391,0.00100291200833167));
#554=CARTESIAN_POINT('',(0.0118229077491894,0.0580998483094519,0.00100196057007592));
#555=CARTESIAN_POINT('',(0.0118162049096024,0.0581123693301974,0.00100099047291569));
#556=CARTESIAN_POINT('',(0.0118086298813913,0.0581244198491667,0.001));
#557=CARTESIAN_POINT('',(0.0470504388213158,0.0933662287890911,0.001));
#558=CARTESIAN_POINT('',(0.0470504388213158,0.0668805478940978,0.00171371601991791));
#559=CARTESIAN_POINT('',(0.0470504388213158,0.0356840922211713,0.00255437442196924));
#560=CARTESIAN_POINT('',(0.0470504388213158,-0.000500353311264193,0.00247234204136738));
#561=CARTESIAN_POINT('',(0.0470504388213158,-0.0189987305184052,0.00248755391644627));
#562=CARTESIAN_POINT('',(0.0470504388213158,-0.0341337712109089,0.0025));
#563=CARTESIAN_POINT('',(0.0470504388213158,-0.0336934912109089,0.00249963797579842));
#564=CARTESIAN_POINT('',(0.0470504388213157,-0.0336934912109089,0.00249963797579319));
#565=CARTESIAN_POINT('',(0.0470504388213157,-0.0339260545663688,0.00249982916746673));
#566=CARTESIAN_POINT('',(0.0468427222575824,-0.0341337712109089,0.0025));
#567=CARTESIAN_POINT('',(0.0466101588213157,-0.0341337712109089,0.0025));
#568=CARTESIAN_POINT('',(0.0470504388213158,0.0933662287890911,0.108997166156769));
#569=CARTESIAN_POINT('',(0.0470504388213158,0.0668805478940978,0.065554292289837));
#570=CARTESIAN_POINT('',(0.0470504388213158,0.0356840922211713,0.0143846170880769));
#571=CARTESIAN_POINT('',(0.0470504388213158,-0.000500353311264193,0.0197694443320333));
#572=CARTESIAN_POINT('',(0.0470504388213158,-0.0189987305184052,0.0160025847835139));
#573=CARTESIAN_POINT('',(0.0470504388213158,-0.0341337712109089,0.0129206078127027));
#574=CARTESIAN_POINT('',(0.0405799155506736,0.086895705518449,0.111443247447776));
#575=CARTESIAN_POINT('',(0.0429092525416608,0.0634887687004616,0.0664691403396822));
#576=CARTESIAN_POINT('',(0.0456528881867001,0.0359186461962911,0.0134958849270819));
#577=CARTESIAN_POINT('',(0.045422189628062,-0.000619660954564755,0.0190482569144246));
#578=CARTESIAN_POINT('',(0.0452032294626238,-0.019052418967247,0.0153100625505867));
#579=CARTESIAN_POINT('',(0.0450240801795902,-0.0341337712109089,0.0122515389201284));
#580=CARTESIAN_POINT('',(0.0292106876889939,0.0755264776567692,0.111835448589911));
#581=CARTESIAN_POINT('',(0.0361040006819894,0.0575291408781004,0.0662760070038915));
#582=CARTESIAN_POINT('',(0.0442233665415337,0.0363307763251014,0.0126133088253368));
#583=CARTESIAN_POINT('',(0.0434944315195106,-0.000829294043820227,0.0182156505561487));
#584=CARTESIAN_POINT('',(0.04318172305953,-0.0191467538738522,0.0145905255702552));
#585=CARTESIAN_POINT('',(0.0429258706021119,-0.0341337712109089,0.0116245132783376));
#586=CARTESIAN_POINT('',(0.0195307535195337,0.065846543487309,0.108650901916103));
#587=CARTESIAN_POINT('',(0.0299141378410829,0.0524550227676365,0.0641888352062946));
#588=CARTESIAN_POINT('',(0.0421443232762403,0.0366816702085445,0.01181869230763));
#589=CARTESIAN_POINT('',(0.0410268503143417,-0.00100777885637053,0.0172468690840714));
#590=CARTESIAN_POINT('',(0.0406971238146551,-0.0192270720534974,0.0139935891627503));
#591=CARTESIAN_POINT('',(0.0404273475021563,-0.0341337712109089,0.0113318138382481));
#592=CARTESIAN_POINT('',(0.0178213467185236,0.0641371366862989,0.107830252676267));
#593=CARTESIAN_POINT('',(0.0287920003720857,0.0515589699789181,0.0636791130903823));
#594=CARTESIAN_POINT('',(0.0417139075627398,0.0367436355463547,0.0116751991845624));
#595=CARTESIAN_POINT('',(0.040530439894834,-0.00103929799142963,0.0170567116134443));
#596=CARTESIAN_POINT('',(0.0402023181536297,-0.0192412556667458,0.0138893261221447));
#597=CARTESIAN_POINT('',(0.0399338548257599,-0.0341337712109089,0.0112978280808377));
#598=CARTESIAN_POINT('',(0.0157968874675146,0.06211267743529,0.10630290431049));
#599=CARTESIAN_POINT('',(0.0273884240165919,0.0504977700606533,0.0627674586870029));
#600=CARTESIAN_POINT('',(0.0410416450747205,0.0368170214140706,0.0114887468057105));
#601=CARTESIAN_POINT('',(0.0397874174211359,-0.00107662626490819,0.0167808345835288));
#602=CARTESIAN_POINT('',(0.0394681588514754,-0.0192580533927386,0.0137619226710577));
#603=CARTESIAN_POINT('',(0.0392069472117117,-0.0341337712109089,0.0112919030509207));
#604=CARTESIAN_POINT('',(0.0152120095422626,0.061527799510038,0.10574439243756));
#605=CARTESIAN_POINT('',(0.0269671702060943,0.0501911832987004,0.0624390620142913));
#606=CARTESIAN_POINT('',(0.0408131177590859,0.036838223013476,0.0114313938970515));
#607=CARTESIAN_POINT('',(0.0395400087891638,-0.0010874106178827,0.0166904354362278));
#608=CARTESIAN_POINT('',(0.0392247806156545,-0.0192629063524229,0.0137242867056656));
#609=CARTESIAN_POINT('',(0.0389668665737868,-0.0341337712109089,0.0112974369753149));
#610=CARTESIAN_POINT('',(0.0144945780046591,0.0608103679724345,0.104829935420608));
#611=CARTESIAN_POINT('',(0.0264184316022515,0.0498151133488182,0.061908619248481));
#612=CARTESIAN_POINT('',(0.0404630760153038,0.0368642296302491,0.0113532666148803));
#613=CARTESIAN_POINT('',(0.0391700359330059,-0.00110063907907521,0.0165576716268253));
#614=CARTESIAN_POINT('',(0.0388623352977015,-0.0192688591609969,0.0136758686285925));
#615=CARTESIAN_POINT('',(0.0386105801526803,-0.0341337712109089,0.0113180290647417));
#616=CARTESIAN_POINT('',(0.0142820817171703,0.0605978716849457,0.104512334880364));
#617=CARTESIAN_POINT('',(0.0262493757529545,0.0497037250643653,0.0617254970337538));
#618=CARTESIAN_POINT('',(0.0403451869723214,0.0368719325387844,0.0113285412009594));
#619=CARTESIAN_POINT('',(0.03904690166292,-0.00110455722142785,0.0165138895089494));
#620=CARTESIAN_POINT('',(0.0387419571976803,-0.0192706223253628,0.013661068581404));
#621=CARTESIAN_POINT('',(0.0384924571016084,-0.0341337712109089,0.0113269416283566));
#622=CARTESIAN_POINT('',(0.0140064302000868,0.0603222201678622,0.104016437320477));
#623=CARTESIAN_POINT('',(0.0260182318382228,0.0495592314830532,0.0614412167788065));
#624=CARTESIAN_POINT('',(0.0401664668351541,0.0368819248000552,0.0112935167570799));
#625=CARTESIAN_POINT('',(0.0388625780061049,-0.00110963986026553,0.0164489869497156));
#626=CARTESIAN_POINT('',(0.038562121773897,-0.0192729095132384,0.01364097599007));
#627=CARTESIAN_POINT('',(0.0383162938696512,-0.0341337712109089,0.0113435117496486));
#628=CARTESIAN_POINT('',(0.0139217285134172,0.0602375184811926,0.103847888675595));
#629=CARTESIAN_POINT('',(0.0259449238431813,0.0495148317635104,0.0613448572050147));
#630=CARTESIAN_POINT('',(0.040106579027316,0.0368849952035569,0.0112821858886203));
#631=CARTESIAN_POINT('',(0.0388011997452187,-0.0011112016440962,0.0164274811995676));
#632=CARTESIAN_POINT('',(0.0385022985870107,-0.0192736123160847,0.0136346297062001));
#633=CARTESIAN_POINT('',(0.0382577430164406,-0.0341337712109089,0.0113495686693908));
#634=CARTESIAN_POINT('',(0.0138058394090228,0.0601216293767982,0.103590150964937));
#635=CARTESIAN_POINT('',(0.0258407786068271,0.0494540839326762,0.061197901736904));
#636=CARTESIAN_POINT('',(0.0400162664373716,0.0368891961389329,0.0112657165247812));
#637=CARTESIAN_POINT('',(0.0387092383816385,-0.00111333848146641,0.0163954229649524));
#638=CARTESIAN_POINT('',(0.0384127562654065,-0.0192745738930689,0.0136256494642193));
#639=CARTESIAN_POINT('',(0.0381701799116255,-0.0341337712109089,0.0113594704273667));
#640=CARTESIAN_POINT('',(0.013769076977865,0.0600848669456403,0.103503416720595));
#641=CARTESIAN_POINT('',(0.0258070364991496,0.049434813458884,0.0611485125594914));
#642=CARTESIAN_POINT('',(0.0399860818515094,0.0368905287628958,0.0112603146524214));
#643=CARTESIAN_POINT('',(0.0386786023885972,-0.00111401633066654,0.016384770238159));
#644=CARTESIAN_POINT('',(0.0383829409569132,-0.0192748789252621,0.0136227458930361));
#645=CARTESIAN_POINT('',(0.0381410360725207,-0.0341337712109089,0.0113629070764191));
#646=CARTESIAN_POINT('',(0.0136993011864972,0.0600150911542726,0.103328317349009));
#647=CARTESIAN_POINT('',(0.0257415062183662,0.0493982377342506,0.0610489334269125));
#648=CARTESIAN_POINT('',(0.0399255521928839,0.0368930581084446,0.0112496878785885));
#649=CARTESIAN_POINT('',(0.038617366992733,-0.00111530290130068,0.0163635331312405));
#650=CARTESIAN_POINT('',(0.0383233757728311,-0.0192754578821484,0.013617120648132));
#651=CARTESIAN_POINT('',(0.0380828374257843,-0.0341337712109089,0.0113700551772106));
#652=CARTESIAN_POINT('',(0.0136662791167268,0.0599820690845021,0.103239955537212));
#653=CARTESIAN_POINT('',(0.0257097134798622,0.0493809279179509,0.0609987452098888));
#654=CARTESIAN_POINT('',(0.0398952074359711,0.0368942551457486,0.0112444628574118));
#655=CARTESIAN_POINT('',(0.0385867674291458,-0.00111591178332713,0.0163529488116229));
#656=CARTESIAN_POINT('',(0.0382936258269585,-0.019275731879108,0.013614399009134));
#657=CARTESIAN_POINT('',(0.0380537826218984,-0.0341337712109089,0.0113737666425761));
#658=CARTESIAN_POINT('',(0.0126371269171454,0.0589529168849207,0.100297891736073));
#659=CARTESIAN_POINT('',(0.0246921263922185,0.0488414573262195,0.059329745038354));
#660=CARTESIAN_POINT('',(0.0388912424448612,0.0369315615163956,0.0110749549302796));
#661=CARTESIAN_POINT('',(0.0375775740027896,-0.00113488794930227,0.0160048318426233));
#662=CARTESIAN_POINT('',(0.0373129637664731,-0.019284271155285,0.0135276270438606));
#663=CARTESIAN_POINT('',(0.0370964644136133,-0.0341337712109089,0.0115008224753786));
#664=CARTESIAN_POINT('',(0.0135188559754571,0.0598346459432324,0.096634345379769));
#665=CARTESIAN_POINT('',(0.0246851029589502,0.0493036502817684,0.0573144706647932));
#666=CARTESIAN_POINT('',(0.0378373919423663,0.0368995991778095,0.0110011161592408));
#667=CARTESIAN_POINT('',(0.0366173399006725,-0.00111863006542229,0.0157034409562831));
#668=CARTESIAN_POINT('',(0.0363956943809234,-0.019276955106264,0.0135377805390457));
#669=CARTESIAN_POINT('',(0.036214347989121,-0.0341337712109089,0.0117658759998529));
#670=CARTESIAN_POINT('',(0.0161772682309748,0.0624930581987501,0.0909301610061493));
#671=CARTESIAN_POINT('',(0.0253749406627256,0.0506971615944133,0.0542396026913218));
#672=CARTESIAN_POINT('',(0.0362085220778612,0.0368032327579764,0.0110232179352928));
#673=CARTESIAN_POINT('',(0.0351971875302885,-0.00106961256129458,0.0153661585852586));
#674=CARTESIAN_POINT('',(0.0350608539537765,-0.0192548972255624,0.0136713141907325));
#675=CARTESIAN_POINT('',(0.0349493082649218,-0.0341337712109089,0.0122846228830911));
#676=CARTESIAN_POINT('',(0.0172860420941557,0.0636018320619311,0.0889939554084156));
#677=CARTESIAN_POINT('',(0.0257216153729303,0.0512783690118486,0.0532059872979763));
#678=CARTESIAN_POINT('',(0.0356575497712323,0.0367630401327063,0.0110527285160784));
#679=CARTESIAN_POINT('',(0.0347271698706259,-0.00104916828020071,0.0152728651213315));
#680=CARTESIAN_POINT('',(0.0346227510865905,-0.0192456972974668,0.0137355426427797));
#681=CARTESIAN_POINT('',(0.0345373175089452,-0.0341337712109089,0.0124777329435916));
#682=CARTESIAN_POINT('',(0.0187957504400847,0.06511154040786,0.0866350900245853));
#683=CARTESIAN_POINT('',(0.0262207428271444,0.052069742003182,0.0519597394841912));
#684=CARTESIAN_POINT('',(0.0349663532116038,0.0367083137869383,0.0111169897597135));
#685=CARTESIAN_POINT('',(0.0341430883992232,-0.00102133131288136,0.0151864718591369));
#686=CARTESIAN_POINT('',(0.0340826930744135,-0.01923317065999,0.0138380642720344));
#687=CARTESIAN_POINT('',(0.0340332787020934,-0.0341337712109089,0.0127348213511906));
#688=CARTESIAN_POINT('',(0.0191038791601181,0.0654196691278934,0.0861663865284861));
#689=CARTESIAN_POINT('',(0.0263238575213102,0.0522312597874257,0.051712778492829));
#690=CARTESIAN_POINT('',(0.0348279898408609,0.0366971442395756,0.0111312106593231));
#691=CARTESIAN_POINT('',(0.0340264441351014,-0.00101564983861989,0.0151707043850837));
#692=CARTESIAN_POINT('',(0.0339750600005684,-0.0192306139961268,0.0138596804010952));
#693=CARTESIAN_POINT('',(0.0339330184226289,-0.0341337712109089,0.0127870240743091));
#694=CARTESIAN_POINT('',(0.0197286468384079,0.0660444368061833,0.0852377413256589));
#695=CARTESIAN_POINT('',(0.0265346621426694,0.0525587563319006,0.05122484854491));
#696=CARTESIAN_POINT('',(0.0345512034424926,0.0366744966519943,0.0111623821069334));
#697=CARTESIAN_POINT('',(0.0337934804802612,-0.0010041299728858,0.0151423494456579));
#698=CARTESIAN_POINT('',(0.0337605263011706,-0.019225430055643,0.0139050760036531));
#699=CARTESIAN_POINT('',(0.0337335637824621,-0.0341337712109089,0.0128927610485192));
#700=CARTESIAN_POINT('',(0.0200452857966643,0.0663610757644397,0.0847777996189308));
#701=CARTESIAN_POINT('',(0.0266423524114649,0.0527247350921319,0.0509838852436786));
#702=CARTESIAN_POINT('',(0.0344127811588291,0.0366630186117755,0.0111793449714474));
#703=CARTESIAN_POINT('',(0.0336771618531412,-0.000998291581413174,0.0151297746218898));
#704=CARTESIAN_POINT('',(0.0336536260192373,-0.0192228027790225,0.0139288611658732));
#705=CARTESIAN_POINT('',(0.0336343694217597,-0.0341337712109089,0.0129462952996107));
#706=CARTESIAN_POINT('',(0.0210021722335597,0.067317962201335,0.0834150511248593));
#707=CARTESIAN_POINT('',(0.0269692786875548,0.0532263247428576,0.0502720623650713));
#708=CARTESIAN_POINT('',(0.0339977018089282,0.0366283318471779,0.0112342221142483));
#709=CARTESIAN_POINT('',(0.0333286586462266,-0.00098064789775466,0.0150969597053993));
#710=CARTESIAN_POINT('',(0.0333339842976641,-0.0192148631199925,0.0140033276549743));
#711=CARTESIAN_POINT('',(0.0333383416502208,-0.0341337712109089,0.0131085375120087));
#712=CARTESIAN_POINT('',(0.0216493892743247,0.0679651792421,0.0825293209636286));
#713=CARTESIAN_POINT('',(0.0271923677070127,0.0535655890033841,0.0498122291274667));
#714=CARTESIAN_POINT('',(0.0337212268916005,0.0366048704788577,0.0112760363348235));
#715=CARTESIAN_POINT('',(0.0330969212474277,-0.000968714096328126,0.0150815382217641));
#716=CARTESIAN_POINT('',(0.0331222995101979,-0.0192094929084147,0.0140570790587115));
#717=CARTESIAN_POINT('',(0.0331430635499528,-0.0341337712109089,0.0132188849324385));
#718=CARTESIAN_POINT('',(0.0226109707788907,0.0689267607466661,0.0812506147422326));
#719=CARTESIAN_POINT('',(0.0275226394929118,0.0540696397584398,0.0491522146305215));
#720=CARTESIAN_POINT('',(0.0333079034596774,0.0365700135198663,0.0113447548099911));
#721=CARTESIAN_POINT('',(0.0327499854705118,-0.000950983842011335,0.0150671859351315));
#722=CARTESIAN_POINT('',(0.0328066889663585,-0.0192015142925816,0.0141426733101257));
#723=CARTESIAN_POINT('',(0.0328530827503882,-0.0341337712109089,0.0133862536499842));
#724=CARTESIAN_POINT('',(0.0229299572709825,0.0692457472387578,0.0808326941718422));
#725=CARTESIAN_POINT('',(0.0276320031309968,0.054236849070836,0.0489371656914501));
#726=CARTESIAN_POINT('',(0.0331703604730477,0.0365584503824507,0.0113686604924311));
#727=CARTESIAN_POINT('',(0.0326344519317535,-0.000945102165209571,0.0150638651627241));
#728=CARTESIAN_POINT('',(0.0327018048913053,-0.0191988675375596,0.0141720325848985));
#729=CARTESIAN_POINT('',(0.0327569118756729,-0.0341337712109089,0.0134423511536496));
#730=CARTESIAN_POINT('',(0.0234032280973706,0.0697190180651459,0.0802202525423972));
#731=CARTESIAN_POINT('',(0.0277934495277543,0.0544849325835221,0.0486229839148661));
#732=CARTESIAN_POINT('',(0.0329645209753902,0.0365412944973709,0.0114057874216976));
#733=CARTESIAN_POINT('',(0.0324612908555074,-0.00093637569525073,0.0150609661447906));
#734=CARTESIAN_POINT('',(0.032544933200189,-0.0191949406253937,0.0142171640996728));
#735=CARTESIAN_POINT('',(0.032613367867522,-0.0341337712109089,0.0135267803894548));
#736=CARTESIAN_POINT('',(0.0235601168875417,0.069875906855317,0.0800185118702724));
#737=CARTESIAN_POINT('',(0.0278468318166117,0.0545671720117661,0.048519655261342));
#738=CARTESIAN_POINT('',(0.0328959869732188,0.0365356073391849,0.0114183744657209));
#739=CARTESIAN_POINT('',(0.0324035937020739,-0.000933482879471743,0.0150603468289258));
#740=CARTESIAN_POINT('',(0.032492718373394,-0.0191936388580663,0.0142323900383667));
#741=CARTESIAN_POINT('',(0.0325656385821253,-0.0341337712109089,0.0135549706314411));
#742=CARTESIAN_POINT('',(0.0238716751810333,0.0701874651488086,0.0796201714299074));
#743=CARTESIAN_POINT('',(0.0279524786034452,0.0547304875417889,0.0483159547969943));
#744=CARTESIAN_POINT('',(0.0327590985873501,0.036524313471106,0.011443932875558));
#745=CARTESIAN_POINT('',(0.0322882410810992,-0.00092773816854305,0.0150597834367508));
#746=CARTESIAN_POINT('',(0.0323884360706458,-0.0191910537376979,0.0142631812526533));
#747=CARTESIAN_POINT('',(0.0324704138153416,-0.0341337712109089,0.0136114156227796));
#748=CARTESIAN_POINT('',(0.0240263350344918,0.0703421250022671,0.0794235862565179));
#749=CARTESIAN_POINT('',(0.0280047380430667,0.054811558585213,0.0482155906366356));
#750=CARTESIAN_POINT('',(0.0326907445534564,0.0365187071110169,0.0114569037123142));
#751=CARTESIAN_POINT('',(0.0322305854356276,-0.000924886451323656,0.0150598396295499));
#752=CARTESIAN_POINT('',(0.0323363685146238,-0.0191897704647255,0.0142787466493452));
#753=CARTESIAN_POINT('',(0.0324229183339544,-0.0341337712109089,0.0136396703721319));
#754=CARTESIAN_POINT('',(0.0247929890805695,0.0711087790483448,0.0784541651664849));
#755=CARTESIAN_POINT('',(0.0282626700688209,0.0552134304483437,0.0477214734537056));
#756=CARTESIAN_POINT('',(0.0323494726538979,0.0364909161972796,0.0115226285560209));
#757=CARTESIAN_POINT('',(0.0319424016477624,-0.000910750394062357,0.015061758593838));
#758=CARTESIAN_POINT('',(0.0320763897206431,-0.0191834092378493,0.0143573584290071));
#759=CARTESIAN_POINT('',(0.0321860163604641,-0.0341337712109089,0.0137810308388007));
#760=CARTESIAN_POINT('',(0.0253855814530745,0.0717013714208498,0.0777210361735489));
#761=CARTESIAN_POINT('',(0.0284585269729721,0.0555240610411567,0.0473504080535797));
#762=CARTESIAN_POINT('',(0.0320780302463399,0.0364694349521341,0.0115780238109435));
#763=CARTESIAN_POINT('',(0.0317121666671947,-0.000899823797179195,0.0150685204787182));
#764=CARTESIAN_POINT('',(0.0318695598705787,-0.019178492268395,0.0144227525012142));
#765=CARTESIAN_POINT('',(0.0319983361686975,-0.0341337712109089,0.0138943967158394));
#766=CARTESIAN_POINT('',(0.0271022618753549,0.0734180518431302,0.0756085604839684));
#767=CARTESIAN_POINT('',(0.0290153727528362,0.0564239265844631,0.0462875932207765));
#768=CARTESIAN_POINT('',(0.0312687518116326,0.0364072059483558,0.0117515637662192));
#769=CARTESIAN_POINT('',(0.0310228194392702,-0.000868170546442617,0.0151013571721337));
#770=CARTESIAN_POINT('',(0.0312525278825501,-0.0191642483030811,0.0146234661030591));
#771=CARTESIAN_POINT('',(0.0314404712138771,-0.0341337712109089,0.0142324641953763));
#772=CARTESIAN_POINT('',(0.0281652532298953,0.0744810431976707,0.0743161250765519));
#773=CARTESIAN_POINT('',(0.0293456366959597,0.0569811352998238,0.0456462251556736));
#774=CARTESIAN_POINT('',(0.0307359645724501,0.0363686729213815,0.0118770626570803));
#775=CARTESIAN_POINT('',(0.0305650649056924,-0.00084857043250214,0.0151399830194443));
#776=CARTESIAN_POINT('',(0.0308457833067504,-0.0191554282502708,0.0147633170179205));
#777=CARTESIAN_POINT('',(0.0310754620713023,-0.0341337712109089,0.0144551356462948));
#778=CARTESIAN_POINT('',(0.0311186076952683,0.0774343976630437,0.0704639652268703));
#779=CARTESIAN_POINT('',(0.0302194585291112,0.0585292521689082,0.0437452170620239));
#780=CARTESIAN_POINT('',(0.0291603856203731,0.0362616149600983,0.0122742404967856));
#781=CARTESIAN_POINT('',(0.0292006046769149,-0.000794114595414964,0.0152810319038863));
#782=CARTESIAN_POINT('',(0.0296393638824401,-0.019130923119311,0.0151771348217262));
#783=CARTESIAN_POINT('',(0.0299983488007101,-0.0341337712109089,0.0150921280912051));
#784=CARTESIAN_POINT('',(0.0327733512078524,0.0790891411756277,0.0679293871571729));
#785=CARTESIAN_POINT('',(0.0306460464229197,0.0593966510456346,0.042508673135136));
#786=CARTESIAN_POINT('',(0.0281403766729493,0.0362016311454288,0.0125666006127519));
#787=CARTESIAN_POINT('',(0.0283027023536719,-0.000763603377002534,0.015408626283528));
#788=CARTESIAN_POINT('',(0.028853503337018,-0.0191171930686325,0.0154453667698922));
#789=CARTESIAN_POINT('',(0.0293041588298249,-0.0341337712109089,0.0154754271773514));
#790=CARTESIAN_POINT('',(0.0344783052104712,0.0807940951782465,0.0637280792431859));
#791=CARTESIAN_POINT('',(0.0310040970769427,0.0602903697249919,0.0404067221671619));
#792=CARTESIAN_POINT('',(0.0269119621431328,0.0361398272198445,0.0129374007198812));
#793=CARTESIAN_POINT('',(0.0272062384590176,-0.000732166345485895,0.0155266287869632));
#794=CARTESIAN_POINT('',(0.027894148341823,-0.0191030464019846,0.0156915635315599));
#795=CARTESIAN_POINT('',(0.0284569838788243,-0.0341337712109089,0.0158265101835351));
#796=CARTESIAN_POINT('',(0.0348011222415893,0.0811169122093647,0.0628361633940452));
#797=CARTESIAN_POINT('',(0.0310669479970853,0.0604595869650359,0.0399585184205988));
#798=CARTESIAN_POINT('',(0.0266686090698927,0.0361281252268653,0.0130118282394156));
#799=CARTESIAN_POINT('',(0.0269882413805567,-0.000726214038757519,0.0155481547640945));
#800=CARTESIAN_POINT('',(0.027703425877113,-0.01910036786349,0.0157363482252165));
#801=CARTESIAN_POINT('',(0.0282885770142544,-0.0341337712109089,0.0158903247421968));
#802=CARTESIAN_POINT('',(0.0352586350830765,0.0815744250508518,0.0614006520467978));
#803=CARTESIAN_POINT('',(0.0311484561696901,0.0606994103103313,0.039233340635762));
#804=CARTESIAN_POINT('',(0.0263072359349674,0.0361115405626656,0.0131233247911982));
#805=CARTESIAN_POINT('',(0.0266634000958729,-0.000717778124595018,0.0155757673936706));
#806=CARTESIAN_POINT('',(0.0274190639849438,-0.0190965717014553,0.0157953519975813));
#807=CARTESIAN_POINT('',(0.0280373346355462,-0.0341337712109089,0.0159750121849815));
#808=CARTESIAN_POINT('',(0.0354066872460405,0.0817224772138158,0.0609058753354593));
#809=CARTESIAN_POINT('',(0.0311734975259569,0.0607770176729681,0.0389828026799844));
#810=CARTESIAN_POINT('',(0.0261873876358149,0.0361061737288106,0.0131604661872059));
#811=CARTESIAN_POINT('',(0.0265554787231462,-0.000715048244195863,0.0155841922141759));
#812=CARTESIAN_POINT('',(0.0273245636550368,-0.0190953432550616,0.0158136577103496));
#813=CARTESIAN_POINT('',(0.0279538151623345,-0.0341337712109089,0.0160014022667084));
#814=CARTESIAN_POINT('',(0.0356221558078037,0.081937945775579,0.0601367813533148));
#815=CARTESIAN_POINT('',(0.0312079138345027,0.0608899639918519,0.0385923837256274));
#816=CARTESIAN_POINT('',(0.026008549521551,0.0360983630764784,0.0132160738525025));
#817=CARTESIAN_POINT('',(0.0263941615950959,-0.00071107529715061,0.0155954647920552));
#818=CARTESIAN_POINT('',(0.0271832434868252,-0.0190935554285797,0.0158388865524588));
#819=CARTESIAN_POINT('',(0.0278288561482662,-0.0341337712109089,0.0160380498740787));
#820=CARTESIAN_POINT('',(0.0356928932508766,0.082008683218652,0.0598758592024714));
#821=CARTESIAN_POINT('',(0.0312188701431131,0.0609270438040387,0.0384597723913608));
#822=CARTESIAN_POINT('',(0.0259490919518572,0.036095798871426,0.0132345948496103));
#823=CARTESIAN_POINT('',(0.0263404836730124,-0.000709770994967753,0.0155989935973775));
#824=CARTESIAN_POINT('',(0.0271362086196382,-0.0190929684924952,0.0158469239700003));
#825=CARTESIAN_POINT('',(0.0277872565095349,-0.0341337712109089,0.0160497761573321));
#826=CARTESIAN_POINT('',(0.035831993812612,0.0821477837803873,0.0593453997054583));
#827=CARTESIAN_POINT('',(0.0312396462349786,0.060999958832914,0.0381898561269478));
#828=CARTESIAN_POINT('',(0.0258304982425858,0.036090756529666,0.0132715623477449));
#829=CARTESIAN_POINT('',(0.0262333171652088,-0.000707206169912918,0.0156055781300517));
#830=CARTESIAN_POINT('',(0.0270422807923414,-0.0190918143210193,0.01586223097491));
#831=CARTESIAN_POINT('',(0.0277041603333576,-0.0341337712109089,0.0160722197326957));
#832=CARTESIAN_POINT('',(0.0359003524702139,0.0822161424379892,0.0590758814496138));
#833=CARTESIAN_POINT('',(0.0312494636797937,0.0610357917111622,0.0380525612037459));
#834=CARTESIAN_POINT('',(0.02577136226472,0.0360882785546702,0.0132900081567547));
#835=CARTESIAN_POINT('',(0.0261798284972328,-0.000705945729296831,0.0156086342094032));
#836=CARTESIAN_POINT('',(0.0269953877952164,-0.0190912471226433,0.0158695007206781));
#837=CARTESIAN_POINT('',(0.0276626637959115,-0.0341337712109089,0.0160829370248061));
#838=CARTESIAN_POINT('',(0.0362356058280109,0.0825513957957863,0.0577084097310556));
#839=CARTESIAN_POINT('',(0.031295397260334,0.0612115279408319,0.0373551909370726));
#840=CARTESIAN_POINT('',(0.0254765173075185,0.0360761257496412,0.0133819243850357));
#841=CARTESIAN_POINT('',(0.0259128578111497,-0.00069976411362923,0.0156227003440586));
#842=CARTESIAN_POINT('',(0.0267612722759667,-0.019088465395108,0.0159038746671798));
#843=CARTESIAN_POINT('',(0.0274554297853162,-0.0341337712109089,0.0161339264589923));
#844=CARTESIAN_POINT('',(0.0364828807375693,0.0827986707053446,0.0565508149503345));
#845=CARTESIAN_POINT('',(0.0313220524654546,0.0613411468075399,0.0367624286416095));
#846=CARTESIAN_POINT('',(0.0252433131245661,0.036067162129458,0.0134544563540032));
#847=CARTESIAN_POINT('',(0.025700793754434,-0.000695204700816261,0.0156300676130567));
#848=CARTESIAN_POINT('',(0.0265750981529685,-0.0190864136589847,0.0159250545208985));
#849=CARTESIAN_POINT('',(0.0272904383420715,-0.0341337712109089,0.0161664075219723));
#850=CARTESIAN_POINT('',(0.0368112306103256,0.0831270205781009,0.0547489889396349));
#851=CARTESIAN_POINT('',(0.0313411255356004,0.06151326430408,0.035836121518039));
#852=CARTESIAN_POINT('',(0.024898101051296,0.0360552595731015,0.013559388950545));
#853=CARTESIAN_POINT('',(0.0253849611116177,-0.000689150376017782,0.0156346501767229));
#854=CARTESIAN_POINT('',(0.026297416175236,-0.0190836892123505,0.0159462701672907));
#855=CARTESIAN_POINT('',(0.0270439705547528,-0.0341337712109089,0.0162012320585436));
#856=CARTESIAN_POINT('',(0.0369135868193141,0.0832293767870894,0.0541374746294654));
#857=CARTESIAN_POINT('',(0.0313439982693932,0.0615669183356731,0.0355211585301195));
#858=CARTESIAN_POINT('',(0.0247837960603992,0.036051549199969,0.013593722256574));
#859=CARTESIAN_POINT('',(0.0252800608043885,-0.00068726306682178,0.0156350996413064));
#860=CARTESIAN_POINT('',(0.0262051187171193,-0.0190828399230643,0.0159515830270572));
#861=CARTESIAN_POINT('',(0.0269619845219046,-0.0341337712109089,0.0162105240610843));
#862=CARTESIAN_POINT('',(0.0371022499356704,0.0834180399034458,0.0528976334407861));
#863=CARTESIAN_POINT('',(0.0313418117830392,0.0616658135263553,0.0348813672346239));
#864=CARTESIAN_POINT('',(0.0245568152334824,0.0360447102347032,0.0136607064435916));
#865=CARTESIAN_POINT('',(0.0250710137880208,-0.000683784375709992,0.0156337358102395));
#866=CARTESIAN_POINT('',(0.0260210338311681,-0.0190812745117911,0.015958511505368));
#867=CARTESIAN_POINT('',(0.0267983232036746,-0.0341337712109089,0.0162242371583084));
#868=CARTESIAN_POINT('',(0.0371885568430382,0.0835043468108135,0.0522693065622762));
#869=CARTESIAN_POINT('',(0.0313367524572893,0.0617110546854445,0.0345565386158051));
#870=CARTESIAN_POINT('',(0.0244441391674736,0.0360415816425698,0.013693356646737));
#871=CARTESIAN_POINT('',(0.0249668673781799,-0.000682192993794205,0.0156319233967036));
#872=CARTESIAN_POINT('',(0.02592924294895,-0.0190805583898043,0.0159601169428612));
#873=CARTESIAN_POINT('',(0.0267166413927149,-0.0341337712109089,0.0162286390202569));
#874=CARTESIAN_POINT('',(0.0378847190321328,0.0842005089999082,0.0465612023000513));
#875=CARTESIAN_POINT('',(0.0312511982327831,0.0620759754699938,0.0316000466076632));
#876=CARTESIAN_POINT('',(0.0234378315161483,0.0360163460314839,0.0139778819284246));
#877=CARTESIAN_POINT('',(0.0240329292953391,-0.000669356710442481,0.0156049269027688));
#878=CARTESIAN_POINT('',(0.0251054343460326,-0.0190747820612893,0.0159573809021923));
#879=CARTESIAN_POINT('',(0.0259829387564679,-0.0341337712109089,0.0162457524476408));
#880=CARTESIAN_POINT('',(0.0379303744733534,0.0842461644411287,0.0411092884268836));
#881=CARTESIAN_POINT('',(0.0308905694620052,0.062099907564684,0.0287371662476961));
#882=CARTESIAN_POINT('',(0.0225986563390888,0.0360146910393331,0.014164523668739));
#883=CARTESIAN_POINT('',(0.0232267716866429,-0.000668514886239396,0.0155048811119277));
#884=CARTESIAN_POINT('',(0.0243898494713725,-0.0190744032403319,0.0158335329367947));
#885=CARTESIAN_POINT('',(0.0253414588695004,-0.0341337712109089,0.016102429969617));
#886=CARTESIAN_POINT('',(0.0368007373520177,0.0831165273197931,0.0359902153957872));
#887=CARTESIAN_POINT('',(0.0298881836079621,0.0615077638501425,0.0259802778589551));
#888=CARTESIAN_POINT('',(0.0217461548144371,0.0360556399496716,0.0141899608988359));
#889=CARTESIAN_POINT('',(0.0223450631598029,-0.000689343857420582,0.0152715279669229));
#890=CARTESIAN_POINT('',(0.0236166255271794,-0.019083776278997,0.0155583124908106));
#891=CARTESIAN_POINT('',(0.0246569950665068,-0.0341337712109089,0.015792954448341));
#892=CARTESIAN_POINT('',(0.0366588193455817,0.082974609313357,0.0354355174211683));
#893=CARTESIAN_POINT('',(0.0297685174006229,0.0614333719468453,0.0256803942414147));
#894=CARTESIAN_POINT('',(0.0216526981377087,0.0360607844227162,0.0141902132236915));
#895=CARTESIAN_POINT('',(0.0222474395473326,-0.000691960632321401,0.0152439106958581));
#896=CARTESIAN_POINT('',(0.0235311507311583,-0.0190849538279075,0.0155258399549815));
#897=CARTESIAN_POINT('',(0.0245814602143665,-0.0341337712109089,0.0157565094219006));
#898=CARTESIAN_POINT('',(0.0363403159868185,0.0826561059545938,0.0343592960189135));
#899=CARTESIAN_POINT('',(0.0295116646623675,0.06126641588778,0.0250960657109119));
#900=CARTESIAN_POINT('',(0.0214684612728192,0.0360723300467349,0.014185266217503));
#901=CARTESIAN_POINT('',(0.0220529184449599,-0.000697833400802083,0.0151852558405442));
#902=CARTESIAN_POINT('',(0.0233611442988444,-0.0190875965741844,0.0154571485076714));
#903=CARTESIAN_POINT('',(0.0244315112457289,-0.0341337712109089,0.0156796062149007));
#904=CARTESIAN_POINT('',(0.0361637306344912,0.0824795206022666,0.0338377725912775));
#905=CARTESIAN_POINT('',(0.029374483296996,0.061173851732012,0.0248116301592848));
#906=CARTESIAN_POINT('',(0.0213776923344976,0.0360787311977089,0.0141800872741476));
#907=CARTESIAN_POINT('',(0.0219560325018333,-0.000701089394381948,0.0151542391821113));
#908=CARTESIAN_POINT('',(0.0232766178586016,-0.0190890617715507,0.0154209390128093));
#909=CARTESIAN_POINT('',(0.0243570971292317,-0.0341337712109089,0.0156391480343412));
#910=CARTESIAN_POINT('',(0.0355791808520323,0.0818949708198077,0.0323304621961421));
#911=CARTESIAN_POINT('',(0.0289353388081618,0.0608674369790067,0.0239854918186045));
#912=CARTESIAN_POINT('',(0.0211098150981515,0.0360999209020645,0.0141562750615625));
#913=CARTESIAN_POINT('',(0.0216667234994642,-0.000711867696849917,0.0150563626175009));
#914=CARTESIAN_POINT('',(0.0230246421992854,-0.0190939120085066,0.0153069139735433));
#915=CARTESIAN_POINT('',(0.0241356669420922,-0.0341337712109089,0.015511910602534));
#916=CARTESIAN_POINT('',(0.0351164226964234,0.0814322126641987,0.0314019351164155));
#917=CARTESIAN_POINT('',(0.0286057752919788,0.0606248640960683,0.0234709573437522));
#918=CARTESIAN_POINT('',(0.0209371363787462,0.0361166957068797,0.0141293664098139));
#919=CARTESIAN_POINT('',(0.0214756492672324,-0.000720400327466414,0.0149846761220116));
#920=CARTESIAN_POINT('',(0.0228587966416242,-0.0190977516929532,0.0152237018744596));
#921=CARTESIAN_POINT('',(0.0239904630338021,-0.0341337712109089,0.0154192684611578));
#922=CARTESIAN_POINT('',(0.0340298953485162,0.0803456853162915,0.029737563683281));
#923=CARTESIAN_POINT('',(0.0278659250577523,0.0600553180643479,0.0225355754896653));
#924=CARTESIAN_POINT('',(0.0206056236629182,0.0361560819045438,0.0140526330903424));
#925=CARTESIAN_POINT('',(0.0210982976898982,-0.000740434413094169,0.0148297181089532));
#926=CARTESIAN_POINT('',(0.0225323064029731,-0.0191067670330567,0.0150439255781675));
#927=CARTESIAN_POINT('',(0.0237055866308957,-0.0341337712109089,0.0152191862903313));
#928=CARTESIAN_POINT('',(0.033406126156218,0.0797219161239934,0.0290017193298732));
#929=CARTESIAN_POINT('',(0.0274556383397088,0.0597283449155661,0.0221147281104307));
#930=CARTESIAN_POINT('',(0.0204467896664957,0.0361786932973929,0.0140028084226196));
#931=CARTESIAN_POINT('',(0.0209120203447959,-0.000751935868105426,0.0147464465913842));
#932=CARTESIAN_POINT('',(0.0223716617219831,-0.0191119426887138,0.0149473613809591));
#933=CARTESIAN_POINT('',(0.0235659141362794,-0.0341337712109089,0.0151117462608809));
#934=CARTESIAN_POINT('',(0.0325164737457794,0.0788322637135548,0.0282273341497245));
#935=CARTESIAN_POINT('',(0.026887876594362,0.0592619986234532,0.0216604972322413));
#936=CARTESIAN_POINT('',(0.0202581704436643,0.0362109428544403,0.0139256748721967));
#937=CARTESIAN_POINT('',(0.0206829217273119,-0.00076833984781564,0.0146359202323431));
#938=CARTESIAN_POINT('',(0.0221746841975642,-0.0191193244808699,0.0148189602695923));
#939=CARTESIAN_POINT('',(0.0233952175145139,-0.0341337712109089,0.0149687203475226));
#940=CARTESIAN_POINT('',(0.0323330462176884,0.0786488361854637,0.0280797281267752));
#941=CARTESIAN_POINT('',(0.026771579077903,0.0591658478722238,0.0215732424738962));
#942=CARTESIAN_POINT('',(0.0202209427627328,0.0362175920316491,0.0139095055263237));
#943=CARTESIAN_POINT('',(0.0206372894070098,-0.000771722001804994,0.0146134931124309));
#944=CARTESIAN_POINT('',(0.0221354801090214,-0.0191208464504303,0.0147928952540761));
#945=CARTESIAN_POINT('',(0.0233612728899861,-0.0341337712109089,0.0149396788710236));
#946=CARTESIAN_POINT('',(0.0320494848123819,0.0783652747801572,0.0278696942411784));
#947=CARTESIAN_POINT('',(0.0265929315893808,0.0590172080119825,0.0214479963481504));
#948=CARTESIAN_POINT('',(0.0201658693053035,0.03622787102332,0.0138841276124729));
#949=CARTESIAN_POINT('',(0.0205691360940257,-0.000776950488216846,0.0145793847293451));
#950=CARTESIAN_POINT('',(0.0220769719340729,-0.0191231992697257,0.0147532327133715));
#951=CARTESIAN_POINT('',(0.0233106561941127,-0.0341337712109089,0.0148954720181));
#952=CARTESIAN_POINT('',(0.0319535609917514,0.0782693509595267,0.0278015788041173));
#953=CARTESIAN_POINT('',(0.0265326822242345,0.0589669257696691,0.0214071869748639));
#954=CARTESIAN_POINT('',(0.0201476394968218,0.0362313482248532,0.0138754809920158));
#955=CARTESIAN_POINT('',(0.0205464675176091,-0.00077871919292543,0.0145679373177802));
#956=CARTESIAN_POINT('',(0.0220575188687343,-0.0191239951869833,0.0147399176968982));
#957=CARTESIAN_POINT('',(0.023293834002308,-0.0341337712109089,0.0148806289607629));
#958=CARTESIAN_POINT('',(0.0317588775554062,0.0780746675231816,0.0276692177511384));
#959=CARTESIAN_POINT('',(0.0264107691788723,0.0588648747915455,0.0213274883798536));
#960=CARTESIAN_POINT('',(0.0201114398709334,0.0362384054243987,0.0138578114625281));
#961=CARTESIAN_POINT('',(0.0205012310977119,-0.000782308890544692,0.0145448891050677));
#962=CARTESIAN_POINT('',(0.0220187138629049,-0.0191256105511935,0.0147131013535471));
#963=CARTESIAN_POINT('',(0.0232602910642014,-0.0341337712109089,0.0148507296004579));
#964=CARTESIAN_POINT('',(0.031660111186999,0.0779759011547744,0.0276049826106678));
#965=CARTESIAN_POINT('',(0.0263491019589672,0.0588131025160458,0.0212886046492474));
#966=CARTESIAN_POINT('',(0.0200934702983093,0.0362419856671935,0.0138487881737665));
#967=CARTESIAN_POINT('',(0.0204786631297207,-0.000784130007965825,0.0145332884970731));
#968=CARTESIAN_POINT('',(0.0219993618663843,-0.0191264300541758,0.0146996001135882));
#969=CARTESIAN_POINT('',(0.0232435703178995,-0.0341337712109089,0.01483567329749));
#970=CARTESIAN_POINT('',(0.0311592380799149,0.0774750280476903,0.0272934890946268));
#971=CARTESIAN_POINT('',(0.0260372586960049,0.0585505501826097,0.0210989917245852));
#972=CARTESIAN_POINT('',(0.0200042779528895,0.0362601421243118,0.0138027336677612));
#973=CARTESIAN_POINT('',(0.0203660832116955,-0.00079336542641644,0.0144749048022494));
#974=CARTESIAN_POINT('',(0.0219028602133622,-0.0191305859932029,0.0146316316528014));
#975=CARTESIAN_POINT('',(0.0231602236131392,-0.0341337712109089,0.0147598627529758));
#976=CARTESIAN_POINT('',(0.0307360758302502,0.0770518657980256,0.0270751713488281));
#977=CARTESIAN_POINT('',(0.0257765969564634,0.0583287330506851,0.0209626241886985));
#978=CARTESIAN_POINT('',(0.019935019257921,0.036275481592795,0.0137628921038155));
#979=CARTESIAN_POINT('',(0.0202768522865202,-0.000801167962413856,0.0144269777976787));
#980=CARTESIAN_POINT('',(0.0218264861121838,-0.0191340971350136,0.0145757767700613));
#981=CARTESIAN_POINT('',(0.0230943687349278,-0.0341337712109089,0.0146975214224054));
#982=CARTESIAN_POINT('',(0.0231951383666481,0.0695109283344234,0.023852781539505));
#983=CARTESIAN_POINT('',(0.0211740862411259,0.0543758541690643,0.0188863395977099));
#984=CARTESIAN_POINT('',(0.0187935673752338,0.0365488376699214,0.0130365603715825));
#985=CARTESIAN_POINT('',(0.0187762944381403,-0.000940212586693523,0.0135913987868287));
#986=CARTESIAN_POINT('',(0.0205435906452981,-0.0191966672268438,0.0136015350475253));
#987=CARTESIAN_POINT('',(0.0219895607275124,-0.0341337712109089,0.0136098283543594));
#988=CARTESIAN_POINT('',(0.0108696748631836,0.0571854648309589,0.0281838875147734));
#989=CARTESIAN_POINT('',(0.0142633201183386,0.0479149778358239,0.0205758753288646));
#990=CARTESIAN_POINT('',(0.0182605631641874,0.0369956309722573,0.0116146930259527));
#991=CARTESIAN_POINT('',(0.0176104857089411,-0.00116747735983134,0.0124914477833293));
#992=CARTESIAN_POINT('',(0.0195690330767907,-0.0192989363925789,0.0123125174684058));
#993=CARTESIAN_POINT('',(0.0211714814309717,-0.0341337712109089,0.0121661198916258));
#994=CARTESIAN_POINT('',(0.000528937763079342,0.0468447277308547,0.0316102751881433));
#995=CARTESIAN_POINT('',(0.00871579023098093,0.0424944738864556,0.0215546164130868));
#996=CARTESIAN_POINT('',(0.0183587660384845,0.0373704787072933,0.00971044618080768));
#997=CARTESIAN_POINT('',(0.0171743936131558,-0.00135814647912836,0.0108798466214873));
#998=CARTESIAN_POINT('',(0.0191145252477182,-0.0193847375112155,0.0105666283186769));
#999=CARTESIAN_POINT('',(0.0207019061789807,-0.0341337712109089,0.010310358716993));
#1000=CARTESIAN_POINT('',(-0.000571069007192055,0.0457447209605833,0.0319709001164509));
#1001=CARTESIAN_POINT('',(0.00813033005805048,0.0419178620854914,0.0216505597856576));
#1002=CARTESIAN_POINT('',(0.0183793703340962,0.0374103535288238,0.00949463142060781));
#1003=CARTESIAN_POINT('',(0.0171380968923813,-0.00137842910696021,0.0106955839678568));
#1004=CARTESIAN_POINT('',(0.0190729504287376,-0.0193938646953305,0.0103685243356475));
#1005=CARTESIAN_POINT('',(0.0206560129146449,-0.0341337712109089,0.0101009300063216));
#1006=CARTESIAN_POINT('',(-0.00212313565089927,0.0441926543168761,0.0324563703336195));
#1007=CARTESIAN_POINT('',(0.00731187309446582,0.0411042853268469,0.021762206200816));
#1008=CARTESIAN_POINT('',(0.0184250037428871,0.0374666153465633,0.0091659652866899));
#1009=CARTESIAN_POINT('',(0.0171035033729951,-0.0014070471036447,0.0104112959235939));
#1010=CARTESIAN_POINT('',(0.0190243093777144,-0.0194067427960829,0.0100660267235892));
#1011=CARTESIAN_POINT('',(0.0205958784250042,-0.0341337712109089,0.00978353365225514));
#1012=CARTESIAN_POINT('',(-0.00262416728018503,0.0436916226875904,0.0326089492101269));
#1013=CARTESIAN_POINT('',(0.00704900965353721,0.0408416498977657,0.0217940435671013));
#1014=CARTESIAN_POINT('',(0.0184426693682204,0.0374847775500505,0.00905558591380726));
#1015=CARTESIAN_POINT('',(0.0170952808002096,-0.00141628544502897,0.0103152175596304));
#1016=CARTESIAN_POINT('',(0.019010382479459,-0.0194109000504303,0.00996430397379216));
#1017=CARTESIAN_POINT('',(0.0205772843498853,-0.0341337712109089,0.00967719276713108));
#1018=CARTESIAN_POINT('',(-0.00358949978756387,0.0427262901802115,0.0328913945787896));
#1019=CARTESIAN_POINT('',(0.0065454163984814,0.0403356329070961,0.0218447853963145));
#1020=CARTESIAN_POINT('',(0.0184829408593517,0.0375197704814484,0.00883341313582765));
#1021=CARTESIAN_POINT('',(0.0170857219801477,-0.00143408486273284,0.0101204127379187));
#1022=CARTESIAN_POINT('',(0.0189871573693524,-0.019418909789793,0.00975921703442082));
#1023=CARTESIAN_POINT('',(0.0205428777261992,-0.0341337712109089,0.00946369318337253));
#1024=CARTESIAN_POINT('',(-0.00405380066565694,0.0422619893021184,0.033021261070945));
#1025=CARTESIAN_POINT('',(0.0063047054058198,0.0400922513455077,0.0218636801365426));
#1026=CARTESIAN_POINT('',(0.0185055877156889,0.0375366012093592,0.0087215985560395));
#1027=CARTESIAN_POINT('',(0.0170844278053449,-0.00144264593905244,0.0100216645465792));
#1028=CARTESIAN_POINT('',(0.0189778780901178,-0.0194227622748082,0.00965584306472866));
#1029=CARTESIAN_POINT('',(0.020527065177632,-0.0341337712109089,0.00935653448473805));
#1030=CARTESIAN_POINT('',(-0.00627327089324226,0.0400425190745331,0.0336032542560393));
#1031=CARTESIAN_POINT('',(0.00516158996254524,0.038928828756028,0.0219206127610827));
#1032=CARTESIAN_POINT('',(0.0186302688018002,0.0376170561498278,0.00816008272279329));
#1033=CARTESIAN_POINT('',(0.0170948376862442,-0.00148356994954637,0.00952178217467085));
#1034=CARTESIAN_POINT('',(0.0189427376568806,-0.0194411780827398,0.00913545136809265));
#1035=CARTESIAN_POINT('',(0.020454656293747,-0.0341337712109089,0.00881936242618959));
#1036=CARTESIAN_POINT('',(-0.00772233775409415,0.0385934522136812,0.0338533631219304));
#1037=CARTESIAN_POINT('',(0.00444039617854607,0.0381692433835242,0.0218460831506818));
#1038=CARTESIAN_POINT('',(0.0187664084678104,0.0376695842651302,0.00770317404970084));
#1039=CARTESIAN_POINT('',(0.0171569428274935,-0.0015102887704086,0.00910234833562987));
#1040=CARTESIAN_POINT('',(0.018950535861031,-0.0194532015542233,0.00870792416085508));
#1041=CARTESIAN_POINT('',(0.0204180215352825,-0.0341337712109089,0.00838521337014749));
#1042=CARTESIAN_POINT('',(-0.00896221812026339,0.037353571847512,0.0337277090647235));
#1043=CARTESIAN_POINT('',(0.00385889701069931,0.0375193113374327,0.021521199094792));
#1044=CARTESIAN_POINT('',(0.0189603909630852,0.0377145294506111,0.00714362471005771));
#1045=CARTESIAN_POINT('',(0.0172890193245426,-0.00153315047699321,0.00856513789771015));
#1046=CARTESIAN_POINT('',(0.0189967827648237,-0.0194634893239792,0.00817052966588144));
#1047=CARTESIAN_POINT('',(0.0203940442041595,-0.0341337712109089,0.00784766828299111));
#1048=CARTESIAN_POINT('',(-0.00918162153300246,0.0371341684347729,0.0336806637463035));
#1049=CARTESIAN_POINT('',(0.00375859683023756,0.0374043024116913,0.0214446361814696));
#1050=CARTESIAN_POINT('',(0.0190003778577783,0.0377224827397749,0.00703229416721521));
#1051=CARTESIAN_POINT('',(0.0173181568774767,-0.00153719597733547,0.00845704990317028));
#1052=CARTESIAN_POINT('',(0.0190078571030125,-0.0194653097994505,0.00806290149259038));
#1053=CARTESIAN_POINT('',(0.0203903395437827,-0.0341337712109089,0.00774041632720464));
#1054=CARTESIAN_POINT('',(-0.00941760815208321,0.0368981818156921,0.0335918243858548));
#1055=CARTESIAN_POINT('',(0.00365444569993359,0.0372806007462934,0.0213331744839275));
#1056=CARTESIAN_POINT('',(0.0190515106334478,0.0377310371637783,0.00689418649673601));
#1057=CARTESIAN_POINT('',(0.0173577820031253,-0.00154154724943439,0.00832131208548452));
#1058=CARTESIAN_POINT('',(0.0190238501437891,-0.0194672678722362,0.00792835205539495));
#1059=CARTESIAN_POINT('',(0.0203869972362647,-0.0341337712109089,0.00760683920162759));
#1060=CARTESIAN_POINT('',(-0.00946288595075654,0.0368529040170189,0.0335725492207645));
#1061=CARTESIAN_POINT('',(0.00363467989862696,0.0372568666077933,0.0213100912760868));
#1062=CARTESIAN_POINT('',(0.0190617944237727,0.0377326784665322,0.00686661794312169));
#1063=CARTESIAN_POINT('',(0.017365867300744,-0.00154238211042285,0.00829413302640744));
#1064=CARTESIAN_POINT('',(0.0190271563088157,-0.0194676435597466,0.00790144140998531));
#1065=CARTESIAN_POINT('',(0.0203863932006587,-0.0341337712109089,0.00758014816746997));
#1066=CARTESIAN_POINT('',(-0.00954958691873492,0.0367662030490404,0.0335309627213645));
#1067=CARTESIAN_POINT('',(0.00359728248419718,0.0372114188863406,0.0212623345153172));
#1068=CARTESIAN_POINT('',(0.0190824697517012,0.0377358213432109,0.00681159347093957));
#1069=CARTESIAN_POINT('',(0.0173823525611029,-0.00154398075828002,0.00823971722494385));
#1070=CARTESIAN_POINT('',(0.019033980075572,-0.0194683629514076,0.00784762328098805));
#1071=CARTESIAN_POINT('',(0.0203853121065082,-0.0341337712109089,0.00752681904337285));
#1072=CARTESIAN_POINT('',(-0.00959101673155807,0.0367247732362173,0.0335086575055834));
#1073=CARTESIAN_POINT('',(0.00357964738861277,0.0371897018209268,0.0212376641696556));
#1074=CARTESIAN_POINT('',(0.0190928615301296,0.0377373231579606,0.00678413733057746));
#1075=CARTESIAN_POINT('',(0.0173907524013457,-0.00154474466764616,0.00821248059537466));
#1076=CARTESIAN_POINT('',(0.0190374976221779,-0.0194687067106823,0.00782071584816825));
#1077=CARTESIAN_POINT('',(0.0203848350479636,-0.0341337712109089,0.00750018095343335));
#1078=CARTESIAN_POINT('',(-0.00970960213471956,0.0366061878330558,0.0334372485037304));
#1079=CARTESIAN_POINT('',(0.00352989830363261,0.0371275406190752,0.0211613035957147));
#1080=CARTESIAN_POINT('',(0.0191241920729432,0.0377416218331278,0.00670194449203428));
#1081=CARTESIAN_POINT('',(0.017416413232555,-0.00154693122109621,0.0081306938632069));
#1082=CARTESIAN_POINT('',(0.0190483610611536,-0.0194696906599063,0.0077400060830185));
#1083=CARTESIAN_POINT('',(0.0203835915258209,-0.0341337712109089,0.00742035234339573));
#1084=CARTESIAN_POINT('',(-0.00978105368974992,0.0365347362780254,0.0333836513631485));
#1085=CARTESIAN_POINT('',(0.00350094051600985,0.0370900864770269,0.0211072638304791));
#1086=CARTESIAN_POINT('',(0.0191452860448566,0.0377442119244635,0.00664738337639634));
#1087=CARTESIAN_POINT('',(0.0174341355340026,-0.00154824869053173,0.00807606691714807));
#1088=CARTESIAN_POINT('',(0.0190560177526814,-0.0194702835212556,0.0076862162839982));
#1089=CARTESIAN_POINT('',(0.0203830127157139,-0.0341337712109089,0.00736724748307853));
#1090=CARTESIAN_POINT('',(-0.010101057605384,0.0362147323623914,0.0330862772132845));
#1091=CARTESIAN_POINT('',(0.00337673114813665,0.0369223438420758,0.0208217528762459));
#1092=CARTESIAN_POINT('',(0.0192516954764184,0.0377558119430906,0.00637584561991114));
#1093=CARTESIAN_POINT('',(0.0175256848483279,-0.00155414912723898,0.00780254447114445));
#1094=CARTESIAN_POINT('',(0.019096290664373,-0.0194729387182366,0.00741745268793651));
#1095=CARTESIAN_POINT('',(0.0203813321937753,-0.0341337712109089,0.00710237749274852));
#1096=CARTESIAN_POINT('',(-0.0102378483874344,0.036077941580341,0.0327543348631373));
#1097=CARTESIAN_POINT('',(0.00334321827860779,0.0368506395750431,0.0205443453030824));
#1098=CARTESIAN_POINT('',(0.0193398296520513,0.037760770556227,0.0061626724441774));
#1099=CARTESIAN_POINT('',(0.0176083252824668,-0.00155667136309983,0.00758248582407117));
#1100=CARTESIAN_POINT('',(0.0191348752466931,-0.0194740737245718,0.00720303508801458));
#1101=CARTESIAN_POINT('',(0.0203838710677311,-0.0341337712109089,0.00689257529650379));
#1102=CARTESIAN_POINT('',(-0.010320268515574,0.0359955214522013,0.0314981611133765));
#1103=CARTESIAN_POINT('',(0.00342251138767252,0.0368074358241148,0.0195786218977348));
#1104=CARTESIAN_POINT('',(0.01960959850747,0.0377637582541112,0.00553905922774995));
#1105=CARTESIAN_POINT('',(0.0178791658419151,-0.00155819107809621,0.00692337145461586));
#1106=CARTESIAN_POINT('',(0.0192665582036906,-0.0194747575964393,0.00656547291489071));
#1107=CARTESIAN_POINT('',(0.0204016977684648,-0.0341337712109089,0.00627264674414765));
#1108=CARTESIAN_POINT('',(-0.00993794564365149,0.0363778443241239,0.030313583014444));
#1109=CARTESIAN_POINT('',(0.00371514908391744,0.0370078453903893,0.0187568053796933));
#1110=CARTESIAN_POINT('',(0.0197965995157764,0.0377498991973336,0.00514452549783));
#1111=CARTESIAN_POINT('',(0.0180902852242561,-0.00155114156464559,0.00648537730399833));
#1112=CARTESIAN_POINT('',(0.0193755857884055,-0.0194715853148337,0.00614801896833064));
#1113=CARTESIAN_POINT('',(0.0204271956741088,-0.0341337712109089,0.00587199842441423));
#1114=CARTESIAN_POINT('',(-0.00623578094207787,0.0400800090256975,0.0229454797436392));
#1115=CARTESIAN_POINT('',(0.00614078692738042,0.0389484805880377,0.013937661463417));
#1116=CARTESIAN_POINT('',(0.0207186659123797,0.037615697153545,0.00332770188552865));
#1117=CARTESIAN_POINT('',(0.0192282279694493,-0.0014828786858674,0.00436626559701615));
#1118=CARTESIAN_POINT('',(0.0199846577940539,-0.0194408670140301,0.00415083069127044));
#1119=CARTESIAN_POINT('',(0.0206035551193822,-0.0341337712109089,0.00397456571253554));
#1120=CARTESIAN_POINT('',(0.00245571191345634,0.0487715018812317,0.0124263162433415));
#1121=CARTESIAN_POINT('',(0.0111611351613136,0.0435044683182407,0.00781015008697562));
#1122=CARTESIAN_POINT('',(0.0214149153658913,0.037300633886832,0.00237294711504242));
#1123=CARTESIAN_POINT('',(0.0204020888327648,-0.00132261938596467,0.00289772517896776));
#1124=CARTESIAN_POINT('',(0.0206765044612095,-0.0193687503165057,0.0028413407279908));
#1125=CARTESIAN_POINT('',(0.0209010264101708,-0.0341337712109089,0.00279520798075546));
#1126=CARTESIAN_POINT('',(0.0118107543033699,0.0581265442711452,0.001));
#1127=CARTESIAN_POINT('',(0.0162350332848147,0.0484082816276926,0.00171371601991791));
#1128=CARTESIAN_POINT('',(0.021446219800144,0.0369615172051991,0.00255437442196924));
#1129=CARTESIAN_POINT('',(0.0209377064318488,-0.00115012513568022,0.00247234204136738));
#1130=CARTESIAN_POINT('',(0.0210320038516933,-0.01929112789035,0.00248755391644628));
#1131=CARTESIAN_POINT('',(0.0211091563105584,-0.0341337712109089,0.0025));
#1132=CARTESIAN_POINT('',(0.0470504388213158,0.0933662287890911,0.108997166156769));
#1133=CARTESIAN_POINT('',(0.0470504388213158,0.0668805478940978,0.065554292289837));
#1134=CARTESIAN_POINT('',(0.0470504388213158,0.0356840922211713,0.0143846170880769));
#1135=CARTESIAN_POINT('',(0.0470504388213158,-0.000500353311264193,0.0197694443320333));
#1136=CARTESIAN_POINT('',(0.0470504388213158,-0.0189987305184052,0.0160025847835139));
#1137=CARTESIAN_POINT('',(0.0470504388213158,-0.0341337712109089,0.0129206078127027));
#1138=CARTESIAN_POINT('',(0.0470504388213158,0.09324057579233,0.108791065192219));
#1139=CARTESIAN_POINT('',(0.0470504388213158,-0.0336934912109089,0.0130102590130122));
#1140=CARTESIAN_POINT('',(0.0470504388213158,0.09324057579233,0.108791065192219));
#1141=CARTESIAN_POINT('',(0.0468736297772253,0.0930366563139713,0.108813184869856));
#1142=CARTESIAN_POINT('',(0.0464984588968569,0.0926663913252558,0.108956230058038));
#1143=CARTESIAN_POINT('',(0.0457547087189944,0.0919141975697762,0.109187146255426));
#1144=CARTESIAN_POINT('',(0.0448142979333724,0.0909755012662401,0.109462005201447));
#1145=CARTESIAN_POINT('',(0.0436829797306935,0.0898428066225297,0.109737338007283));
#1146=CARTESIAN_POINT('',(0.0421688694914771,0.0883286914639072,0.11005250270277));
#1147=CARTESIAN_POINT('',(0.0402687586274625,0.0864283692820999,0.110355222888765));
#1148=CARTESIAN_POINT('',(0.0379755516989499,0.0841352755457799,0.11059811394957));
#1149=CARTESIAN_POINT('',(0.0356828581439325,0.0818427113079855,0.110731121542245));
#1150=CARTESIAN_POINT('',(0.032628489764331,0.0787885722067837,0.110770147868896));
#1151=CARTESIAN_POINT('',(0.0288178693536594,0.0749782230944992,0.110564049294986));
#1152=CARTESIAN_POINT('',(0.0250030151104163,0.0711634356841784,0.109972071294441));
#1153=CARTESIAN_POINT('',(0.0219961386345297,0.0681560737903486,0.109182286705569));
#1154=CARTESIAN_POINT('',(0.0197679544461905,0.0659269762551391,0.108384981382617));
#1155=CARTESIAN_POINT('',(0.0175937048373726,0.0637503987286749,0.107302492938955));
#1156=CARTESIAN_POINT('',(0.0155489762472998,0.0617000084519578,0.105809766376701));
#1157=CARTESIAN_POINT('',(0.0141045489322155,0.0602387215571336,0.103944961471813));
#1158=CARTESIAN_POINT('',(0.0135456230656206,0.05964800609639,0.102205984781936));
#1159=CARTESIAN_POINT('',(0.0133238284895222,0.0594864928795799,0.101150038827433));
#1160=CARTESIAN_POINT('',(0.0132370866816422,0.0595063341782916,0.100599966060616));
#1161=CARTESIAN_POINT('',(0.0132184990281145,0.0595342889958899,0.100331252048262));
#1162=CARTESIAN_POINT('',(0.0132184990281145,0.0595342889958899,0.100331252048262));
#1163=CARTESIAN_POINT('',(0.0132761952430925,0.0595097357104027,0.0993804872812958));
#1164=CARTESIAN_POINT('',(0.0135483689760446,0.0596834760523052,0.097492190127021));
#1165=CARTESIAN_POINT('',(0.0143364386373984,0.0604691132613357,0.09488774486763));
#1166=CARTESIAN_POINT('',(0.0153610564780452,0.0614921018859992,0.0924661526821553));
#1167=CARTESIAN_POINT('',(0.0168883671349036,0.063024121330138,0.0894761298363655));
#1168=CARTESIAN_POINT('',(0.0190218553670645,0.0651617309701437,0.0859989615243061));
#1169=CARTESIAN_POINT('',(0.021783403316135,0.0679274844463718,0.0820789963005516));
#1170=CARTESIAN_POINT('',(0.0246865052059736,0.070834119100846,0.0783259279215893));
#1171=CARTESIAN_POINT('',(0.0276700029559964,0.0738205070012004,0.0746972558094097));
#1172=CARTESIAN_POINT('',(0.030590904874947,0.0767430335962449,0.070980126855801));
#1173=CARTESIAN_POINT('',(0.0331801071289511,0.0793315707711644,0.0667442605810596));
#1174=CARTESIAN_POINT('',(0.0350936202203214,0.0812422171968777,0.0619524144038281));
#1175=CARTESIAN_POINT('',(0.0364299999307331,0.0825766416303771,0.056681856572229));
#1176=CARTESIAN_POINT('',(0.0372974803491698,0.0834425370919436,0.0513109938551416));
#1177=CARTESIAN_POINT('',(0.0377131560488266,0.0838560977296911,0.0457509026517194));
#1178=CARTESIAN_POINT('',(0.0375653298390505,0.0837034448756826,0.040231254636223));
#1179=CARTESIAN_POINT('',(0.0366323467761484,0.0827654723235166,0.0347659273493979));
#1180=CARTESIAN_POINT('',(0.034900428880393,0.0810171151839031,0.0307553902372651));
#1181=CARTESIAN_POINT('',(0.0328133085249359,0.0789979703073906,0.0283365375448258));
#1182=CARTESIAN_POINT('',(0.0315831649904238,0.0778611214457218,0.027512802376987));
#1183=CARTESIAN_POINT('',(0.0309315826851526,0.0772473726529279,0.0271862469186262));
#1184=CARTESIAN_POINT('',(0.0309315826851525,0.0772473726529279,0.0271862469186261));
#1185=CARTESIAN_POINT('',(0.0300353184138669,0.0763036202698125,0.0267113771530065));
#1186=CARTESIAN_POINT('',(0.0281450139098029,0.0743483126030783,0.0260676150037666));
#1187=CARTESIAN_POINT('',(0.0242305184285228,0.0703884335808186,0.025632636429906));
#1188=CARTESIAN_POINT('',(0.0193782937531868,0.0655227495662174,0.0260855052453052));
#1189=CARTESIAN_POINT('',(0.0145725816440996,0.0607113712403696,0.0271512415685347));
#1190=CARTESIAN_POINT('',(0.0107405202333214,0.056876821242956,0.0282170132788252));
#1191=CARTESIAN_POINT('',(0.00787615038413577,0.0540110519743771,0.0290920979914129));
#1192=CARTESIAN_POINT('',(0.00502007083936409,0.0511538449991337,0.0300162899104331));
#1193=CARTESIAN_POINT('',(0.0021674704120659,0.0483002111370937,0.0309634981032893));
#1194=CARTESIAN_POINT('',(-0.000210783480449095,0.045921051249221,0.0317458228299869));
#1195=CARTESIAN_POINT('',(-0.00211797359541252,0.0440130181453194,0.032342335435949));
#1196=CARTESIAN_POINT('',(-0.00355132438991241,0.0425789469581827,0.0327642602301301));
#1197=CARTESIAN_POINT('',(-0.00498957323731133,0.041139872304742,0.0331447565666976));
#1198=CARTESIAN_POINT('',(-0.00619523660170584,0.0399334245430384,0.0334050887741896));
#1199=CARTESIAN_POINT('',(-0.00716700608868163,0.0389611453754123,0.0335485105422875));
#1200=CARTESIAN_POINT('',(-0.00790375678930388,0.0382242111024404,0.0336067652495872));
#1201=CARTESIAN_POINT('',(-0.00863340114730588,0.0374952380863889,0.0335844877258918));
#1202=CARTESIAN_POINT('',(-0.00924762291088618,0.0368831638952381,0.0334444653078722));
#1203=CARTESIAN_POINT('',(-0.00970411415977019,0.036433406659301,0.0331457146449765));
#1204=CARTESIAN_POINT('',(-0.00996786818427466,0.0361662181304703,0.0327560218334285));
#1205=CARTESIAN_POINT('',(-0.0100617077089827,0.0360495370718079,0.0322385076034663));
#1206=CARTESIAN_POINT('',(-0.0100621818477258,0.0360598941535939,0.0315330609670912));
#1207=CARTESIAN_POINT('',(-0.00991260577157948,0.0362679903780275,0.0307100240106347));
#1208=CARTESIAN_POINT('',(-0.00959527737715636,0.0366351230558374,0.0297825388205728));
#1209=CARTESIAN_POINT('',(-0.0092097723285895,0.0370542453474024,0.0289098484608311));
#1210=CARTESIAN_POINT('',(-0.00864161612934366,0.0376531528209322,0.0277923636389904));
#1211=CARTESIAN_POINT('',(-0.00817517672060794,0.0381332146460663,0.0269897773087742));
#1212=CARTESIAN_POINT('',(-0.00785729981534176,0.0384584901524435,0.0264672691387472));
#1213=CARTESIAN_POINT('',(-0.00785729981533542,0.0384584901524356,0.0264672691387484));
#1214=CARTESIAN_POINT('',(-0.00638087154937266,0.0399028968744402,0.0240943321538518));
#1215=CARTESIAN_POINT('',(-0.00319201450234149,0.0430778251623718,0.0196925046463892));
#1216=CARTESIAN_POINT('',(0.00175314176719078,0.0480128742099973,0.0133628233878573));
#1217=CARTESIAN_POINT('',(0.00678077467910205,0.0530388807010154,0.00716266287439523));
#1218=CARTESIAN_POINT('',(0.010145283028506,0.0564033059579479,0.00305918650639126));
#1219=CARTESIAN_POINT('',(0.0118288056527807,0.0580868930776391,0.00100291200833167));
#1220=CARTESIAN_POINT('',(0.0211068787339279,-0.033695566556883,0.00249963258579882));
#1221=CARTESIAN_POINT('',(0.0209893323456308,-0.0336974351218504,0.00266390617252398));
#1222=CARTESIAN_POINT('',(0.0208716162681857,-0.0337013516123157,0.00306190285203095));
#1223=CARTESIAN_POINT('',(0.0206664202352656,-0.0337084345249678,0.00383732267517332));
#1224=CARTESIAN_POINT('',(0.0205005086818493,-0.0337167356065998,0.00483840126405762));
#1225=CARTESIAN_POINT('',(0.0203763399952803,-0.0337254983527401,0.00604035965700975));
#1226=CARTESIAN_POINT('',(0.0203189788417875,-0.0337353253915734,0.00765422168315626));
#1227=CARTESIAN_POINT('',(0.0204465543649423,-0.0337429402040508,0.00966454207377279));
#1228=CARTESIAN_POINT('',(0.0211047886594991,-0.0337392337918557,0.0120125480175288));
#1229=CARTESIAN_POINT('',(0.0223514619406795,-0.0337244592617471,0.0141067348473178));
#1230=CARTESIAN_POINT('',(0.0241784987392014,-0.0337041335189866,0.0157636410440906));
#1231=CARTESIAN_POINT('',(0.0266074978864526,-0.0336806465371131,0.0164733410684181));
#1232=CARTESIAN_POINT('',(0.0289927599786596,-0.033683916409135,0.0156792322250916));
#1233=CARTESIAN_POINT('',(0.031068671487734,-0.0336973343946792,0.0144719925535885));
#1234=CARTESIAN_POINT('',(0.0331378127927663,-0.033714011574684,0.0132104709409827));
#1235=CARTESIAN_POINT('',(0.035293124605107,-0.0337356794171368,0.0121130625909878));
#1236=CARTESIAN_POINT('',(0.0375832316179583,-0.0337581437957467,0.0113937723089815));
#1237=CARTESIAN_POINT('',(0.0400217168999901,-0.0337698827974375,0.0113005939155931));
#1238=CARTESIAN_POINT('',(0.0431979996406553,-0.0337752703272131,0.0117700811533988));
#1239=CARTESIAN_POINT('',(0.0455140131217793,-0.033776017507119,0.0124850014443117));
#1240=CARTESIAN_POINT('',(0.047042437939663,-0.0337770450393146,0.0129905984933044));
#1241=CARTESIAN_POINT('',(0.047042437939663,-0.0337770450393146,0.0129905984933044));
#1242=CARTESIAN_POINT('',(0.047042437939663,-0.0337770450393146,0.0129905984933044));
#1243=CARTESIAN_POINT('',(0.0470477369519614,-0.0337496297501749,0.0129979337517451));
#1244=CARTESIAN_POINT('',(0.0470504388213158,-0.0337217844276202,0.0130044983538116));
#1245=CARTESIAN_POINT('',(0.0470504388213158,-0.0336934912109089,0.0130102590130122));
#1246=CARTESIAN_POINT('',(0.0470504388213158,0.0215061656571656,0.00249740425534985));
#1247=CARTESIAN_POINT('',(0.0470504388213158,0.0933662287890911,0.108920292307521));
#1248=CARTESIAN_POINT('',(0.0470504388213158,0.0933167988659024,0.108884961888632));
#1249=CARTESIAN_POINT('',(0.0470504388213197,0.0932723664895733,0.108843209482826));
#1250=CARTESIAN_POINT('',(0.0470504388213197,0.0932405757923334,0.108791065192217));
#1251=CARTESIAN_POINT('',(0.0470504388213157,-0.0336934912109089,0.00249740425534985));
#1252=CARTESIAN_POINT('',(0.0336861226303923,-0.0341337712109089,0.0101811935007572));
#1253=CARTESIAN_POINT('',(0.046610158821316,-0.0341337712109089,0.0101811935007567));
#1254=CARTESIAN_POINT('',(0.0466101588213161,-0.0341337712109089,0.0123941485158697));
#1255=CARTESIAN_POINT('',(0.0466101588213161,-0.0341337712109089,0.0123941485158697));
#1256=CARTESIAN_POINT('',(0.0451214055657023,-0.0341337712109089,0.0119122236006397));
#1257=CARTESIAN_POINT('',(0.0428561665180063,-0.0341337712109088,0.0112485983794147));
#1258=CARTESIAN_POINT('',(0.0397683116685773,-0.034133771210909,0.0108567702269835));
#1259=CARTESIAN_POINT('',(0.0373997241692225,-0.0341337712109089,0.0109954690200604));
#1260=CARTESIAN_POINT('',(0.0351792050627675,-0.0341337712109089,0.0116918277867917));
#1261=CARTESIAN_POINT('',(0.0330757546058389,-0.0341337712109089,0.012740961352102));
#1262=CARTESIAN_POINT('',(0.0310640345374835,-0.0341337712109089,0.0139571979825547));
#1263=CARTESIAN_POINT('',(0.0293813530943305,-0.0341337712109089,0.0149524268596316));
#1264=CARTESIAN_POINT('',(0.0279308273797451,-0.0341337712109089,0.0155721730406809));
#1265=CARTESIAN_POINT('',(0.0267647687137298,-0.0341337712109089,0.0158389311700909));
#1266=CARTESIAN_POINT('',(0.0255767183222792,-0.0341337712109089,0.0157239015480155));
#1267=CARTESIAN_POINT('',(0.0241040228972569,-0.0341337712109089,0.0151084323089204));
#1268=CARTESIAN_POINT('',(0.0226319618142765,-0.0341337712109089,0.013754925148698));
#1269=CARTESIAN_POINT('',(0.0214511912469359,-0.0341337712109089,0.0117021473342883));
#1270=CARTESIAN_POINT('',(0.0208545439196022,-0.0341337712109089,0.00941316393821408));
#1271=CARTESIAN_POINT('',(0.020755635176532,-0.0341337712109089,0.00745628556997819));
#1272=CARTESIAN_POINT('',(0.0208287047344497,-0.0341337712109089,0.00589153529094608));
#1273=CARTESIAN_POINT('',(0.0209594754274318,-0.0341337712109089,0.00472231340384554));
#1274=CARTESIAN_POINT('',(0.0211377857176022,-0.0341337712109089,0.00375877639499076));
#1275=CARTESIAN_POINT('',(0.021315256412889,-0.0341337712109089,0.00309194068334817));
#1276=CARTESIAN_POINT('',(0.0214649605388194,-0.0341337712109089,0.00273040700489697));
#1277=CARTESIAN_POINT('',(0.021591281985404,-0.0341337712109089,0.00257927230079918));
#1278=CARTESIAN_POINT('',(0.0216480073765862,-0.0341337712109089,0.0025));
#1279=CARTESIAN_POINT('',(0.046610158821316,-0.0336934912109089,0.0101811935007567));
#1280=CARTESIAN_POINT('',(0.047042437939663,-0.0337770450393146,0.0129905984933044));
#1281=CARTESIAN_POINT('',(0.04701547957742,-0.0339165184456784,0.0129532808682352));
#1282=CARTESIAN_POINT('',(0.0468621656071316,-0.034088775340775,0.0127411388378372));
#1283=CARTESIAN_POINT('',(0.0466947005929486,-0.0341337712109089,0.0125103792081886));
#1284=CARTESIAN_POINT('',(0.0466101588213161,-0.0341337712109089,0.0123941485158697));
#1285=CARTESIAN_POINT('',(0.0472589658515061,-0.0337772439627527,0.013062232185269));
#1286=CARTESIAN_POINT('',(0.0472806748095487,-0.0341337712109089,0.0129966496180845));
#1287=CARTESIAN_POINT('',(0.0473947966722527,-0.0341337712109089,0.012651888496279));
#1288=CARTESIAN_POINT('',(0.0457370336073922,-0.0337758321114605,0.0125587345930038));
#1289=CARTESIAN_POINT('',(0.0457563959376043,-0.0341337712109292,0.0124933615469893));
#1290=CARTESIAN_POINT('',(0.045872953270721,-0.0341337712109089,0.0121481321480646));
#1291=CARTESIAN_POINT('',(0.0434647702799395,-0.033775510518043,0.0118404043943798));
#1292=CARTESIAN_POINT('',(0.0434779943525463,-0.0341337712109043,0.0117737477863916));
#1293=CARTESIAN_POINT('',(0.0435742873373681,-0.0341337712109089,0.0114204885016503));
#1294=CARTESIAN_POINT('',(0.0403571183033217,-0.0337705729726207,0.0113352177310627));
#1295=CARTESIAN_POINT('',(0.0403590526183479,-0.0341337712109098,0.0112699094702966));
#1296=CARTESIAN_POINT('',(0.040400035856911,-0.0341337712109089,0.0109018581759068));
#1297=CARTESIAN_POINT('',(0.0380271337327439,-0.0337611984040944,0.0113359656605608));
#1298=CARTESIAN_POINT('',(0.0380077151758713,-0.0341337712109087,0.0112791149544214));
#1299=CARTESIAN_POINT('',(0.0379742031731428,-0.0341337712109089,0.0108994178753076));
#1300=CARTESIAN_POINT('',(0.0357962684872307,-0.0337409705441669,0.0119146376453853));
#1301=CARTESIAN_POINT('',(0.0357627679356356,-0.034133771210909,0.0118810606005962));
#1302=CARTESIAN_POINT('',(0.0356395868843198,-0.0341337712109089,0.0115026253476423));
#1303=CARTESIAN_POINT('',(0.0336696533029822,-0.0337190656186225,0.0129116198653199));
#1304=CARTESIAN_POINT('',(0.0336425753952732,-0.0341337712109089,0.012898866394701));
#1305=CARTESIAN_POINT('',(0.0334581919946781,-0.0341337712109089,0.0125255530040159));
#1306=CARTESIAN_POINT('',(0.0316105092997637,-0.0337012769319768,0.0141353660970038));
#1307=CARTESIAN_POINT('',(0.0315940691027221,-0.0341337712109089,0.0141364826920891));
#1308=CARTESIAN_POINT('',(0.0313779989898656,-0.0341337712109089,0.0137617680597826));
#1309=CARTESIAN_POINT('',(0.0298718751344802,-0.0336894065285665,0.0151873464301392));
#1310=CARTESIAN_POINT('',(0.0298687666353676,-0.0341337712109089,0.0151935986112788));
#1311=CARTESIAN_POINT('',(0.0296548618890996,-0.0341337712109089,0.0148030536286201));
#1312=CARTESIAN_POINT('',(0.0283486104654847,-0.0336829987286805,0.0158899285469455));
#1313=CARTESIAN_POINT('',(0.0283508742093689,-0.0341337712109089,0.0159004816846416));
#1314=CARTESIAN_POINT('',(0.0281879377200673,-0.0341337712109089,0.0154786698904253));
#1315=CARTESIAN_POINT('',(0.0270718207052949,-0.0336817825783427,0.0162574131156119));
#1316=CARTESIAN_POINT('',(0.0270751399876029,-0.0341337712109089,0.016269202046176));
#1317=CARTESIAN_POINT('',(0.0270050936522156,-0.0341337712109089,0.0158150604347978));
#1318=CARTESIAN_POINT('',(0.0256819420926825,-0.0336902420683318,0.0162141102764077));
#1319=CARTESIAN_POINT('',(0.0256858840636886,-0.0341337712109089,0.0162181208200883));
#1320=CARTESIAN_POINT('',(0.0257751364852444,-0.0341337712109089,0.0157750488729034));
#1321=CARTESIAN_POINT('',(0.0244118003355897,-0.0337020760777034,0.0157404185651687));
#1322=CARTESIAN_POINT('',(0.0244201808684014,-0.0341337712109089,0.015735219124914));
#1323=CARTESIAN_POINT('',(0.0246203287110477,-0.0341337712109089,0.0153479896659265));
#1324=CARTESIAN_POINT('',(0.0233233221268034,-0.0337134174126476,0.0149887706370668));
#1325=CARTESIAN_POINT('',(0.0233392373726547,-0.0341337712109089,0.0149770917986882));
#1326=CARTESIAN_POINT('',(0.0236117489242222,-0.0341337712109089,0.0146527961164694));
#1327=CARTESIAN_POINT('',(0.0221272204844274,-0.0337272277522026,0.0137517555258009));
#1328=CARTESIAN_POINT('',(0.0221588707550511,-0.0341337712109089,0.0137404619848949));
#1329=CARTESIAN_POINT('',(0.0224865910652787,-0.0341337712109089,0.0134918472614942));
#1330=CARTESIAN_POINT('',(0.0210471046400617,-0.0337398773096002,0.0119026651233513));
#1331=CARTESIAN_POINT('',(0.0210886947124606,-0.0341337712109089,0.011893958426447));
#1332=CARTESIAN_POINT('',(0.0214569007038027,-0.0341337712109089,0.0117332539579641));
#1333=CARTESIAN_POINT('',(0.020408317264292,-0.0337427445515754,0.00943554790982232));
#1334=CARTESIAN_POINT('',(0.0204515005661046,-0.0341337712109089,0.00942639484891345));
#1335=CARTESIAN_POINT('',(0.0208455915136787,-0.0341337712109089,0.00937952787681123));
#1336=CARTESIAN_POINT('',(0.0203143589433337,-0.0337338607360661,0.00736551932919353));
#1337=CARTESIAN_POINT('',(0.0203514528285384,-0.0341337712109089,0.00735813358280397));
#1338=CARTESIAN_POINT('',(0.0207535226334616,-0.0341337712109089,0.00736448833225332));
#1339=CARTESIAN_POINT('',(0.0204014251573512,-0.0337232840721915,0.00571742679550693));
#1340=CARTESIAN_POINT('',(0.020429513180581,-0.0341337712109089,0.00571628292253469));
#1341=CARTESIAN_POINT('',(0.0208392895284473,-0.0341337712109089,0.00575576394987985));
#1342=CARTESIAN_POINT('',(0.0205240262351545,-0.0337155109427839,0.00469214248575372));
#1343=CARTESIAN_POINT('',(0.0205452028210267,-0.0341337712109089,0.00469262961677338));
#1344=CARTESIAN_POINT('',(0.0209598823783288,-0.0341337712109089,0.0047542459221347));
#1345=CARTESIAN_POINT('',(0.0206708925740561,-0.0337086545570212,0.00387160958619297));
#1346=CARTESIAN_POINT('',(0.0206854778616709,-0.0341337712109089,0.00387341759645202));
#1347=CARTESIAN_POINT('',(0.021101881380686,-0.0341337712109089,0.00395915860834687));
#1348=CARTESIAN_POINT('',(0.0207850356677411,-0.0337041403613222,0.00336341169458241));
#1349=CARTESIAN_POINT('',(0.0207953453690229,-0.0341337712109089,0.00336520529895915));
#1350=CARTESIAN_POINT('',(0.0212139234091798,-0.0341337712109089,0.00346799047354881));
#1351=CARTESIAN_POINT('',(0.0208943230920915,-0.0337006491945522,0.00299453724266097));
#1352=CARTESIAN_POINT('',(0.0209010840095148,-0.0341337712109089,0.00299649717067901));
#1353=CARTESIAN_POINT('',(0.0213126093586453,-0.0341337712109089,0.00312845907140063));
#1354=CARTESIAN_POINT('',(0.0209631688991178,-0.0336986230142605,0.00278755307331215));
#1355=CARTESIAN_POINT('',(0.0209679825730259,-0.0341337712109089,0.00278921603085128));
#1356=CARTESIAN_POINT('',(0.0213794832787145,-0.0341337712109089,0.00293705687691987));
#1357=CARTESIAN_POINT('',(0.0210303541295932,-0.0336970910496962,0.00264021881482911));
#1358=CARTESIAN_POINT('',(0.0210335685345026,-0.0341337712109089,0.00264173137411757));
#1359=CARTESIAN_POINT('',(0.0214225931456851,-0.034133771210909,0.002833333316281));
#1360=CARTESIAN_POINT('',(0.0210601739913891,-0.0336963654557125,0.00257097975886388));
#1361=CARTESIAN_POINT('',(0.0210627176505968,-0.0341337712109089,0.00257230477761774));
#1362=CARTESIAN_POINT('',(0.0214537568544628,-0.0341337712109089,0.00277305231738543));
#1363=CARTESIAN_POINT('',(0.0211155256059078,-0.0336954196117554,0.00248644823676858));
#1364=CARTESIAN_POINT('',(0.0211170563407392,-0.0341337712109089,0.00248761241735308));
#1365=CARTESIAN_POINT('',(0.0214671311770367,-0.0341337712109089,0.00275247278583734));
#1366=CARTESIAN_POINT('',(0.0211230225585586,-0.0336954248321959,0.00247840921709954));
#1367=CARTESIAN_POINT('',(0.0211246261894988,-0.0341337712109088,0.00247947147594481));
#1368=CARTESIAN_POINT('',(0.0214888867617985,-0.0341337712109089,0.00272271363186925));
#1369=CARTESIAN_POINT('',(0.0211833254648488,-0.0336946062869832,0.00239171575668503));
#1370=CARTESIAN_POINT('',(0.0211842337465945,-0.0341337712109088,0.00239236151555307));
#1371=CARTESIAN_POINT('',(0.0215350353355863,-0.0341337712109089,0.00265758768397488));
#1372=CARTESIAN_POINT('',(0.021272538696769,-0.0336936136969078,0.00226893844573823));
#1373=CARTESIAN_POINT('',(0.02127271314888,-0.0341337712109104,0.00226890469763164));
#1374=CARTESIAN_POINT('',(0.0216353430931273,-0.0341337712109089,0.00251791327713517));
#1375=CARTESIAN_POINT('',(0.0213629517580568,-0.0336925064367413,0.00214177666005437));
#1376=CARTESIAN_POINT('',(0.0213621936174745,-0.0341337712109021,0.00214114100090513));
#1377=CARTESIAN_POINT('',(0.0217210059910414,-0.0341337712109089,0.00239798581898191));
#1378=CARTESIAN_POINT('',(0.0214201286280133,-0.0336918295060931,0.00206187447086084));
#1379=CARTESIAN_POINT('',(0.0214187721394448,-0.0341337712109089,0.00206090384027193));
#1380=CARTESIAN_POINT('',(0.0217781830174957,-0.0341337712109089,0.00231807902060475));
#1381=CARTESIAN_POINT('',(0.0469965969549583,0.0937155752202805,0.109089751770388));
#1382=CARTESIAN_POINT('',(0.0472006410081355,0.0935821364861921,0.109047924521391));
#1383=CARTESIAN_POINT('',(0.047298774145353,0.0935646386524113,0.108821533038902));
#1384=CARTESIAN_POINT('',(0.0469414084945449,0.0936077267420731,0.109064551179477));
#1385=CARTESIAN_POINT('',(0.0471339121863965,0.0934797992871871,0.109014865755758));
#1386=CARTESIAN_POINT('',(0.0472216693467779,0.0934545200027049,0.108796578482407));
#1387=CARTESIAN_POINT('',(0.0468672637188665,0.0934532562758105,0.109036846521394));
#1388=CARTESIAN_POINT('',(0.0470139589106727,0.0933062424811219,0.108972906896161));
#1389=CARTESIAN_POINT('',(0.0470567873178648,0.0932345921161561,0.108768885100319));
#1390=CARTESIAN_POINT('',(0.0465611462370138,0.0932487932489182,0.109127934296097));
#1391=CARTESIAN_POINT('',(0.046743077190623,0.0930536604638292,0.109102687478857));
#1392=CARTESIAN_POINT('',(0.0467780105513732,0.0929482692812488,0.108859614540263));
#1393=CARTESIAN_POINT('',(0.0462753799366637,0.0929727848821328,0.109217999539996));
#1394=CARTESIAN_POINT('',(0.0464671032239148,0.0927767059325844,0.109198091619239));
#1395=CARTESIAN_POINT('',(0.0464992240454793,0.0926642632494072,0.108949030267076));
#1396=CARTESIAN_POINT('',(0.0458912979208623,0.0926075185880126,0.109341319327442));
#1397=CARTESIAN_POINT('',(0.0460895836169585,0.0924024499391514,0.109330602250649));
#1398=CARTESIAN_POINT('',(0.0461252213054312,0.0922881622506449,0.109071576871104));
#1399=CARTESIAN_POINT('',(0.04541626494562,0.092138009424045,0.109487776224984));
#1400=CARTESIAN_POINT('',(0.0456191564419254,0.0919325180661621,0.109479717786359));
#1401=CARTESIAN_POINT('',(0.0456562770561171,0.0918178178203536,0.10921714477078));
#1402=CARTESIAN_POINT('',(0.0446551597234662,0.0913840398931038,0.109705837123642));
#1403=CARTESIAN_POINT('',(0.0448604263286266,0.0911749766929506,0.109701638502919));
#1404=CARTESIAN_POINT('',(0.0449028071113453,0.0910634110780421,0.109434004895696));
#1405=CARTESIAN_POINT('',(0.0437041632783475,0.0904358299387965,0.109947452927962));
#1406=CARTESIAN_POINT('',(0.0439118161212331,0.0902267306834868,0.10994448325062));
#1407=CARTESIAN_POINT('',(0.0439580038040792,0.0901180989229497,0.109674428391262));
#1408=CARTESIAN_POINT('',(0.0425611097909134,0.089295031267751,0.11019452782307));
#1409=CARTESIAN_POINT('',(0.0427697983221277,0.0890850665545395,0.110192712614582));
#1410=CARTESIAN_POINT('',(0.0428208910708189,0.0889807185936391,0.109920397911007));
#1411=CARTESIAN_POINT('',(0.0414159216379284,0.088151066759042,0.110403899798089));
#1412=CARTESIAN_POINT('',(0.0416254427785831,0.0879408778585314,0.110402625272863));
#1413=CARTESIAN_POINT('',(0.0416806156089137,0.0878403227020109,0.110128883458956));
#1414=CARTESIAN_POINT('',(0.0398863004935269,0.0866226432639036,0.110637760065481));
#1415=CARTESIAN_POINT('',(0.0400961451203492,0.0864117375783464,0.110637058936327));
#1416=CARTESIAN_POINT('',(0.0401567762577379,0.0863164295284629,0.110361772470458));
#1417=CARTESIAN_POINT('',(0.0379669963893196,0.0847043094682997,0.110852495517263));
#1418=CARTESIAN_POINT('',(0.0381772779913324,0.0844929732668075,0.110852128794014));
#1419=CARTESIAN_POINT('',(0.0382437291807353,0.0844034311844859,0.110575586643532));
#1420=CARTESIAN_POINT('',(0.0356637392662355,0.0824019474722522,0.110998881940646));
#1421=CARTESIAN_POINT('',(0.0358745047973796,0.0821902744452844,0.110998752075749));
#1422=CARTESIAN_POINT('',(0.0359472606471144,0.0821070977879686,0.110721188044596));
#1423=CARTESIAN_POINT('',(0.0325964357454756,0.0793356301148771,0.111054289331067));
#1424=CARTESIAN_POINT('',(0.0328072375323275,0.0791230705350842,0.111054371719087));
#1425=CARTESIAN_POINT('',(0.0328886306209995,0.0790486916627072,0.110775923516504));
#1426=CARTESIAN_POINT('',(0.0287692955204243,0.0755094581638826,0.110867721186047));
#1427=CARTESIAN_POINT('',(0.0289802688612509,0.0752961491950636,0.110867819590494));
#1428=CARTESIAN_POINT('',(0.0290724644810626,0.0752328038971088,0.110589264491056));
#1429=CARTESIAN_POINT('',(0.0249339702212834,0.0716746511165133,0.110297058335686));
#1430=CARTESIAN_POINT('',(0.0251466118713722,0.0714625325170232,0.110297543146294));
#1431=CARTESIAN_POINT('',(0.025250402891922,0.0714108316555433,0.110020170758665));
#1432=CARTESIAN_POINT('',(0.0219015330809727,0.0686416526128844,0.109526119675096));
#1433=CARTESIAN_POINT('',(0.0221139643876022,0.0684299108024484,0.10952669822159));
#1434=CARTESIAN_POINT('',(0.0222320362815907,0.0683920270001045,0.109253475066627));
#1435=CARTESIAN_POINT('',(0.0196492916983035,0.0663880629950595,0.108744173073819));
#1436=CARTESIAN_POINT('',(0.0198621850836163,0.0661781606277722,0.108745588223813));
#1437=CARTESIAN_POINT('',(0.0199933489814905,0.066152518109073,0.108477651733858));
#1438=CARTESIAN_POINT('',(0.0174394399778459,0.0641741737392127,0.107678793465077));
#1439=CARTESIAN_POINT('',(0.0176514197600673,0.063967341165672,0.107680506626685));
#1440=CARTESIAN_POINT('',(0.0178014077559348,0.0639583916858038,0.10742513521796));
#1441=CARTESIAN_POINT('',(0.0156774000688136,0.062404058056105,0.106433400251724));
#1442=CARTESIAN_POINT('',(0.0158899164222009,0.0622058110417466,0.106441272323597));
#1443=CARTESIAN_POINT('',(0.0160618184835278,0.0622146499538256,0.10620417529872));
#1444=CARTESIAN_POINT('',(0.0144212253497974,0.0611253837453443,0.105056230025493));
#1445=CARTESIAN_POINT('',(0.0146217525461039,0.0609364721010513,0.105064540141921));
#1446=CARTESIAN_POINT('',(0.0148227897006375,0.0609652620048194,0.104876565452803));
#1447=CARTESIAN_POINT('',(0.0136201840601953,0.0602862472999157,0.103735664300524));
#1448=CARTESIAN_POINT('',(0.0138098188903,0.0601217449655374,0.103761190012794));
#1449=CARTESIAN_POINT('',(0.014024512229048,0.0601528596565294,0.103628685262153));
#1450=CARTESIAN_POINT('',(0.0132412265259044,0.0598158340713921,0.102361238573425));
#1451=CARTESIAN_POINT('',(0.0133867582682567,0.0596867393416761,0.102406473724792));
#1452=CARTESIAN_POINT('',(0.0135801606077381,0.059683423943303,0.102349618076906));
#1453=CARTESIAN_POINT('',(0.0131664628648935,0.0596053601343581,0.101205345569225));
#1454=CARTESIAN_POINT('',(0.0132411424588065,0.059533303661243,0.101230685775423));
#1455=CARTESIAN_POINT('',(0.0133381886380092,0.0594884895288206,0.101227463802575));
#1456=CARTESIAN_POINT('',(0.0131944293311351,0.0595482630449659,0.100620863934521));
#1457=CARTESIAN_POINT('',(0.0132166061280338,0.0595259794941418,0.100623925868356));
#1458=CARTESIAN_POINT('',(0.0132387829424102,0.0595036959615605,0.10062698776797));
#1459=CARTESIAN_POINT('',(0.0132184990281145,0.0595342889958898,0.100331252048262));
#1460=CARTESIAN_POINT('',(0.0132184990281145,0.0595342889958898,0.100331252048262));
#1461=CARTESIAN_POINT('',(0.0132184990281145,0.0595342889958898,0.100331252048262));
#1462=CARTESIAN_POINT('',(0.0309315826851842,0.0772473726529359,0.0271862469186364));
#1463=CARTESIAN_POINT('',(0.0309315826851842,0.0772473726529359,0.0271862469186364));
#1464=CARTESIAN_POINT('',(0.0309315826851842,0.0772473726529359,0.0271862469186364));
#1465=CARTESIAN_POINT('',(0.0315431352070262,0.0778945626806864,0.027511102010611));
#1466=CARTESIAN_POINT('',(0.0315618951712187,0.0778767446935507,0.0275113451113435));
#1467=CARTESIAN_POINT('',(0.0315806551293278,0.0778589267003298,0.0275115882167284));
#1468=CARTESIAN_POINT('',(0.0327289784121954,0.0791704914617507,0.0283360124025176));
#1469=CARTESIAN_POINT('',(0.032821646052375,0.0791326021992338,0.0283592378885997));
#1470=CARTESIAN_POINT('',(0.0328563240680493,0.07903777292562,0.0283655371376323));
#1471=CARTESIAN_POINT('',(0.0348085689179054,0.0813877109464985,0.0307637185702699));
#1472=CARTESIAN_POINT('',(0.034997712346674,0.0813095667314824,0.0308433536669651));
#1473=CARTESIAN_POINT('',(0.0349741487145882,0.0810905233379142,0.0308682275762524));
#1474=CARTESIAN_POINT('',(0.0365746754701041,0.0832188364439655,0.0349061574045802));
#1475=CARTESIAN_POINT('',(0.0367462974208393,0.083060054694696,0.0349619359429075));
#1476=CARTESIAN_POINT('',(0.0366961735753906,0.0828298230009336,0.0349840632150049));
#1477=CARTESIAN_POINT('',(0.0374810340059033,0.0841514071243237,0.0404712186566965));
#1478=CARTESIAN_POINT('',(0.0376580496723888,0.0839717406171252,0.0404919109981338));
#1479=CARTESIAN_POINT('',(0.0375887500165944,0.0837271129935441,0.0404996331598292));
#1480=CARTESIAN_POINT('',(0.0376027727006038,0.0842851137041204,0.0460485232671356));
#1481=CARTESIAN_POINT('',(0.0377826942307107,0.0840965563650247,0.0460606966918994));
#1482=CARTESIAN_POINT('',(0.0377049430729693,0.0838480425525056,0.0460387216356107));
#1483=CARTESIAN_POINT('',(0.0371587812483595,0.0838484594678399,0.0516468088254953));
#1484=CARTESIAN_POINT('',(0.0373421580744601,0.0836561625754814,0.051653500987575));
#1485=CARTESIAN_POINT('',(0.0372617603834433,0.0834069133616306,0.0516054662840238));
#1486=CARTESIAN_POINT('',(0.0362631934404423,0.0829585705809455,0.0570450744683179));
#1487=CARTESIAN_POINT('',(0.0364490996664724,0.0827633194314738,0.0570514853227406));
#1488=CARTESIAN_POINT('',(0.0363696765582034,0.0825163946462626,0.0569756948818991));
#1489=CARTESIAN_POINT('',(0.0348879430339981,0.0815908284366239,0.0623490347808479));
#1490=CARTESIAN_POINT('',(0.035075865470595,0.0813903056066222,0.0623586320949116));
#1491=CARTESIAN_POINT('',(0.0350013191276211,0.0811500796082197,0.0622448730738436));
#1492=CARTESIAN_POINT('',(0.0329096469112758,0.0796219314620102,0.0671752329962352));
#1493=CARTESIAN_POINT('',(0.0331025299750873,0.0794173315974109,0.0671809378096602));
#1494=CARTESIAN_POINT('',(0.0330402860351335,0.0791918821714906,0.0670219710912326));
#1495=CARTESIAN_POINT('',(0.0302546499521313,0.0769703209278057,0.0714206213744161));
#1496=CARTESIAN_POINT('',(0.0304539244685519,0.0767690489051821,0.0714183866781643));
#1497=CARTESIAN_POINT('',(0.0304080996475645,0.0765601752157358,0.0712321377890878));
#1498=CARTESIAN_POINT('',(0.0273159841536708,0.0740288312823969,0.0751240914890986));
#1499=CARTESIAN_POINT('',(0.0275178824716435,0.073833178649063,0.0751179073097013));
#1500=CARTESIAN_POINT('',(0.0274791853494504,0.0736295376984582,0.0749279695094354));
#1501=CARTESIAN_POINT('',(0.0243445415611332,0.0710506026082277,0.0787386898593158));
#1502=CARTESIAN_POINT('',(0.0245451162374062,0.0708605377757047,0.0787301144877138));
#1503=CARTESIAN_POINT('',(0.0245068602413846,0.0706542710250504,0.0785499334542927));
#1504=CARTESIAN_POINT('',(0.0214641463017294,0.0681608654317878,0.0824724391792147));
#1505=CARTESIAN_POINT('',(0.021661646320744,0.0679771634843827,0.0824611395850084));
#1506=CARTESIAN_POINT('',(0.0216225363893848,0.0677663839124331,0.0822969806365471));
#1507=CARTESIAN_POINT('',(0.0187287004861619,0.0654127000373273,0.0863685185100457));
#1508=CARTESIAN_POINT('',(0.0189218796640729,0.0652375785234464,0.0863536165491966));
#1509=CARTESIAN_POINT('',(0.0188823893324749,0.0650221036807735,0.0862105932404517));
#1510=CARTESIAN_POINT('',(0.0166235599097344,0.063290423564034,0.089816694780872));
#1511=CARTESIAN_POINT('',(0.0168094816898498,0.0631254378030221,0.0897957475439983));
#1512=CARTESIAN_POINT('',(0.0167719919136199,0.0629072111874416,0.0896812273515551));
#1513=CARTESIAN_POINT('',(0.0151263221939857,0.0617666778111083,0.0927678024458963));
#1514=CARTESIAN_POINT('',(0.0152942912501694,0.0616110316660873,0.092753155771063));
#1515=CARTESIAN_POINT('',(0.0152705617338289,0.0614018216385604,0.0926613627062327));
#1516=CARTESIAN_POINT('',(0.0141330150957029,0.0607384887689436,0.0951397349657652));
#1517=CARTESIAN_POINT('',(0.0142872120853851,0.0606050998452071,0.0951119719630018));
#1518=CARTESIAN_POINT('',(0.0142730206652871,0.0604042974845558,0.0950642472472884));
#1519=CARTESIAN_POINT('',(0.0135106167625239,0.0600571689583458,0.0972387684952146));
#1520=CARTESIAN_POINT('',(0.0136315401374185,0.0599526823853398,0.0972023135453451));
#1521=CARTESIAN_POINT('',(0.0136477594485986,0.0597890819893481,0.0972006645182127));
#1522=CARTESIAN_POINT('',(0.0132360205699942,0.0596799759964059,0.0989826247953541));
#1523=CARTESIAN_POINT('',(0.0132985046220289,0.0596221364471089,0.0989633796727768));
#1524=CARTESIAN_POINT('',(0.0133377126185049,0.0595437659734422,0.0989710239559435));
#1525=CARTESIAN_POINT('',(0.0132037652321419,0.0595641314546812,0.0998978327789135));
#1526=CARTESIAN_POINT('',(0.0132244254832473,0.0595435417290241,0.099895809711488));
#1527=CARTESIAN_POINT('',(0.0132450857312267,0.0595229520000938,0.0998937866628673));
#1528=CARTESIAN_POINT('',(0.0132184990281145,0.0595342889958898,0.100331252048262));
#1529=CARTESIAN_POINT('',(0.0132184990281145,0.0595342889958898,0.100331252048262));
#1530=CARTESIAN_POINT('',(0.0132184990281145,0.0595342889958898,0.100331252048262));
#1531=CARTESIAN_POINT('',(0.0309315826851526,0.077247372652928,0.0271862469186262));
#1532=CARTESIAN_POINT('',(0.0309315826851525,0.0772473726529279,0.0271862469186261));
#1533=CARTESIAN_POINT('',(0.0309315826851524,0.0772473726529278,0.0271862469186261));
#1534=CARTESIAN_POINT('',(0.0300192855502786,0.0763832567802028,0.0267277919222848));
#1535=CARTESIAN_POINT('',(0.0300422994687246,0.0763591488169166,0.0267275095752598));
#1536=CARTESIAN_POINT('',(0.0300653133948009,0.0763350408612583,0.0267272272260973));
#1537=CARTESIAN_POINT('',(0.0281115804745542,0.0745449236073767,0.0261161823616997));
#1538=CARTESIAN_POINT('',(0.0281444077097299,0.0744616374822044,0.0261103714016703));
#1539=CARTESIAN_POINT('',(0.0282282252121702,0.0744336563645338,0.0260897963565321));
#1540=CARTESIAN_POINT('',(0.0242195598735177,0.0707217510353582,0.0257052553561727));
#1541=CARTESIAN_POINT('',(0.0242752424119062,0.0705915964604115,0.0257048863410749));
#1542=CARTESIAN_POINT('',(0.0243907902444465,0.0705495343739085,0.0256345682425926));
#1543=CARTESIAN_POINT('',(0.0194058332147861,0.0659412025620974,0.0261485754518269));
#1544=CARTESIAN_POINT('',(0.0194896048070807,0.0658055958823519,0.0261538103882138));
#1545=CARTESIAN_POINT('',(0.0195928310592096,0.0657377060533461,0.0260517236530171));
#1546=CARTESIAN_POINT('',(0.0146401887680683,0.0611922251753103,0.0271965369326033));
#1547=CARTESIAN_POINT('',(0.0147494673982835,0.0610652888124606,0.0271987542723264));
#1548=CARTESIAN_POINT('',(0.0148328908532786,0.0609719119134361,0.0270873373772213));
#1549=CARTESIAN_POINT('',(0.0108386797880685,0.057399675767424,0.0282475544704095));
#1550=CARTESIAN_POINT('',(0.0109579837532621,0.0572737325360213,0.0282484085188725));
#1551=CARTESIAN_POINT('',(0.0110337946626046,0.057170262978262,0.0281315912903793));
#1552=CARTESIAN_POINT('',(0.00799529818312319,0.0545617651701738,0.029112859982524));
#1553=CARTESIAN_POINT('',(0.00811789049094717,0.0544335987050936,0.029113612729947));
#1554=CARTESIAN_POINT('',(0.00819189068971414,0.0543269302214185,0.028992770640477));
#1555=CARTESIAN_POINT('',(0.00515935777620498,0.051730651655955,0.0300291925014776));
#1556=CARTESIAN_POINT('',(0.00528451317454886,0.0516001887117303,0.0300299382402827));
#1557=CARTESIAN_POINT('',(0.00535745871780613,0.0514913587679827,0.0299053582159806));
#1558=CARTESIAN_POINT('',(0.00232536080072557,0.0489014435996334,0.0309720865132947));
#1559=CARTESIAN_POINT('',(0.0024527718368091,0.0487684152007829,0.0309729013924268));
#1560=CARTESIAN_POINT('',(0.00252541377654696,0.0486582837799093,0.030844349925913));
#1561=CARTESIAN_POINT('',(-3.90393275096816E-5,0.0465416140565457,0.0317558221279826));
#1562=CARTESIAN_POINT('',(9.12130319982999E-5,0.0464068226984411,0.0317564342431864));
#1563=CARTESIAN_POINT('',(0.000163462307649024,0.0462954456380219,0.0316241161841418));
#1564=CARTESIAN_POINT('',(-0.0019372434652204,0.0446481324887233,0.0323595930238431));
#1565=CARTESIAN_POINT('',(-0.00180363143893258,0.0445119359194945,0.0323598812937553));
#1566=CARTESIAN_POINT('',(-0.00173167692912351,0.0443994926583169,0.0322235667987376));
#1567=CARTESIAN_POINT('',(-0.00336555823996978,0.0432242413958417,0.0327916775383591));
#1568=CARTESIAN_POINT('',(-0.00323010654517302,0.0430854148094634,0.0327920619113369));
#1569=CARTESIAN_POINT('',(-0.00315681934937174,0.0429736603513082,0.0326514858449499));
#1570=CARTESIAN_POINT('',(-0.00480134798089687,0.0417943505994811,0.0331899227451848));
#1571=CARTESIAN_POINT('',(-0.00466354955435548,0.0416518985990127,0.0331904448851706));
#1572=CARTESIAN_POINT('',(-0.00458797711304619,0.0415417094378196,0.0330440345984033));
#1573=CARTESIAN_POINT('',(-0.0060085239735676,0.0405942408957787,0.0334759494244866));
#1574=CARTESIAN_POINT('',(-0.00586727906676301,0.0404480619823819,0.033476376511105));
#1575=CARTESIAN_POINT('',(-0.00578912443144083,0.0403398030681811,0.0333231057926766));
#1576=CARTESIAN_POINT('',(-0.00698648883968476,0.0396246420725821,0.0336545365202279));
#1577=CARTESIAN_POINT('',(-0.00684037037339218,0.0394748182678431,0.0336547701998546));
#1578=CARTESIAN_POINT('',(-0.00675927422828548,0.0393690739877689,0.0334933656064429));
#1579=CARTESIAN_POINT('',(-0.00773122178174041,0.0388883811267511,0.0337515662841212));
#1580=CARTESIAN_POINT('',(-0.00758153198110806,0.0387334825224319,0.0337518115628735));
#1581=CARTESIAN_POINT('',(-0.0074954703101792,0.0386325606817409,0.0335820194333584));
#1582=CARTESIAN_POINT('',(-0.00836225008309567,0.0382674070249616,0.0337850440449127));
#1583=CARTESIAN_POINT('',(-0.00820781962299138,0.0381069799733976,0.0337850425582165));
#1584=CARTESIAN_POINT('',(-0.00811539221219842,0.0380126898887265,0.0336055668203081));
#1585=CARTESIAN_POINT('',(-0.00887640088443096,0.0377646326597594,0.0337591622057807));
#1586=CARTESIAN_POINT('',(-0.00871612454297459,0.0375984374826639,0.0337589727174469));
#1587=CARTESIAN_POINT('',(-0.00861477836261042,0.0375140096436523,0.0335694099161878));
#1588=CARTESIAN_POINT('',(-0.00927058755129303,0.0373814422980283,0.0337012089787349));
#1589=CARTESIAN_POINT('',(-0.00910572975256566,0.037208748880207,0.033700419254989));
#1590=CARTESIAN_POINT('',(-0.00899249986269462,0.0371375520316925,0.0335019927990898));
#1591=CARTESIAN_POINT('',(-0.00968536420280616,0.0369810534451316,0.0335706082164928));
#1592=CARTESIAN_POINT('',(-0.0095147684665246,0.0367996337715422,0.0335689493567624));
#1593=CARTESIAN_POINT('',(-0.00937943186605398,0.0367531048499367,0.0333649334325859));
#1594=CARTESIAN_POINT('',(-0.0100492333257582,0.0366314407777047,0.0333493941886124));
#1595=CARTESIAN_POINT('',(-0.00986989909620998,0.0364465202577335,0.0333454877499909));
#1596=CARTESIAN_POINT('',(-0.00969553707443395,0.0364417686786372,0.0331473756770845));
#1597=CARTESIAN_POINT('',(-0.0103160969868515,0.0363595899228398,0.0329569814269669));
#1598=CARTESIAN_POINT('',(-0.0101311040133592,0.0361844719841088,0.0329653372534889));
#1599=CARTESIAN_POINT('',(-0.00990544791552329,0.0362297526728802,0.0328445674073774));
#1600=CARTESIAN_POINT('',(-0.0104512226316031,0.0361909541240544,0.0324364362485502));
#1601=CARTESIAN_POINT('',(-0.0102787347892831,0.0360266054129514,0.032467911727174));
#1602=CARTESIAN_POINT('',(-0.0100381775783736,0.0360821976960106,0.0324573435939218));
#1603=CARTESIAN_POINT('',(-0.0103987488703968,0.0361747808027973,0.0318685246057672));
#1604=CARTESIAN_POINT('',(-0.0102664538153172,0.0360329741569015,0.0318974953686779));
#1605=CARTESIAN_POINT('',(-0.0100736387048708,0.0360361560927794,0.0319291899300409));
#1606=CARTESIAN_POINT('',(-0.0102649052574906,0.0362452958945758,0.0312991462883601));
#1607=CARTESIAN_POINT('',(-0.0101663018423696,0.0361391291063921,0.031313821124521));
#1608=CARTESIAN_POINT('',(-0.0100267052737495,0.0361113316774467,0.0313453903664218));
#1609=CARTESIAN_POINT('',(-0.0100381403679763,0.0364105011768273,0.0306064916274094));
#1610=CARTESIAN_POINT('',(-0.00997292598440487,0.0363380236656266,0.0306165466403529));
#1611=CARTESIAN_POINT('',(-0.00988452662375362,0.0362988244600047,0.0306324523382271));
#1612=CARTESIAN_POINT('',(-0.00970690412224186,0.0366948643247164,0.0298124667119502));
#1613=CARTESIAN_POINT('',(-0.00966479999507345,0.0366491574645654,0.0298162472265922));
#1614=CARTESIAN_POINT('',(-0.00961222136584294,0.036616791718462,0.0298236543865084));
#1615=CARTESIAN_POINT('',(-0.0092748794182013,0.0370924736718662,0.0289266567336508));
#1616=CARTESIAN_POINT('',(-0.00924956429802814,0.0370655132441894,0.0289282897472148));
#1617=CARTESIAN_POINT('',(-0.00922026082383159,0.0370430291870013,0.0289310450529358));
#1618=CARTESIAN_POINT('',(-0.00866594457237527,0.0376706211248614,0.0277975024529296));
#1619=CARTESIAN_POINT('',(-0.00865605991069221,0.0376596191015816,0.027798473493408));
#1620=CARTESIAN_POINT('',(-0.00864499789025229,0.0376497483470332,0.0277978786122511));
#1621=CARTESIAN_POINT('',(-0.00818305781998317,0.0381400716819568,0.0269906092757042));
#1622=CARTESIAN_POINT('',(-0.00817940962006345,0.038136387707708,0.0269906383375673));
#1623=CARTESIAN_POINT('',(-0.00817576141870052,0.0381327037348785,0.0269906674007489));
#1624=CARTESIAN_POINT('',(-0.00785729981533772,0.0384584901524381,0.0264672691387483));
#1625=CARTESIAN_POINT('',(-0.0078572998153376,0.038458490152438,0.0264672691387483));
#1626=CARTESIAN_POINT('',(-0.00785729981533747,0.0384584901524379,0.0264672691387482));
#1627=CARTESIAN_POINT('',(0.0119028464042145,0.0582772004406614,0.00085176766668689));
#1628=CARTESIAN_POINT('',(0.0119321592799147,0.0582478655857011,0.000851751225413052));
#1629=CARTESIAN_POINT('',(0.0119573746726273,0.0582154706937902,0.000845874694454543));
#1630=CARTESIAN_POINT('',(0.010207087349409,0.0565815667869547,0.00292290276697649));
#1631=CARTESIAN_POINT('',(0.0102364305973177,0.0565521405601701,0.00292292489448066));
#1632=CARTESIAN_POINT('',(0.0102617204690645,0.0565197045382856,0.00291698718678154));
#1633=CARTESIAN_POINT('',(0.00681313084714808,0.0531876438293506,0.00706098062825414));
#1634=CARTESIAN_POINT('',(0.00684265854120824,0.0531583724511367,0.00706079947874466));
#1635=CARTESIAN_POINT('',(0.00686780169728413,0.0531257593290992,0.00705506905561636));
#1636=CARTESIAN_POINT('',(0.00175218383031273,0.0481243874871817,0.0133069614515629));
#1637=CARTESIAN_POINT('',(0.0017815878387194,0.0480973258826588,0.0133054883789117));
#1638=CARTESIAN_POINT('',(0.00180479777759503,0.0480649981277278,0.0133015126825647));
#1639=CARTESIAN_POINT('',(-0.00239932081966424,0.0439662295552735,0.0186095772675592));
#1640=CARTESIAN_POINT('',(-0.00237252909297099,0.0439432171332064,0.0186070891281751));
#1641=CARTESIAN_POINT('',(-0.00235237556911365,0.0439141591113218,0.0186055610688805));
#1642=CARTESIAN_POINT('',(-0.00560305783805616,0.0407458561068039,0.0229980324351694));
#1643=CARTESIAN_POINT('',(-0.00558493531646867,0.0407309169656343,0.0229957421184506));
#1644=CARTESIAN_POINT('',(-0.00557122382519244,0.0407116927891346,0.0229962898783803));
#1645=CARTESIAN_POINT('',(-0.00713667713880146,0.039195238919486,0.0252832753104561));
#1646=CARTESIAN_POINT('',(-0.00712856866887088,0.0391872078828902,0.0252832124057201));
#1647=CARTESIAN_POINT('',(-0.0071204602019096,0.0391791768433787,0.0252831494988634));
#1648=CARTESIAN_POINT('',(-0.00785729981533792,0.0384584901524385,0.0264672691387481));
#1649=CARTESIAN_POINT('',(-0.00785729981533738,0.0384584901524385,0.0264672691387477));
#1650=CARTESIAN_POINT('',(-0.00785729981533685,0.0384584901524385,0.0264672691387472));
#1651=MECHANICAL_DESIGN_GEOMETRIC_PRESENTATION_REPRESENTATION('',(#205),
#1652);
#1652=(
GEOMETRIC_REPRESENTATION_CONTEXT(3)
GLOBAL_UNCERTAINTY_ASSIGNED_CONTEXT((#1653))
GLOBAL_UNIT_ASSIGNED_CONTEXT((#1656,#1655,#1654))
REPRESENTATION_CONTEXT('tall chair','TOP_LEVEL_ASSEMBLY_PART')
);
#1653=UNCERTAINTY_MEASURE_WITH_UNIT(LENGTH_MEASURE(2.E-5),#1656,
'DISTANCE_ACCURACY_VALUE','Maximum Tolerance applied to model');
#1654=(
NAMED_UNIT(*)
SI_UNIT($,.STERADIAN.)
SOLID_ANGLE_UNIT()
);
#1655=(
NAMED_UNIT(*)
PLANE_ANGLE_UNIT()
SI_UNIT($,.RADIAN.)
);
#1656=(
LENGTH_UNIT()
NAMED_UNIT(*)
SI_UNIT($,.METRE.)
);
#1657=PRODUCT_DEFINITION_SHAPE('','',#1658);
#1658=PRODUCT_DEFINITION('','',#1660,#1659);
#1659=PRODUCT_DEFINITION_CONTEXT('',#1666,'design');
#1660=PRODUCT_DEFINITION_FORMATION_WITH_SPECIFIED_SOURCE('','',#1662,
 .NOT_KNOWN.);
#1661=PRODUCT_RELATED_PRODUCT_CATEGORY('','',(#1662));
#1662=PRODUCT('tall chair','tall chair','tall chair',(#1664));
#1663=PRODUCT_CATEGORY('','');
#1664=PRODUCT_CONTEXT('',#1666,'mechanical');
#1665=APPLICATION_PROTOCOL_DEFINITION('international standard',
'ap242_managed_model_based_3d_engineering',2020,#1666);
#1666=APPLICATION_CONTEXT('managed model based 3d engineering');
ENDSEC;
END-ISO-10303-21;
